"Step","Name: Prod-EDAC-pretrainAC20-hopper-medium - eval/normalized_score_mean","Name: Prod-EDAC-pretrainAC20-hopper-medium - eval/normalized_score_mean__MIN","Name: Prod-EDAC-pretrainAC20-hopper-medium - eval/normalized_score_mean__MAX","Name: Prod-EDAC-pretrainBC20-hopper-medium - eval/normalized_score_mean","Name: Prod-EDAC-pretrainBC20-hopper-medium - eval/normalized_score_mean__MIN","Name: Prod-EDAC-pretrainBC20-hopper-medium - eval/normalized_score_mean__MAX","Name: Prod-EDAC-noLN-hopper-medium - eval/normalized_score_mean","Name: Prod-EDAC-noLN-hopper-medium - eval/normalized_score_mean__MIN","Name: Prod-EDAC-noLN-hopper-medium - eval/normalized_score_mean__MAX","Name: Prod-EDAC-hopper-medium - eval/normalized_score_mean","Name: Prod-EDAC-hopper-medium - eval/normalized_score_mean__MIN","Name: Prod-EDAC-hopper-medium - eval/normalized_score_mean__MAX"
"10","26.884294985027655","25.746352393615034","27.934337092780993","29.069003293389525","26.97219546868694","32.191136980931375","4.129083538393975","1.2560942417584038","9.72823953346025","1.7414585567037257","1.5152866141352717","2.1324521068740205"
"21","31.61508192362395","27.235686797343533","37.69204327409168","36.99076491501611","34.38556618119438","38.89468528976226","7.894630142271822","7.82920939181083","7.947182457065554","6.351502597368298","1.649380306356536","9.11768931605234"
"32","41.34098159828897","38.76299780171077","46.059095725305085","36.139335430518564","28.004021875258992","41.213133148445635","5.528256502677124","2.61487321246014","6.989329566800526","8.053937388565666","2.8704256918545097","11.122251858856991"
"43","48.05924652989779","35.82985317054705","54.71782354050824","51.67663644534591","48.66391639264702","53.63006287863808","2.0418113638785473","1.9204068303792983","2.226172557104106","11.430860115078483","10.907592791735173","11.708879603530377"
"54","40.47951566447592","29.901890002450575","50.44475671921505","45.406944480125325","29.901890002450575","54.55720099948523","2.75050312726756","2.272154730203683","3.449243769388319","10.818039611165593","4.126546943273967","14.219781135538359"
"65","50.915266547495044","39.490942230338234","57.413453195358805","48.91510508792802","39.490942230338234","63.04294364082456","2.2314314339111747","2.08161875128704","2.5069136723667915","15.622630531330634","4.359664597616023","21.522353226845393"
"76","48.46046073672499","46.06463305879805","51.62270950848315","52.38470994832054","46.06463305879805","56.20350916206506","9.306497517858448","2.31741839575336","15.217100200997393","23.377008784329078","21.25271367602696","27.00570594507723"
"87","46.627753540014886","43.17880560601903","48.592991674317396","47.74271361055941","43.01225650434475","52.10442098762528","9.331197898434954","5.71710484302538","12.759957702427869","23.063261453199544","21.973970801854442","24.68414619195245"
"98","53.867966104349","52.935313046312714","54.996347602694264","57.22180723966443","54.996347602694264","59.35840724550049","31.71145934734106","6.119225394387639","66.97376075097648","18.716525441836378","7.547733283933918","28.62883928799343"
"109","55.25220466395703","54.308076232472935","55.772239736695894","55.70013040066534","52.568574428828526","58.759577036471605","19.00434726238979","2.625505343611787","33.72925148997513","11.939513448646963","2.279788575333381","18.218634375511886"
"120","55.25220466395703","54.308076232472935","55.772239736695894","50.93626071186784","48.77562825889172","54.25638286644461","18.786694223560158","2.6005974935148273","30.865062210136948","29.25726500754638","21.90190483066426","35.96130054529271"
"131","55.25220466395703","54.308076232472935","55.772239736695894","50.02341328343051","45.17249354000183","52.71743988554847","14.895177676688128","2.4040573373770897","23.328349177795666","24.471381360153497","18.96805820965814","31.75486293648877"
"142","55.25220466395703","54.308076232472935","55.772239736695894","46.83695385350537","36.015327112465314","54.865472895473395","17.856290226910527","15.075515204121729","19.625785499071114","23.010597949166755","20.6200274208632","26.013074366755188"
"153","55.25220466395703","54.308076232472935","55.772239736695894","46.00058882968272","29.15874773151478","60.20066865622981","22.089536543403188","20.965548681215346","24.0540942871666","29.062560273676116","21.644665870162978","34.58315047645085"
"164","55.25220466395703","54.308076232472935","55.772239736695894","50.22544036570412","41.219993209347294","57.14145792861295","22.284694894481703","20.173186550256496","24.50065750273556","22.214410876384715","19.13803928791757","25.526510732635305"
"175","55.25220466395703","54.308076232472935","55.772239736695894","58.45461392147285","56.65676502077607","61.46036532774908","19.270875278658476","9.963161863283025","29.19536702421384","27.22245911271887","20.872807953424516","34.67394520798131"
"186","55.25220466395703","54.308076232472935","55.772239736695894","56.54317620171968","53.37821316011923","60.64699558680087","24.5709719432694","23.702684302071724","26.222487210508643","24.52541256078776","23.114611766433832","26.14478325796062"
"197","55.25220466395703","54.308076232472935","55.772239736695894","48.855578442792385","42.7677277219657","53.72135771772654","20.29550536770959","2.820567218755918","34.06998546808217","27.298122021215875","21.935149915885162","37.74084273925481"
"208","55.25220466395703","54.308076232472935","55.772239736695894","56.70075072905964","55.018265575648584","58.73271733823556","16.636183088856697","5.067459081664554","22.82542506656321","27.86763566972415","25.76741556845851","31.058982565445383"
"219","55.25220466395703","54.308076232472935","55.772239736695894","57.62304617441182","53.80675631968904","60.94566753092961","28.310642997708545","25.5963361527084","30.026468557151617","27.04779498383915","23.500675140431213","32.31813770246443"
"230","55.25220466395703","54.308076232472935","55.772239736695894","37.518882571304125","27.95032264510133","51.51307883177367","13.78412601380568","2.7280556432428553","23.37586776847794","38.55458808001949","37.29059897349957","39.353097036052205"
"241","45.06250373373819","15.720314339762277","101.41647602981327","31.620194130017385","30.390642702723106","33.92716169702022","13.512940791068859","2.851861272888356","23.83436451098061","52.96238716177817","40.06273092002778","70.32788522172942"
"252","71.90961359886096","17.17476520569","101.83387663573207","32.89049271882704","31.205353220331624","33.978351726552496","13.998055440881984","2.719785249671747","23.831604263206902","47.063549088533186","45.81536235515426","48.49665574004458"
"263","70.16629594281736","42.311498039682235","101.35303735024311","34.52262487905996","32.08423180085855","38.9128766237868","24.204783798170507","21.446766456911416","26.738284264444985","59.66185980129592","48.10452360545971","78.96436937477266"
"274","81.6899693812587","43.91891133826899","101.45294636641901","34.394203648321785","33.80823890942035","34.69681563011373","22.370445327827355","2.640666274513267","33.35994710157761","48.454587744567824","34.23545207817851","76.81487021245127"
"285","95.14423020181577","84.2351776523265","101.59653659093593","37.92844514656585","33.51658195077254","40.766894790202784","21.900622737416587","3.001782554439756","32.52360637630939","96.5831207680626","92.76594915913452","101.75602201578728"
"296","98.71037050690875","97.60916358371463","99.88015379424677","33.99136980028986","32.192250323892964","35.78491616994819","16.968257894964424","3.039564576971801","24.16751470638495","77.94533788780986","48.36547708157023","99.85296189044232"
"307","98.5866021738161","97.24812619638305","100.46897949154148","34.97837290560489","32.99480554249325","36.30289522126624","19.124415650483584","2.438516729749357","35.42326381658872","78.23460048138914","33.6400718495725","101.31722254260862"
"318","97.33874280958923","94.15964407050906","100.0883071904938","35.22464541393992","32.52981559567741","37.433601580857214","19.331818905323342","2.507758931894269","33.061574792992865","68.60475099188825","43.06631752148486","102.35617029819977"
"329","98.1551910060074","96.19281196153358","100.03779515498137","32.254882169290134","31.11965975770562","34.24930814260078","38.24930254144293","33.838987436079194","43.14898604084241","37.38796249122908","35.23829238219675","41.4865600419046"
"340","98.15503852054614","95.12839261898417","100.32024502786751","34.58807003707455","33.87778748249244","35.12394323234646","23.213139678408776","2.6301764844467255","35.04667828963322","43.49259716864268","36.68493409385132","56.560283862210305"
"351","99.22111009867547","97.03207556943052","100.48045060089888","35.63616238477021","34.88878786427021","36.87608355763713","31.064020171416583","5.559349189858004","48.677241787269374","40.35288014880097","39.459790869796834","41.28723550719643"
"362","98.00427472141125","96.38393434564517","100.44451079734404","32.37515515695563","26.813010975883742","35.640424589701304","22.71831450433993","2.7050494268629555","37.07855519182468","47.033583376119076","38.663438214745284","58.99853864891419"
"373","98.95994688250194","97.12050289422908","100.1721987208752","32.64997649978462","27.60140291821408","36.78932653788304","34.752762456007126","22.619000777296293","46.4878566986122","51.9484020407912","41.91917679363458","60.103835106009136"
"384","98.04350681969123","95.3597603040156","99.5668903200814","31.409949425088726","29.333642101243072","33.05940239245807","18.145122202743945","2.867190067021108","27.907898954978997","55.365373464555695","53.479888275140866","56.652345968683164"
"395","99.8639976735116","98.553865962487","100.56442188750881","30.3030167710801","27.304884124843074","32.33269609320995","60.13893991174981","47.547599998391895","77.36874200891523","54.94943550436898","40.00327726795827","63.71893499892993"
"406","99.9803791506161","98.64267458440553","100.67477949153132","30.038052530674793","27.417865131394173","34.316424958906524","38.43021900328902","21.779956825690984","62.709784183216904","61.61911133226082","48.69341135687213","71.51205097306816"
"417","100.3596680918256","99.42033542192311","101.69146841253685","30.127315840351326","22.37096821950747","34.93361687612161","55.99445620968674","36.178425363076386","72.77299040482669","42.056230067191194","37.345436980381926","46.96083517858552"
"428","96.60075544114555","87.5762631809433","101.33346386251988","30.96228473053927","22.43604307098342","37.1387556212391","32.18805357223081","10.626811936853109","44.5074069804255","50.97482818398876","46.26107004297128","54.51335682683025"
"439","95.78867373983935","86.13648702218515","101.25663426710507","35.161798385524754","33.55282837954387","37.72233724313694","53.058295335268404","44.76640005358048","59.01735843159613","52.10764064696638","43.25238797339949","64.17104823174611"
"450","100.76450372066375","100.71864683613589","100.83923546778847","28.373371286941808","23.429054889334854","33.79767997438063","50.76726148564209","45.243075379898066","59.34244032131435","53.40223241654806","49.14818784947797","58.86432444458262"
"461","100.86723803228756","99.92426908666297","102.67311646821422","35.67663941222163","33.39818309654682","37.523594110039156","71.37970533385682","53.042946848155225","87.74859255084812","51.389183983137436","47.43660685646997","59.21476110109667"
"472","100.4546928064518","100.15963568617308","100.88915007340574","44.9857653042579","41.417026388495344","47.01076190613055","30.12725557337623","4.894124774262368","73.31387379621627","45.46890455940337","40.35730160117559","54.50578613799202"
"483","100.6410801843487","98.77627574817468","102.66034652220972","69.32484707300733","47.60879484512401","88.61566023652149","12.477852109237261","12.056116389094447","13.091781246470001","50.396481908604876","45.70902615215368","57.6060067829914"
"494","100.8584417474492","99.8673205326893","102.5981059225697","35.49239184626379","29.529920047507197","41.57440846255669","28.13479681874998","12.197216163291698","59.38763106563069","54.426173798000185","44.794973458132226","67.12623799848129"
"505","85.33369001516228","57.07068111609733","99.61572824517575","39.67123870252622","29.497937213775504","51.07907130312919","55.381597467383365","39.93221759892986","75.58812217186811","49.33805810820801","42.52034144801023","58.235963079221975"
"516","101.62571281517954","99.42658898377641","103.00978060714506","35.319238908386616","32.30635449865394","36.97511527609514","49.22845836389115","13.358798235718762","70.88839062116635","49.49877179838817","42.37423775301956","62.490515997001765"
"527","101.29030484967556","100.6345061428452","101.88928780432516","37.55186793409411","36.29950115784597","38.20950761509495","33.176593272716225","12.472744203337383","73.97188742992239","53.69546521640996","50.00110131766847","57.05928401472978"
"538","101.5171191804315","100.38479220455133","102.29345522699396","34.48439778337503","32.921786740017566","35.27419491424699","12.345017857963606","4.799331865628451","19.64933584953241","52.26907209713094","46.95024839989367","60.03632449441218"
"549","101.76358485679047","101.15063599638738","102.6147362598135","39.219319238749165","38.082345858454076","40.27996327087503","11.852308247831177","10.721803545952941","12.790118940724202","53.43144766411384","47.866282564591714","64.37170737032305"
"560","101.18470850190847","100.06250915187113","102.15895367607595","42.238862822488876","39.08138590068137","46.072276624331366","18.963366141114516","3.6285130764568967","40.53467100271231","50.404174502186414","45.585340308332896","56.29791815358889"
"571","101.46668758034825","99.27542897237849","103.45888677274361","46.22532544607674","37.57957815615124","55.61838969739451","12.592832560183224","12.147281786079379","12.839982253817556","48.12652432070245","38.7988355823526","55.76893401855797"
"582","101.14168198412263","98.10607193663824","102.77409649559142","63.160260417500346","36.89665559213285","94.03160294891146","12.603719190088919","12.23925460078004","13.057512015119224","69.47716294071152","39.30717243035541","103.53505862390917"
"593","101.21015000284274","99.02373904973726","102.88669005040103","61.58420508610212","41.540865800268655","80.92731683553293","12.381939807694037","12.273743307824395","12.473683879648126","75.68517765347345","39.21986660985003","95.63973320162215"
"604","99.97723178407004","96.95352739296536","101.75412199221128","53.019776255591616","38.79047197171113","62.87451434390108","12.542177810361627","12.423502159936032","12.76060638921933","78.31642144822831","40.899116464019095","102.87563493694051"
"615","99.89975882615266","97.28018120132722","102.77526212252133","69.77673803977832","52.29107129611382","102.07826390229516","25.009141845817002","12.248057990532374","49.47929444733769","59.124866552924686","38.72115904285768","85.36614555704207"
"626","101.53475569571746","100.76622240560042","102.09720657141278","71.46011519456933","46.65032957225401","87.10207247760033","28.441027869397974","12.06274243732955","60.373005274816684","71.40431853941179","57.634146963844685","87.77450199364618"
"637","101.44627054316653","100.34556278396484","102.07564175970482","69.45288096140047","47.23572878492645","103.05875000519498","29.546748696071816","12.06243842654688","51.66437463856537","75.32659607779719","55.14554647606765","101.64263004239719"
"648","102.08951195961828","101.05422339443366","103.18285621815826","74.51858696810137","45.85581704352485","103.2579314615097","16.339057003834345","11.983942126207072","24.04827418416543","47.833440524275176","42.62315356459486","53.98716577863365"
"659","101.41795839728859","101.02019363385016","102.09657285006706","94.33693437810435","77.9463398749174","102.95897844121899","12.101409372900287","11.476890449076347","12.817925355026365","101.30775525446609","98.89081550751641","102.79851515317989"
"670","101.42874599129861","101.02097716616683","101.82414173399859","64.30546635644987","58.140140672179925","74.58581305333922","10.851256194077886","7.763908334022355","12.74571579261785","82.67330904236913","41.76568943244667","103.46461254116223"
"681","101.59666298018458","100.14112695645161","102.70666873946678","66.57483389475438","48.52589622442283","77.51807950599348","12.084988958446411","11.61299451025204","12.652318189810057","100.96693757949838","98.5679321769147","102.50437743860326"
"692","101.89531523257754","101.53424186954574","102.38438691037342","78.3629203526382","55.94084201106996","94.18674408298489","24.975393336652587","12.480450173425933","49.9652697240974","82.07605991430104","51.71480142561533","103.59752344965725"
"703","101.80399300267563","101.66750303660385","101.8789279858797","53.241044479303774","51.262342066213364","56.11901460411228","12.658422451363473","12.425879557671358","13.046440341613788","71.76834346078338","41.18829604956998","97.1747738037757"
"714","102.44784751838921","101.8378540657403","103.57797341210441","61.86695214118075","51.38578898028256","69.32884809694237","12.503217207169383","12.358848856370022","12.604989580679757","75.06181820681803","58.172897098552355","89.68206313125548"
"725","102.12466455240246","101.26379639149107","102.81666205441863","54.21678580818017","45.180662382559774","63.777645330419546","11.87335708484954","11.424004361513934","12.165644664715582","81.24642188714593","59.51917697182845","103.00630416605716"
"736","102.15022387898392","101.4952690128095","102.55505011836263","60.05419540096876","51.77273902701686","74.14478019204563","12.2788813169131","12.172293207865941","12.481889625290233","76.59152089269988","43.591936668796805","98.87441848242418"
"747","101.80464468783073","101.28748786036627","102.31844009492103","72.73382892767883","58.09316249986789","88.31511009534181","12.246495971999693","12.142232988269766","12.429490604768585","91.8705776456988","70.13173749545469","102.80738808215801"
"758","102.2611871976918","101.51203935650841","102.90460992833569","81.45457823703306","75.51864583338102","84.56837651539621","13.677076399639944","10.292271777161073","18.246461445646595","75.6235989013027","42.13109524597054","94.92128906727172"
"769","102.3036057096012","101.3263041442498","103.08010465640746","64.99305262895956","56.04991934373847","75.7139177893117","31.230898662536934","12.415284656529469","68.6603372194237","71.0835774247815","53.483170410769844","82.5934126348713"
"780","102.16742380979137","101.36343110008256","102.57585779896324","69.78079359033377","52.264262505396346","102.48388561339846","50.88536932887348","16.389013390945863","76.87449531134345","73.95332399587774","58.36295482431183","84.0437088858132"
"791","102.15338816971361","101.44379981648889","102.64063693342385","87.48657571289203","77.32426044971135","99.53893085169946","17.1680465213475","12.277109975143132","26.48609188060791","97.50532968150843","95.14658232235419","99.12671004397876"
"802","102.40300361528092","101.6807680987788","102.89666077417402","73.56928790017596","53.50517007319604","102.26840880797015","37.49786376062452","6.744160444506262","93.16820620488917","82.01161017705509","66.07451571348209","103.52606151522832"
"813","102.7406297995917","102.63868157720026","102.85133987056952","79.92461612421472","50.24956619459914","102.49615786780274","59.41859689661501","12.367378420378852","91.62193040518261","90.94104806748386","81.58210248220009","103.35019893646582"
"824","102.31260321741361","101.96706916706866","102.77215200918872","95.80211178742711","90.74272534197912","99.02480623975075","45.68340016850137","12.411616933066602","86.67370206018167","91.50792969922861","82.76600217004824","102.35149350528498"
"835","102.1307646521005","101.79049567200516","102.43789223991207","73.77958811643714","56.76102961178922","102.01150196583096","43.012526803912614","12.364906715090857","84.14787744687092","70.93142523685327","49.64390724372654","103.21012619273684"
"846","102.77660579451124","102.67591655917064","102.89345089540238","95.52801626687535","86.42809483866432","102.65736549573907","58.84365835869368","15.428508243827622","82.48390615681464","87.7867210378238","80.82603886129044","98.69431102174106"
"857","102.52005974735766","101.96357069456195","103.1316993327678","94.03812270188519","80.14207732290744","102.59938101480563","72.23339824683704","34.131853846202965","93.1977608491587","85.13768091036157","74.08572587225161","103.48538361059377"
"868","102.64299065600456","101.97071555278583","103.21993702105519","87.96577580518421","60.444874786080916","102.01391170620572","63.25153359747029","12.334273821498204","96.13434044365447","90.04791347800607","63.70387960810609","103.52960167505776"
"879","102.45535253321542","102.03199475132581","102.85290567668628","89.09706938789823","79.34362369283858","102.6118177559315","74.84415508761062","58.03708516279937","94.16878527427305","82.97145448751711","71.27823991212313","101.4335103479556"
"890","102.76037448888873","102.4018728771179","102.96695200200892","102.53500208357791","102.07914891452056","103.03349636757214","57.39038350822091","12.180264409001193","92.07563106765333","101.57884458252988","99.34070546367165","102.8442795430278"
"901","102.3606886980408","101.8767805554391","102.6038164639937","88.1904789953498","62.59681319094496","101.99143571185294","76.69857743787018","55.29414489372114","88.93618675778602","85.3316164708965","69.10731910834086","103.20727523081896"
"912","102.42375144569645","101.38132966150297","103.13870246301053","102.35354264685101","102.00617327161191","102.62540607771548","60.120256305836655","12.192340050967315","95.06943089578456","102.42242723415963","101.12901875054861","103.6958568916461"
"923","102.82845708962695","102.46195905957657","103.11305277711537","92.33048595185592","72.57688800756915","102.32169947753671","71.6106977235239","54.091177307289364","87.97597236822908","88.84022181042378","84.16943395468014","96.01810518352507"
"934","102.66576770766322","102.37719532184116","102.87768949967793","81.59351764982232","70.86826530936722","102.1543472955211","66.23412277018203","54.82695002113984","77.73533115258141","86.89889823746763","81.43588119167612","93.44896204231881"
"945","102.90759155816318","102.83884388588251","103.01896487803258","97.63698132316723","94.05184139683796","102.33124828952171","73.5799455752629","70.86926334806276","78.67504843626767","88.99643272674147","80.52103850113629","98.73500390355133"
"956","102.71676366752315","102.2251894025442","102.98299790044834","88.80097173588052","62.041412982721376","102.32322846775722","79.76120321680303","73.3113536391439","87.90976938804158","97.81186251153025","89.69244351527087","103.22997819012453"
"967","102.50031095677762","102.20083932715681","102.69224861596072","102.59768387284414","102.34556306831534","102.85767711362637","74.01882848980826","64.70144181785757","92.01298928149158","101.51763063254982","99.59430335725845","102.68085617989034"
"978","102.4176725070753","102.10295786151951","102.77046388783178","98.24636708390942","89.44097012782615","102.65855738094422","79.64021861147533","69.67714078113342","85.27283163496872","94.69926615952691","82.28854073265171","102.7550371236644"
"989","102.66570551252055","102.05731560131156","103.04229314844028","89.48094406459118","69.31261317443314","103.09983452596464","76.07570790078694","57.66622118582917","90.68805993499998","98.0406475733772","88.29744111903968","102.92379721487183"
"1000","102.50008601203369","101.98642768135755","103.03292332539995","84.81956200003715","49.792535374899046","102.53857343666523","71.07054523372703","48.17500087554813","85.42936908934584","103.0373631498963","102.90208028605748","103.16026541282515"
"1011","102.14494611344679","101.73267690422112","102.50301037659169","102.14585641630883","102.04752318251019","102.26490131424676","68.31279764302964","44.2335950815109","89.3188035464153","100.90614407562782","99.61792176692424","101.89275727279369"
"1022","102.73590206034102","102.28573258937354","103.08263045041754","102.37829234563326","102.18250662188977","102.54766817863899","82.47133449236884","66.22814489029965","90.60553308568089","101.63690393289532","99.44689802866932","103.07206541554748"
"1033","102.09209118158896","101.43914986004225","102.49801474099233","99.43554820792683","93.44586930559313","102.54374190248727","76.59122915317005","70.9736286605202","80.4432262593257","102.63244240866406","102.38867755149631","103.02154848972881"
"1044","101.27101947257385","98.93859133741518","103.02568088891817","89.14468662383975","62.62614924959392","102.45693234810774","66.22815089933385","44.745747910107674","83.73790442786368","102.89025348752521","102.7590823246331","103.08381180669554"
"1055","102.33306842918766","101.59464964932621","102.7231566980071","102.44160557795908","102.10795302055159","102.63054273213511","71.38634277085605","66.28537670802295","74.17054088801427","102.44408770669254","102.17714825420406","102.64393332889533"
"1066","102.77600081795129","102.70243839763896","102.85606026707956","96.02548387071188","84.24979976766579","102.00273986092927","76.754743881526","71.51230554425148","81.98982713574152","101.91538930087533","100.7335025162021","103.4140569253851"
"1077","102.68580617791014","102.47701691425834","103.02906458156701","102.38214524753683","102.12653357454546","102.82178580950213","78.28986894911131","69.4014086406228","84.08140790984513","100.66824542311373","99.73215897021579","102.12735118096782"
"1088","102.1533802647964","101.96759147635075","102.29674350180906","102.28503956603599","101.83087398791378","102.752389815117","74.1728410484314","54.892785000106834","89.36708176015739","101.42298716762262","101.03638213424911","101.8331333663333"
"1099","102.61534580204409","102.11256491155707","103.01497332214504","102.32744219492241","102.11491731433577","102.51705062574824","75.44876099768273","45.84783226874841","92.7643819916496","102.44206305669354","102.00193172249803","102.7951995882117"
"1110","102.36804659979867","101.70809558905356","103.13122425649208","102.41667271278384","102.15837399895426","102.66410145127804","72.595651052256","47.22030490904605","96.9427755615202","101.57463054615583","100.59648610439407","102.54696326580154"
"1121","102.55347936165055","101.81325544758019","102.95308759326171","102.695443986753","102.61677332098293","102.78948092234714","63.776448320430895","57.72104496178464","66.87372278964344","100.76697122521642","100.1596758475861","101.10364434890573"
"1132","102.46529938949526","102.2194690803333","102.87322158523277","102.29458564957885","101.92207046886647","102.559577135167","79.77161661960406","61.22632264947922","91.05688538471662","100.78094357325655","100.06038621820696","101.55948260403612"
"1143","102.6170734827427","102.3193033401691","102.86344756469764","102.11614103226783","100.59852119538468","102.98254087881772","59.22062771531535","45.82233801374282","73.87612744389179","101.42928916274256","100.7041078555061","102.08850370634966"
"1154","102.35639227463155","101.60215380230593","102.86643694654194","102.66664388868817","102.48268626343652","102.98947546437117","65.75027347616452","41.39970112906234","78.88107807101366","100.39816244440345","99.62385052227376","100.89154962498061"
"1165","102.22516929793228","101.38670799606459","102.64706945354116","102.60639122281168","102.49286950652706","102.80048811364561","67.51003123075351","46.03087352614537","80.61414448610951","101.5228064904894","100.9791702659726","102.41816850201516"
"1176","102.79771856114894","102.51780089572102","102.93787903742218","102.91846380284876","102.75537821724156","103.03179160366003","67.97795515026007","60.26028745593739","80.1463952943454","101.12338217518102","101.0351706885289","101.24174076147894"
"1187","102.65016363744492","102.39720770372926","102.92270173481768","101.92982660621688","100.4103723196054","103.46049849967667","70.00740210711366","51.42247163817168","83.62916263198639","101.17282385624696","100.53714592504305","101.84180412825407"
"1198","102.24800924636283","101.8746046285985","102.72384118448079","101.51565899216364","100.70118466790551","102.20338026347554","69.92537991983603","40.68168049308707","93.32750351602833","102.58873658107306","102.17130617468679","103.26160740926996"
"1209","102.23741906998818","101.89144733553324","102.46741722455465","101.37451245858121","99.74054488812315","102.5150594326974","64.68176404807474","47.33607325911875","77.4266735984823","101.57122782577129","100.26341054178363","102.64009924559446"
"1220","102.6158136612235","102.45073752911189","102.8402632198547","101.05960653316045","100.25953894645254","101.89086002460614","61.31430779818127","54.58488434964295","69.3519053554684","95.70685955760241","86.60448958934828","101.36227884912911"
"1231","102.64649698159985","102.38379192009128","102.83535975952313","101.2454881325878","101.02303407694961","101.64543527178458","74.37302177898235","39.508074016277156","95.1780977079894","102.28391465103505","101.44087455023944","102.9722298135604"
"1242","102.51665800064863","102.22606306365589","102.70500688419577","101.62899890339504","99.88793215862492","102.65554099326701","71.52819070361433","49.57035999895659","88.35372439031948","101.81779886957351","101.40346261375119","102.09260256767526"
"1253","102.59268905690834","102.296377000316","103.0995342796449","101.65556441988058","100.09856050894368","102.55975617913546","55.075453676129904","41.37157280622468","63.851506742452216","102.41668303965783","101.63114927234204","102.94517288933666"
"1264","102.49296566724114","102.23712029602892","102.79226110251152","100.65183882453164","100.31973282329037","101.00730385694456","53.36520838946374","42.2999160472222","65.72224615077485","101.72664755090499","100.90292340860721","102.62031709853241"
"1275","102.64678795955489","102.51198600657756","102.77086622424997","101.53904258653995","101.12577003019824","102.14796969372328","62.56573155385626","49.203729121848546","79.72318371341356","101.05230339976606","100.47344338713198","101.96646813356791"
"1286","102.45283197054334","102.13691696890427","102.71730211630089","102.34517073150725","102.23996019331847","102.50366068686955","58.17491384913637","40.6175678100896","66.99898533555127","99.69129091832002","96.13304202772282","102.23758536003686"
"1297","102.66218105876317","102.36219958308494","102.96738824007721","101.64842474706434","101.22892054966259","102.07129088722291","66.93440211681214","39.96836625853322","91.66648998285118","101.8386364884417","100.92826125213807","102.31739065080677"
"1308","102.14269444603129","101.82644040063079","102.32904670626867","100.93911145845335","100.48855819617452","101.46613991876798","73.2296115261769","52.3095228364276","87.32699765155506","101.92749917660933","101.58162262654145","102.60053182030524"
"1319","102.07708660312299","101.10800082681385","102.5771831080978","101.80274988230816","101.31679182328554","102.20781327612936","59.328718312139266","46.52497783932681","66.29549322530346","99.45479795820783","94.32723013461894","102.70536242454098"
"1330","102.49867933493748","102.03441826637813","102.80781988005057","101.86721871426441","101.37941111721128","102.25396069968215","51.62951697608393","40.332825385412704","71.02347195914965","101.71713241880495","101.2694099995445","102.08463041134999"
"1341","102.61723104593186","102.55032483312456","102.70983916840937","101.75588110684639","100.92774746800538","102.52491325971323","76.21747285972015","68.06638567872788","86.52576530733502","101.7488602937882","100.85333737164851","102.57597474109893"
"1352","102.33650360927969","102.14403956154095","102.48870824233745","101.89515932342982","101.39713894669815","102.26378059931946","48.031284358861676","38.14292944692734","60.04023558737936","101.40563303789303","100.9396894693534","101.8299261350051"
"1363","102.56507986457412","102.06724423727827","103.24209979219879","102.11730425125961","101.78131449236368","102.60095554912125","59.5069369947021","40.82946091563345","84.88938375737087","99.95975228315633","95.03569763622231","102.87483811996808"
"1374","102.51697768585576","102.32328749049569","102.61596350397124","99.76131663058459","95.80382612378031","102.51340752911324","71.71887766640732","43.083849575634034","86.44716119425871","102.39176954374516","101.18585782280209","103.01544348897468"
"1385","102.64934687117113","102.50041861907216","102.78505392041514","101.82673243824773","101.41294635812665","102.25593344966212","67.45666780474082","46.87807581457413","84.47640913850378","100.88899201370835","99.20164296758905","102.07366308102237"
"1396","102.23756145477587","102.03859437973391","102.40373300523545","101.45789561501404","101.28165412059785","101.69358335796616","55.64413767337436","45.172551874294335","72.58574880310239","101.48706591604328","101.0033856955171","101.91366180412788"
"1407","102.55491871035095","102.41623874478198","102.66535175420468","101.0478643484676","99.9773135105183","102.01618454677518","57.94960919137251","48.877699851006035","75.2995149215441","100.73926813542641","99.81606400949734","101.57907569091672"
"1418","102.36774701369332","101.86579800420431","102.83477780567614","101.39054269659596","100.40952459421035","102.42833526300842","46.91557367960135","42.007030999162296","50.67571945679278","101.50061854710066","100.8982454745197","102.28715950447159"
"1429","102.69779907840086","102.61623615591002","102.76717890055636","102.2416090361685","101.59481104273874","102.77506599502583","63.34994636803763","53.09087760072585","71.40664879000084","101.95987405707969","101.7711954728735","102.29759485793363"
"1440","101.98650904841243","101.66565565919208","102.26194608963728","99.89952673553671","95.01960226553982","102.37947115556243","55.65930618316691","41.057478016853615","77.34809746292429","101.23846480742986","99.97112744351924","102.84620599444516"
"1451","102.23501600447402","101.88415263631539","102.4880081363984","101.2925495910851","100.83849330083403","101.86220567775317","57.97570037601687","45.06533345962536","81.91424340510329","100.94979917793125","99.97763098068543","102.23037923406807"
"1462","102.06819818514646","101.61837640033377","102.39778723004858","100.46271603515324","98.36204306256123","102.0333105595167","50.932159836042096","41.78001228061527","58.32993988921595","101.620307384437","100.79015636797835","102.20484216094161"
"1473","101.86421350410394","100.85874014093551","102.3699454580543","101.17191432800333","99.85163541775448","101.95589228808333","59.939339343835854","47.14653170313939","69.45574557227614","100.92649942586063","100.59972704806268","101.27142521779979"
"1484","102.25699380513856","101.81135113236465","102.65398237842749","100.97205747588589","99.56235614972543","102.21323732194995","62.502649173137286","41.34493468711986","78.75012574216538","101.22343093012167","101.007506453812","101.52060284688234"
"1495","102.2475230996642","102.08109492918403","102.33682338198975","90.79864966786512","68.92815089794705","102.58939816970235","56.42785546265924","40.95442072466709","70.81498013568303","98.04732024582835","92.28638996454299","101.38677942701425"
"1506","102.58859065574529","102.2581238720006","102.87710152685558","97.92527195337918","90.07654391243324","101.91871310613537","70.95658317963982","40.72059611481111","96.89476281519889","102.05039741951607","100.88691293630563","102.87113547318214"
"1517","102.81247590562869","102.60603623190886","102.98444669340958","99.67391630744457","95.90928934640058","102.18778062484117","51.70536085332056","42.9723445104208","64.93662012846973","101.8112932320317","100.37320618951487","102.7720795430987"
"1528","102.51005102179317","101.87721783057859","102.93544337514342","102.1790548026786","101.5755410405397","102.57196815028763","72.68386524388029","57.37010486687747","81.38356854010875","101.52560330222502","100.64666805188315","102.69508197395612"
"1539","102.36382972305019","102.08151971540295","102.52751421330777","97.4127259201991","88.91985299134059","101.95235545769889","65.61884188906352","45.532553430237","88.76844241215808","101.21904831201721","100.81010911862352","101.91528035826234"
"1550","102.64036066852077","102.39157225622117","102.92902284904217","96.726577618098","87.17132091744259","102.03825450191424","66.04727984527925","57.44727331843276","72.07792452577974","102.13568138383575","101.71884649469325","102.9536440290049"
"1561","102.08746581917472","102.00201184443283","102.17767501868427","101.5745901275269","101.37959439528467","101.88566951263954","64.25287666682337","60.70852840962973","68.43986256180241","100.38156042048767","99.2017549710417","101.8402200540577"
"1572","102.47245363855257","102.16984525599463","102.6531703089781","101.78249563961765","101.552660062234","102.16019588582542","65.73701582750583","55.58357810170979","80.7598309622978","93.50742517858748","78.23451883111652","101.18238406591618"
"1583","102.1518365666068","101.965124051567","102.46640763177436","99.8230810936642","94.55394062905927","103.04224032585003","61.423563633005934","52.86999619333314","74.0969952251925","102.05764185444468","101.69597157613228","102.62255031201589"
"1594","102.18450084408494","101.63116144292005","102.69110954230935","101.8930589657158","101.5393192027393","102.29729971255856","69.00275421256524","63.930837096002435","78.52289955429379","102.18471457829673","101.7321799581935","102.53983112385268"
"1605","102.29096586397651","102.02517763178882","102.4406889412974","102.10603582570707","101.78575391603833","102.71445315361113","64.58264258561574","40.65307644625901","78.7199083997257","102.72838086348095","102.5782120363953","102.89510376192295"
"1616","102.85428596995833","102.8233784930175","102.88462342443583","100.81806238504218","98.2537382982621","102.27958802429646","58.4661867325024","46.937347235086364","65.42312875482419","101.37731530099263","101.1478218744325","101.76918109387516"
"1627","102.43329015837799","101.84011599912903","102.92254057586699","94.52981083905148","79.03902683762801","102.57873525792067","57.40367723200137","52.256597484827694","62.31069051817218","102.48595643533338","102.31120136812058","102.78874644950054"
"1638","102.46070425341041","102.33649432031095","102.66992340557447","98.80963863734853","92.64971997888378","101.94416069974154","64.25632534490764","46.95839864402102","76.11678414240797","102.11965333733303","101.31408893072029","102.57200729288486"
"1649","102.4859882590476","102.37405575628733","102.61535658043913","102.0912488692062","101.34736482677928","102.49902324729244","55.2114111836188","47.314390347869384","69.97944898822595","101.36669474957732","100.9615869223989","101.83740231414565"
"1660","102.44985009435538","102.2631861365125","102.54851698138627","96.05148870507685","85.68069093383016","102.05708903034323","57.071329999819646","49.514637955065375","68.41131401545627","101.48288564033213","101.23858142990514","101.79996566312869"
"1671","102.49682879150032","101.96542232958566","102.84404879930278","99.50956491669996","95.0445743293309","101.92023435508169","70.40183911650585","40.963153030299225","90.43131564746176","102.34992972585344","101.77147928344563","102.83252109180731"
"1682","102.21865308296886","101.5824591956989","103.06699849751779","96.51838054149884","84.98904769585313","102.32498489758424","57.104575463272674","40.81866578107436","86.91449479165172","102.03584808162383","101.56334992504256","102.3342720961888"
"1693","102.45241218652366","102.32582897747861","102.70140215453257","93.25706520520582","76.70145286423102","102.20057027571576","65.45033727807589","47.69193273141086","75.66138918999354","102.14097075446789","101.568900154524","102.51281500498412"
"1704","102.4424986603844","102.24766941993093","102.79987507499978","86.67325608201917","55.829044695151154","102.1049297785265","51.912929099813404","42.99422504953717","68.06728601641598","101.50922165129377","101.31285415251737","101.71940600489532"
"1715","102.37782261402788","102.06819583469861","102.99693944940073","96.17271891367302","83.64962571050229","102.58533453789434","59.37292760495743","44.53216542726893","77.53225550586998","101.83419203912935","100.64938147627278","102.45860878301801"
"1726","102.14424376611264","102.04139241813672","102.28865061657079","93.67106717163881","76.95626049560215","102.30971138223735","74.76513751230071","55.90597351595092","94.52000663944912","101.95490496107455","101.38379098834244","102.5830465787147"
"1737","102.41000898080601","102.14122857802305","102.92760903876876","96.52702085009373","85.0301451166828","102.32585390178447","59.74870701551665","48.02538428628651","66.51509943047883","101.76948513649741","101.52891125718438","102.24273919496707"
"1748","102.44251783709394","102.03474119254334","102.92294462581292","98.65583033388002","91.76670901139508","102.17736047523704","68.64699196689577","42.26998397377009","87.77716826844546","101.62028796821569","101.10303398244744","102.10951717322828"
"1759","102.37893285237179","102.20498284368257","102.4717073010517","101.93069145749183","101.62134402053782","102.20415159910829","64.72418194204313","40.60727200345478","87.46218301572551","101.84665242321876","101.5496998772568","102.34726793168457"
"1770","101.88280710491567","101.12560424504224","102.41237961141312","92.78949285021923","74.29813380357909","102.72438111116023","84.55818262867798","64.61990120901662","96.73887321919827","99.17287027132174","94.77052456263138","101.40083450822394"
"1781","102.38058490518885","102.04731578483538","102.78045146082479","101.97028122535501","101.8899058782398","102.03342030304444","79.52774370836777","56.94716207216567","94.6737217778565","101.54368683867953","100.99125638148597","102.59438868229957"
"1792","102.44239610494253","102.1674595352475","102.6670471638909","101.06920347855828","99.47952919650561","102.15200095302569","79.90365658108561","76.00417209933921","83.45283014203991","101.8977048017047","101.49514954479665","102.5956417224093"
"1803","102.37507032416777","102.06608788215087","102.70998897948348","97.65570628976621","88.64912787274422","102.72421877011934","65.34424647730783","42.46893268183342","95.0713584354793","102.01615679613492","101.51918854585179","102.27472836872433"
"1814","102.61422334149394","102.27137420344782","102.96315298145404","98.97088315260764","92.27383411313642","102.37685986348268","77.82151853556223","73.21817610099983","83.22607086799422","102.23626882924646","101.89529579588864","102.6047375637065"
"1825","102.29647409645524","101.55879605990182","102.91633235692873","89.75724559863379","65.39798074530955","102.38284817391775","67.75691870682034","57.91990338057493","76.97322975427542","101.34612502026044","100.710209805212","101.7581283679906"
"1836","102.25459952668757","101.70150108954019","102.77720927024018","101.56229981639008","100.48562426135928","102.11829215854712","83.87912013663016","73.335709827756","93.39080001540701","102.08699026788868","101.9839718156974","102.25371571427812"
"1847","102.17836384487448","102.05838541504963","102.38866258630624","102.00828731685242","101.17438004617472","102.70370202413942","74.44995219851388","63.02768531490152","80.93680089068461","101.96345575862347","101.61643214058945","102.5963354833141"
"1858","102.24350642168501","101.60416425051545","102.95739477155485","101.79337670190795","101.5330658372772","102.0605573732337","60.653280945663454","53.628233395225095","66.5089092522541","101.67038160557782","100.55011676441254","102.70987736993463"
"1869","102.49555470063946","102.22173406597533","102.8657330745347","101.36267321574176","99.27372103235484","102.42984441554964","78.84017530519704","62.64366806903642","101.9099352826158","102.69576607463078","102.38516753724282","102.92553449679322"
"1880","102.65489570627801","102.25316715540882","103.23821915726273","102.23713107064198","101.97028711724624","102.50660334342703","78.48442882372082","44.14014434389084","96.63484613081216","101.39822553284712","100.5456360313105","101.8833592727168"
"1891","102.5607697684764","102.31119977696562","102.83704628037185","102.21344029188701","102.17688000229879","102.26752748214086","71.6862301094491","63.84053035382956","86.63309014125483","102.35439248910025","101.94417944949791","102.89573943040679"
"1902","102.32104512156582","102.22158829179776","102.43133358823279","102.1992166982008","101.74810635090067","102.90622823390552","63.31484865874402","45.26477173750827","78.83064397052812","102.34479770710747","102.01115596427962","102.63962419736143"
"1913","102.1383058215954","102.03804639266382","102.30425898347548","101.87599316425326","101.21252352931343","102.3791229842623","81.62667634144832","62.27884110126708","98.22581176271835","101.33518705313712","100.76825668515498","101.98669183062657"
"1924","102.02613488221135","101.32951314490784","102.71131566648094","100.66734826080265","97.51532841178627","102.39053806382736","82.722337949588","70.13781814441145","92.81404001768138","102.23805971395232","101.82312954901997","102.59953274358664"
"1935","102.26324762053993","102.12156662874078","102.49395075183577","101.74469189726803","101.64219035159933","101.82845374870028","80.67271846003617","63.23561650024941","91.95666183712241","102.39616332808801","102.20696058779296","102.60483229409479"
"1946","102.30505097814513","101.98285388747874","102.70593323762634","96.26505073773477","86.22544871789789","101.601548904058","90.59614042218386","84.88303211845087","95.29369624665048","102.21179595520358","102.00914516075521","102.39404298160476"
"1957","102.21816515868731","101.93297220159096","102.49318173675178","98.72539591052937","91.2400542585859","102.55249052728149","74.31488932796589","50.660312314489104","88.02809483150196","102.3556701889824","102.04942396302356","102.63979824436436"
"1968","101.98699136070832","101.63968565819789","102.47885664224282","102.13186418736898","101.99352725543402","102.25470876367984","82.09016588941002","58.57641648537492","98.35273871814584","102.57482170250775","102.10946577121267","102.84179780690204"
"1979","102.31362995607257","102.02941511084674","102.5966788074251","100.24619696105079","97.50917841628623","101.68802398105382","92.68445809740653","84.54009414122083","98.88724562777907","101.67921145878142","101.17375808648592","102.14540871910602"
"1990","102.20590227433661","102.09851449475701","102.28663068234803","102.10738199417783","101.56418879150095","102.41670326964538","91.96455668068914","83.20934322726114","96.55112323378161","102.40542223166581","102.14172193467623","102.75123719182326"
"2001","102.32468479768067","102.18919727161082","102.51457906095213","100.42620679572401","96.65476398520377","102.44215593938577","94.1975269364629","90.03827382597515","101.03348366180622","102.21851650199727","101.6514437903127","102.52180066247065"
"2012","102.30732186445827","101.91872440058674","102.63537469969341","101.24905641117948","100.04569858728368","102.10008243105901","95.7855333044061","91.78804174872633","98.95074313535054","101.48749958459541","101.06375896508123","102.21892905658865"
"2023","102.4319511246044","102.27112994475166","102.62528758427409","102.27063267975456","101.62569261598755","102.7938822794712","72.15403254372886","41.23081332761616","88.0459323744184","102.08194585641489","101.70244198508361","102.3177864957003"
"2034","102.24049762274733","101.96302111342567","102.43706687552601","101.97751683596277","101.70551726696812","102.22349278503735","84.70078359917146","71.02156083485701","92.2775283903452","101.65013353254527","101.17166350622448","102.30352495187726"
"2045","101.97386011063251","101.72090759625448","102.17155445564984","101.76769672470174","101.5618834317926","102.15960295936281","87.34200079206232","82.01507930319502","92.58077736513731","101.72079139817713","100.35017774089947","102.55222611173603"
"2056","102.29507575845041","102.16421804911847","102.51594154362935","101.98242435571309","101.62452115448843","102.18017228304957","79.24589641597619","77.72658065950795","81.5449466112356","101.76953074342241","101.39892996164788","102.33688946231952"
"2067","102.34050595148237","102.14128745275158","102.72020864304818","101.92063576103548","101.70715844461084","102.19319030905697","81.49097655909492","76.74716407210447","87.1710375530644","102.42449565151252","102.3406015056731","102.51982500887357"
"2078","102.368284503363","102.30492130428226","102.45167632970924","101.89192779238681","101.5627864680295","102.44897106471305","93.44994676196838","87.62155744267311","97.8706448958634","101.9892041034554","101.44203819193974","102.6218407382535"
"2089","102.35995715818642","102.1858391398386","102.53072984753592","101.99569177866151","101.71876463190594","102.43856207036761","98.52700324747543","95.57483389502158","100.67655751169787","102.16293614268261","101.83356517607965","102.49302808103252"
"2100","102.6178256678145","102.39038051016799","102.89027594726431","101.85273254847799","101.72170346346012","101.991587347589","84.04859044198096","72.9764069111707","100.84017974268853","102.37316553801253","101.89029266168347","102.92393142633327"
"2111","101.93704001539663","101.74911716509044","102.23802061700692","102.2292413761155","101.62360796819989","102.56179724142626","93.25413934135304","88.51498161657821","98.77647936161529","101.86810911263251","101.363956373615","102.39496353084846"
"2122","102.17152526989442","101.68924917536413","102.44098617355792","101.0227850277107","99.87464901534668","102.0492904909904","92.24847379002648","81.64997474213378","98.5651504412457","101.69674902939158","101.2802166801143","102.07413888789878"
"2133","102.37951537569325","102.14663044469214","102.50196996703978","101.75606433198125","101.34610754442176","101.96248415949658","94.90221851957226","92.11230122619352","99.30517312600895","101.67519800644192","101.2848907705991","101.99481829408879"
"2144","102.40703661881582","102.2421904750839","102.68776932321893","101.70930892487881","101.02740777398819","102.33643033236082","85.76609708236221","71.21147010402439","94.12916102606614","101.62068257832925","100.99387963376157","102.30664857543891"
"2155","102.16197137539312","101.95426469259948","102.52989649160531","101.96743991923505","101.74475225514436","102.22013653604972","92.09943642268543","77.65513972737148","101.19648474770574","101.94116338545257","101.92771829092518","101.95322457586275"
"2166","102.21076307914204","101.87470991180983","102.83501874191498","101.9247280968727","101.65294499305173","102.14708067506551","94.21854829413724","85.18972370034419","99.4082087390263","101.5468926124192","101.0846595512073","101.85143623858121"
"2177","102.26717496329563","102.16670016473162","102.33525921534388","102.27564752480176","101.8798551871396","102.749196774735","88.50527866596933","72.30451860525956","101.03441908845534","102.35262156155564","102.23339057184643","102.4745743974687"
"2188","102.24334306511702","102.1515526377869","102.38946788358508","101.74918865814566","101.67011078334211","101.83003237514494","90.63181727311287","81.16999338956488","100.10791040614333","101.92470777482004","101.64321686942202","102.29908038123958"
"2199","102.13417391930268","101.6508389007273","102.65706049837824","101.3577899409621","101.13584781284472","101.6638101748552","92.51972417060192","87.9933754794162","101.40814870042702","101.95212635929998","101.5326379070589","102.28456873742945"
"2210","102.37213885109641","102.15577461220394","102.55825218102355","100.5934606672392","98.75409050450118","101.64872925041783","97.75323494458253","95.38715355405846","101.95057657789013","102.28224690512593","101.95616287889509","102.44654632187255"
"2221","102.54180607840546","102.31105835236988","102.9848640511196","101.98551276358349","101.3349463832179","102.74725373561319","98.48172364230759","96.66524136505662","100.60718453238454","102.37945362890041","102.03601385798063","102.60072353647067"
"2232","102.06701368342068","101.72608715882019","102.25903936774179","102.23795825653885","101.51297224482376","102.87277792539396","97.97287865198462","92.32303947268322","101.5996569525104","101.85003810536882","101.76485776436962","101.99594855519894"
"2243","102.16544427191404","101.80846308927686","102.35162859016829","102.4921665379865","102.26130900724021","102.66806664092333","97.17233974696592","95.93838848772","98.03861475107185","101.80709971408078","100.92075984782267","102.45067704876513"
"2254","101.86390404115612","101.32228131194199","102.1661535620866","101.82275226026472","100.84067216124726","102.37547870374085","97.3461359260575","89.51856449725207","101.73971239499107","101.57856716735962","100.11577554585638","102.49378970420378"
"2265","102.1851988224253","101.68578093057378","102.68113242405852","102.1302169046848","102.06900870293961","102.24488459777034","88.08112624248899","85.86220625085747","89.7374108363532","101.81319919680926","101.36530523918346","102.14807005574056"
"2276","102.13866817931114","102.09223203910423","102.21589256282896","100.73758376747644","98.3369752993863","102.09875187206465","91.78403013026549","90.30016522684899","92.97286739984735","101.86285758699846","100.92604781964155","102.59594741414708"
"2287","100.85623123368299","97.7990893754585","102.46131278777003","101.57649328490231","100.85835955831726","102.1463010553974","95.80488746431486","83.92521129645529","102.1879474262798","101.92013418086633","101.60205963262631","102.34232584590563"
"2298","102.22910431111454","101.84111052793718","102.46415067206706","101.80202691580858","101.11896207792302","102.2342704582466","93.69110839639033","78.12157300138031","101.88655667349502","102.03117754690722","101.36260393343358","102.38503513655692"
"2309","101.92823505782262","101.80095782834455","102.01421599395368","101.63956337372129","100.67550102809847","102.12568943747988","87.18240715657896","74.23732911710594","94.57154830370003","101.78280194851946","100.85437886096142","102.40182747599488"
"2320","102.48267932256347","102.23081653029607","102.85961288797535","101.84055890060652","101.2817501170673","102.45624394812062","99.39615835013984","98.40017316517643","100.9336991707408","102.14109971171361","101.70713678130853","102.71595419984105"
"2331","102.33509765087445","102.18603912795254","102.46397914134756","101.75200338486587","100.90605745997325","102.18683001743618","95.60523543919503","84.97613935724597","101.21452618573542","101.61364642551156","100.62178666085556","102.6084636158819"
"2342","102.03471374606777","101.68752240451035","102.71020785666369","100.68912039050541","97.44417779578079","102.75785266480266","84.39467406961343","72.00712970652106","101.94733904720309","101.812011352271","101.66257338043556","101.9643765829812"
"2353","102.19477310507664","101.70497027535166","102.64208839146036","101.89050185648698","101.6346742537641","102.36250412419406","97.47286832857469","93.05490059853297","100.87307901193961","101.89195647169736","101.40490391318275","102.55766557861936"
"2364","102.24991111130883","101.98296207100432","102.60701716559792","98.24537842510358","91.56440651070189","101.77784471621183","86.2188364202277","64.78208213344638","100.78919375042375","102.0530863259144","101.6737096570451","102.64303492991652"
"2375","102.23540214925087","102.0488658213948","102.35517558123453","101.70527766747584","101.18660919623423","102.47614500608415","98.88821637452104","96.24946255941467","101.48130051291506","101.8971144458544","101.52539801696167","102.20269257442666"
"2386","102.15864945940598","101.83465791910936","102.41493627136879","102.21315575359502","101.9148907271647","102.51396791474569","97.12129514887164","93.56178348849592","101.368180953507","102.61732442815723","102.60381637434539","102.6242275062236"
"2397","102.11511889916683","100.90328225618556","103.04111461250493","101.69775931027215","101.01400353492242","102.28977643391167","92.25220511378204","75.88702873036604","101.20275332297636","102.0650455764911","101.18569399644069","102.5720516314439"
"2408","101.93187525031986","101.33963655468783","102.39237278851093","102.04847697669146","101.94633735988481","102.12953129319435","99.76766112704608","96.9015888346543","101.94350891944207","102.11002974818678","101.58735825606495","102.70559564745943"
"2419","102.10944993465638","101.45998476909077","102.5598771016347","96.56122455366857","87.49621203444353","101.60496859486076","92.15511890995447","79.54952485332","102.13534121238169","102.35182473867668","101.58270540352949","102.77322553147629"
"2430","102.26203493146765","101.93546542609361","102.45044047658052","102.23718757671993","101.69701789405858","103.2006141049703","95.24902338900063","89.52124179215477","98.83257078152623","101.70735558221752","101.16349657645651","102.17652723014342"
"2441","102.16379435264538","101.60250372256664","102.52433540610764","102.07084513159157","101.75187602896168","102.39071729892672","97.53825765680752","90.73276254824407","101.16168347755733","102.14300276330994","101.61640717398828","102.68711957705705"
"2452","102.0904834753917","101.75899102069579","102.31257296049607","102.23510686479683","102.01184534780865","102.42819565690657","97.2498268707481","90.48377969583773","100.99705583715429","101.40705686474693","100.38737813499522","102.67878568127125"
"2463","102.24755413834653","101.8336487323678","102.49298598850385","101.82781401490301","101.24068452653657","102.13528537664932","101.52695524880873","101.15012118390274","102.1407725713133","102.60895254978925","101.94055116987047","102.94703119213959"
"2474","102.01095912911363","101.60651012599907","102.78839102276484","101.90583917579931","101.51607877304755","102.4184966967503","101.63548110454144","101.49331780410489","101.86568795418096","102.08565539333408","101.71142196496753","102.29022429272412"
"2485","102.15393035585628","101.65382785219617","102.57976822126258","101.95280097187718","101.76499751520942","102.18793918636005","98.22939999302487","90.89238443936942","102.17267832051647","102.2808935249089","101.75680109965347","102.67108416751537"
"2496","102.33887319951727","101.88359498008606","102.89542709679031","101.82491729047865","101.42441280910634","102.16100757854954","100.99211963147896","98.92639138073828","102.20903573736325","102.54546110542384","102.4638672349733","102.63596937698381"
"2507","102.22577694896354","102.08425475459073","102.44865041317594","101.90210938982686","101.43465956974326","102.28949631943735","98.43812726718681","91.64937671423569","102.36197209952223","102.34088706643139","101.65009147444468","102.78636899893971"
"2518","102.08861941939426","101.61648939049478","102.60127108616095","101.79251137231051","100.79580483622942","102.372193071284","101.49890614005983","101.40129105718265","101.58384937059928","102.01045628685618","101.60136830697867","102.63279343523058"
"2529","102.26419558879768","102.09744413560512","102.46251413450523","102.15503317464432","101.60134239100356","102.66423677239395","100.30234357656103","98.89998706753272","101.39712574750737","102.52280354967952","102.25223817718745","103.0267188130513"
"2540","102.20038033944773","102.08604971317529","102.3703548393668","101.4484487341827","100.45081616985249","102.0322515798167","100.70148335435881","98.9473127520788","101.71711648518114","101.7815172937029","101.21499297177454","102.45523856631364"
"2551","101.72335487370333","101.45543877015628","101.91222797966165","100.24805043969718","97.48409552637295","101.71157591737187","101.45348635461657","100.98592381089453","101.88707301552515","102.37056968534948","101.87678855449658","103.07873263865115"
"2562","101.91394708378205","101.64355756287621","102.36614320713237","101.85346085329043","101.52625811643192","102.10899498769768","101.38794264736289","100.48611806089782","101.94883831577178","102.33380798479618","101.1950202209923","103.08370470700304"
"2573","102.25141241302391","101.95446111667887","102.7351459038154","102.68974234854583","102.23557791394575","103.3880592557069","101.51091512848922","100.97631213249375","102.43376294532841","102.04170546569839","101.19305076671914","102.54846392662452"
"2584","102.09885222742984","101.33294332688146","102.4860569967926","101.88049147250281","101.75559307937729","101.98787009518539","100.0026095566177","95.48168839990879","102.69191648541207","102.06107041600904","101.63951906486004","102.37553891212983"
"2595","101.87136424227486","101.56925090404991","102.18500511232254","101.45708666462035","101.07549497302332","101.77833239179674","96.26503415488791","85.86863246527676","101.89366393688168","102.1777330845586","101.93726156138148","102.53877609096335"
"2606","102.06160590668763","101.74285400379696","102.37445345921586","101.81023395756428","100.79474015482846","102.53550919775444","94.28843139023452","81.85425573949207","101.9424792651876","102.36478824050543","102.35656962393193","102.37594203928958"
"2617","101.98564567706444","101.75320483525485","102.2163690658035","101.93045397749627","101.66406030655006","102.28939115149609","101.45690895826245","100.98396392205694","101.8068672734314","102.21573441291984","101.9820896781504","102.55889999888657"
"2628","102.1406091671064","101.65093276038677","102.85790438661093","102.35847615137091","101.99211111256454","102.72351157477422","101.46571041536663","101.03688958329869","101.8265242661148","102.2237010789731","101.25981242652531","102.8216761287232"
"2639","102.2591687554372","102.01190028641797","102.67104774093545","99.74329663185559","95.65004826441967","101.94531655666677","101.59898129573484","100.90183184573552","102.39241446232572","102.0764264913559","101.66497989216319","102.8593785747667"
"2650","101.87438328071953","101.4768403587775","102.35924298037946","101.75312975932972","101.50633388832188","101.99860031333117","101.66961214790142","101.18579823513883","102.05838746691497","102.29831255793079","102.02104869792416","102.77277949217648"
"2661","102.09851576185247","101.69072555917046","102.5733200517916","101.66633061978924","101.19432060213765","102.293399196383","100.04731242741741","96.91994800632679","101.6787831412129","102.66094701462968","102.30525267269002","103.03795904489883"
"2672","102.0182121840232","101.74512378586408","102.30705505742874","96.70575112340403","87.05928661734347","101.65237328651224","98.76321856750899","97.01608667403153","101.75435935120176","102.14661359184606","101.75384203897904","102.50831814213572"
"2683","101.99890899798767","101.31408686804068","102.5657013475316","101.78533021578761","101.66622534658879","101.96762636784665","99.25170246026086","93.7392914026263","102.07924827195122","101.68060394217135","101.06045961393272","102.66894280055617"
"2694","101.59081499059016","101.18446528185004","102.01684761336261","102.20407569887577","101.74323002619363","102.48019639873345","101.68237913697055","101.0574500215968","102.52365596446461","102.07777419627273","101.71011605372907","102.80943431166516"
"2705","101.75247522305949","101.70009337215792","101.83569268141954","101.50689532389613","99.85565402065201","102.46385178796558","101.7946517187223","101.46668407947949","102.20796602679336","102.46062871469348","102.14255100816794","102.67369507591586"
"2716","102.07588157499117","101.5632451831346","102.45067471030639","101.91240526779343","101.24463098831339","102.31978847149887","101.95745330127187","101.68712121752779","102.31614781776496","102.25028484831135","101.95224310845215","102.48624994583331"
"2727","102.07234696586977","101.83772770183637","102.4599627828917","102.18924548852952","101.9324731013523","102.51568870621797","98.08298230350879","96.21109095716318","101.48485952923322","102.4587345564629","101.99114642397527","103.1829588421321"
"2738","101.98665982666311","101.78212856685037","102.2297338258036","102.11867895518373","101.77060423510227","102.33805042209664","101.82401830603426","101.59311430625364","102.12779297973194","102.301463577734","102.08798965159959","102.5155061690175"
"2749","101.87197181514296","101.66896184299092","101.98560409365157","102.03357357015118","101.72533214672254","102.37164275636177","100.6959994007854","98.89920274163016","101.66464464640077","101.87823790800621","101.7866802983124","102.02356405036798"
"2760","102.077981319102","101.79104034605872","102.4668705601695","101.8463268149274","101.36741862135759","102.20212110075235","98.58757442828313","92.30986943358182","101.92947925916238","102.66515146181587","102.21244899364144","103.52567791646102"
"2771","102.02242049267672","101.76263372791703","102.44438193071196","101.71503320170227","101.26237041244005","102.03575318825236","101.31655107015224","101.01128169859858","101.48559821279267","102.26957003694378","101.70609831685503","102.66067838891497"
"2782","102.0875271479635","101.9409591802988","102.16536015606887","101.07691881309624","98.52018199650772","102.44831974535327","96.79756140310593","86.50204908777533","102.03217746204805","102.45782859556512","101.75990521023337","102.90277248650887"
"2793","102.15221154911238","101.98379251848004","102.45480971628157","100.10565648838644","96.77398516129782","101.80815493973907","98.92297669843987","92.98351335677829","102.14989751971507","101.85485718696516","101.60396972342006","102.28400110220346"
"2804","101.86023849989328","101.54783043000981","102.26589973162167","101.85295266624622","101.46207389278722","102.37816250991172","100.23056955316808","98.05101642768088","101.55363203630176","102.16493661824292","101.60425125953581","102.92642075007541"
"2815","101.89853537719858","101.8193455905134","102.02176555431713","101.63801760333861","101.55829590567774","101.68080850402531","97.29267820409193","90.30608309822246","101.99944154512545","102.39134648488806","102.13904176645164","102.78087628158946"
"2826","101.98277209414373","101.63135924688648","102.26532641675645","100.90861995845027","97.60718569719316","102.68796429475876","97.97885941000125","95.5478344695064","101.96433352701781","102.31378940677855","102.1031545720273","102.45991327783779"
"2837","102.15708921012542","101.61515114296026","102.59096467456565","97.70861908564034","89.46702076336821","102.41071199881435","101.30062251404156","100.72115938563272","101.73962428098284","102.29484416954965","101.95146176682485","102.4943549732883"
"2848","101.87639270221848","101.16845374369994","102.4188352022949","101.96000298704","101.2259465577439","102.58314336442342","101.87029991781368","101.67392690762446","102.22707658505226","102.15264933707584","102.03699135074942","102.30119640169889"
"2859","102.08953233195051","102.02469965787118","102.16853581892008","97.60382450082301","88.66966113011976","102.69595053091982","101.22112313243497","100.87451296679305","101.89834705665879","102.23055266430423","101.55150746207492","103.00337607989005"
"2870","101.8798275767136","101.71783135761498","102.07174551495999","101.95601429985486","101.60402782731558","102.35936446827621","101.72151686540538","101.55767742717413","101.93245661408864","102.20868077052205","101.60063315351945","102.68260935410835"
"2881","102.01878562809166","101.86818648513648","102.11693288742056","102.10328349529412","101.7131917121584","102.72674324046184","101.27864625731507","99.54380841914528","102.29366855644354","102.18317108834403","101.93967122776401","102.55144873748846"
"2892","102.01448571562385","101.55646797880175","102.67141616064623","88.81601382219533","62.14962410707324","102.31107778786578","101.2679461492347","100.3154364306474","101.7853983305005","102.40984568644008","102.24137554933695","102.610791446744"
"2903","101.69490109232379","101.46592836480076","101.98951585606504","101.6394904849576","100.7567722136065","102.16456370788943","101.38363393204742","101.10587907699147","101.7706165400134","102.1508584503553","102.10563345767369","102.18107698856346"
"2914","102.10822020523993","102.00358284858565","102.23595781354632","102.15214642509352","101.71005745821377","102.54127959409213","101.86472176142699","101.64975930166425","102.01603087448143","102.33137930611595","102.10071823827786","102.48088270586788"
"2925","102.14559765293491","101.73917672203643","102.41266867935806","97.53329863854218","88.7621763482416","101.9737868468236","101.92001664133618","101.78485608733851","102.0292645024908","101.69438523087008","101.13474586200833","102.09664985003914"
"2936","102.09701714616158","101.5605314910826","102.55852558563592","102.31047785453471","101.96498347293509","102.59076988400541","98.3730455744166","96.66173339884283","101.4383629504854","101.9505840038225","101.55121915910311","102.42971879545644"
"2947","101.71365991731109","101.57968157823021","101.97519226317237","97.46169734043697","88.2395253124605","102.07309694525844","100.7775046178466","99.04608839334836","102.37785631559254","102.0905706422072","101.5019203060852","102.45299456227549"
"2958","102.16136058446988","101.51586113326834","102.61379890193648","102.16738251604595","101.95408150977532","102.30725059204887","100.87058731735397","99.48670468021616","101.92454519840412","102.03401771944534","101.62691884979094","102.59051199965366"
"2969","102.10067367185157","101.88022328143","102.48427017160684","102.02389591055389","101.55841602415352","102.66214841273185","100.90710719531937","99.29876704196228","101.86966723396228","102.39042282993323","102.12149484445834","102.6457242502139"
"2980","101.70327244801524","100.97321817925523","102.0851673333111","101.53727507446722","100.4839365982938","102.30963508277912","101.77297719185349","101.6200566772888","101.94590219553706","101.78827180147509","101.47962578144224","101.97258397730958"
"2991","102.08894343769937","101.68518184104484","102.33994851121841","100.94887100574972","99.52644323437696","102.28459919389961","101.72319175505147","101.3536048074364","102.0805574835509","101.90423710807727","101.52837344563693","102.11390544494459"
"3002","102.01471412294877","101.78859954787691","102.45029083745328","102.06333134923928","101.73794697581859","102.61487093668109","101.60566893598563","100.9449000044226","102.0098755651645","102.27934404922155","101.73962966262773","102.91274091298376"
"3013","102.1350538697626","101.93818686498523","102.38017390657937","102.36696625848704","102.06467544255854","102.54886644085823","100.86758694890773","99.53369112137727","102.11337707459805","102.12220884655467","101.83434398655214","102.29723946164289"
"3024","102.01711780305628","101.48610716044766","102.44477456958025","100.84862255690524","98.37431560127284","102.41328185172071","101.77924109500076","100.90735031069565","102.3876241439169","102.12812062372416","101.84362680438429","102.4648556864882"
"3035","102.31482640524904","101.90133901853699","102.5233884383862","99.46084196873839","95.15039123094925","102.20769956044947","100.95888586667934","99.73550972857058","102.01936335206639","102.29507032709546","101.94062616990678","102.94146924471912"
"3046","102.25553359863517","102.08775603636329","102.41637362440395","102.11321522894666","101.87564134238045","102.28806331988295","101.66397491495091","101.32883852329421","102.05362818723594","102.56694688866958","101.95521581844616","103.09004795389573"
"3057","101.96521734097705","101.69287337005957","102.22080330400341","101.10681085460949","99.22926392425032","102.16453411239465","101.51951273081893","101.2486609121767","101.67592374254369","101.97417120288314","101.66220044435076","102.14069600277587"
"3068","102.05957346159666","101.89429060951092","102.29284258448239","100.31236974651655","97.30556004156408","102.1024217947913","101.73682022714854","101.4776377337748","102.12531315234388","101.85187664076155","101.64615758048934","102.2522835813885"
"3079","101.80967125159333","101.4722925677021","102.17153990482404","101.8736999468277","101.7362654848462","101.95891401912863","101.79609871062735","101.56256685682341","101.96051644517863","100.88150349288138","98.83580611611228","102.29942023838748"
"3090","101.64066669624077","101.24705541221513","101.9531164143214","100.10209091961362","96.56587554249967","101.96613266623223","101.54449635902911","101.18591898379495","102.02751733500205","102.18712880173275","101.92244253001594","102.34679304129403"
"3101","101.93410408304798","101.37762809760757","102.57921638590926","101.7060482306274","100.61959672730097","102.27941393687","101.5809237023277","101.07968998041551","102.05600889796008","102.09449832494147","101.86657838450802","102.52721283084182"
"3112","102.15804498042478","101.93343501472536","102.48842659261666","100.6645964048014","98.50626360459039","102.2053232917581","101.80572613575573","101.36242142562574","102.1291037804231","102.00895116363154","101.43217323945275","102.29792989186997"
"3123","102.0120908779556","101.85443556558235","102.27262921934638","101.54773424531675","99.92446006012285","102.73287628016051","101.46930832899501","100.90261724399177","102.18205185218957","102.23600184200461","102.12310203013342","102.31746992878804"
"3134","102.2497963820254","101.97241046155148","102.70801721574367","101.9479406390517","101.66764759712008","102.44926790074983","101.45012776814472","101.151649731673","101.99724828819744","101.97793844756718","101.30928053667996","102.37546922300749"
"3145","102.12986268134573","101.7068378126618","102.44101089985622","102.03401702529095","101.77074556697798","102.5538984171072","101.66103396974263","101.54619172679465","101.87039403834193","102.12920227235254","101.87659164154158","102.36380354522652"
"3156","101.91414290707577","101.81077025119198","102.05694014584614","101.96196374600702","101.88248102129884","102.01735538527161","101.85420845637238","101.67229760835947","101.95132398938722","101.93605733954162","101.67414582839933","102.37337677676359"
"3167","101.61541902094011","101.00961355249912","102.23940037001803","101.8705704020684","101.41984202154819","102.10217176815958","101.79447275968352","101.57099225893084","101.97397094067566","102.43050205617116","102.12843727439486","102.92122491087878"
"3178","102.1148819136835","101.3565395984261","102.72272173572563","102.01875571221461","101.61206793053375","102.62513430190415","101.33726912670697","100.75267550818167","102.12787291788031","101.64924567655764","101.61178882089627","101.69755466946148"
"3189","101.83743232611504","101.47611488472482","102.18098412757156","98.67494651444493","91.84751365081557","102.26286981087","101.51691848622347","101.02065159837655","101.82306699511753","102.21284641385729","101.81469917125932","102.73590957931079"
"3200","101.81089571415983","100.97509958713229","102.58508281227839","101.6779358016456","101.44324396547695","102.10490609985763","101.85862880973012","101.57774849764486","102.1242103725948","102.23721668933426","102.02219837392315","102.64403078402427"
"3211","101.77560379030069","101.36671224756932","102.21864903667412","98.0878722179657","90.81910871616944","101.95488212143474","101.88526220726054","101.64360482021456","102.07602484789314","102.27298919512297","102.11855013914341","102.48610502727192"
"3222","102.05745757436108","101.43057954454713","102.48538843106446","97.7012240482499","88.94680130370845","102.10207148941721","101.47363177357556","100.72267205661784","102.31308626627091","102.00052762908813","101.05575098217003","102.66371658082971"
"3233","101.87035961991387","101.41884966714207","102.10514174323006","102.00029621133716","101.77456541221456","102.29291852058468","101.36746914107256","100.95262271469387","102.00532213235692","102.13779357289086","102.04068463181713","102.20895769624128"
"3244","102.20715445288732","101.45554431548919","102.6666190529354","100.97006185819099","99.99717130661328","101.47180690379284","101.50658765224466","101.20689521838923","101.7426625893535","102.10862848089094","101.66812082422783","102.4874675628289"
"3255","102.2612732976274","102.02573165899332","102.4901316637777","102.06566699354846","101.46116936516884","102.66803302987208","101.89537857983134","101.75430247791337","102.16712437993944","101.82943108101183","101.1233409611066","102.21657148320759"
"3266","102.17142175396891","101.40692149418342","102.76823477280308","101.47715435108462","99.82978405283083","102.48264348644736","101.7290051075953","101.10493739876958","102.05022261280308","102.58571102597053","101.73677323364538","103.31700438150139"
"3277","101.54064397034433","101.32683711148175","101.69090584004613","100.98503329978068","98.40082687736586","102.42465586114699","101.36141867411106","100.95172619339414","101.79799915472509","102.37153321367835","102.30990178992296","102.41424360932385"
"3288","102.06869700026903","101.39613018857241","102.53985037664162","101.16244331771121","98.8344043931439","102.46846513093283","101.921050641293","101.75214850930112","102.1197958430021","102.30482645686747","101.87024686388047","102.66906148367852"
"3299","101.9626640870448","101.49927770584803","102.40011213245876","102.0626100650832","101.73022693792953","102.37300707219573","101.70714561626663","101.07902887916653","102.09492144197947","102.25306997049914","101.44887530515737","103.20962465135612"