"Step","Name: Prod-EDAC-noLN-halfcheetah-medium - eval/normalized_score_mean","Name: Prod-EDAC-noLN-halfcheetah-medium - eval/normalized_score_mean__MIN","Name: Prod-EDAC-noLN-halfcheetah-medium - eval/normalized_score_mean__MAX","Name: Prod-EDAC-pretrainBC20-halfcheetah-medium - eval/normalized_score_mean","Name: Prod-EDAC-pretrainBC20-halfcheetah-medium - eval/normalized_score_mean__MIN","Name: Prod-EDAC-pretrainBC20-halfcheetah-medium - eval/normalized_score_mean__MAX","Name: Prod-EDAC-halfcheetah-medium - eval/normalized_score_mean","Name: Prod-EDAC-halfcheetah-medium - eval/normalized_score_mean__MIN","Name: Prod-EDAC-halfcheetah-medium - eval/normalized_score_mean__MAX","Name: Prod-EDAC-pretrainAC20-halfcheetah-medium - eval/normalized_score_mean","Name: Prod-EDAC-pretrainAC20-halfcheetah-medium - eval/normalized_score_mean__MIN","Name: Prod-EDAC-pretrainAC20-halfcheetah-medium - eval/normalized_score_mean__MAX"
"10","2.2246189053158134","2.204087826946688","2.2381869384833233","27.2506414615346","9.457976357262613","36.61264528100536","2.1738274103537583","2.1290515849553904","2.2408088409583664","27.340662353143614","9.457976357262613","36.61264528100536"
"21","2.185685991679043","2.102158945781249","2.23727637322503","40.040334493289365","39.42577453996684","40.57510429486825","2.2024424824855564","2.192254664317768","2.2122742321543445","40.109710991265906","39.42577453996684","40.57510429486825"
"32","2.1264811120309837","2.058384996179717","2.249875456584661","41.58270911434124","41.4738678069545","41.69050447160272","2.1123335573283204","2.0296975754842985","2.166381684281775","41.57563521786263","41.45264611751868","41.69050447160272"
"43","2.200850440997781","1.9840492840611517","2.611220339013882","42.09434144317087","41.46350322482531","42.56195081464366","2.3102078039939884","2.0344285680388356","2.6590243076199642","42.180318968183606","41.46350322482531","42.56195081464366"
"54","1.2672627071094775","0.6642207624191003","2.1698266323701185","42.63005474589939","42.52523616859971","42.773063297983114","0.4059981227528644","-2.202785747402892","1.9470281246616903","42.211583016309994","41.51764810921491","42.59186477111537"
"65","0.4950327766676927","-0.24371559043154192","0.8900155200777624","42.777000304976774","42.71284441506101","42.82048080149009","-0.4620837441943498","-2.2820816468719745","0.6411738836477201","42.6176254151556","42.34235613202656","42.79767569837922"
"76","-0.04958946105935343","-0.2405523238908185","0.18475957438448526","43.17779176001585","42.98412847615613","43.53195211871364","-0.08316465635823089","-2.3487158396209677","1.3551808990006378","42.89164503705223","42.67351194982278","43.01729468517779"
"87","0.6531124640374447","-0.17104037207957196","1.7142459313084957","42.84360729798684","42.53499448110724","43.44384831557061","0.444087502922613","-0.5495140556774669","1.1530990891633341","43.201188811543915","42.55197909728267","43.60773902177846"
"98","0.9013764660871901","0.3183331241249784","1.4592848997029495","42.865783668976235","42.506170840259806","43.39422787285217","2.0045716636090547","1.5529104289157485","2.249625157902417","42.399015836646534","41.993924375863095","42.69695229381672"
"109","0.6272163799425684","-0.237279668397906","1.907509442533494","42.95739275608315","42.60138788327778","43.191926563864754","1.9225953049666178","1.3993263086189607","2.5702507513659625","43.03794736536434","42.84305171112134","43.191926563864754"
"120","0.09748029071415217","-1.3671227963523491","1.7916750653274687","40.99449428757285","37.47327232640592","42.80179902978465","4.6289583499471565","0.7410957131599808","9.916865125672441","43.03794736536434","42.84305171112134","43.191926563864754"
"131","-0.3842257595024276","-2.2749852792696794","1.789729080332362","42.75871149828779","42.179152674784454","43.05241257763841","6.174739712477682","1.5543809885574627","11.755035463345195","43.03794736536434","42.84305171112134","43.191926563864754"
"142","-0.3167534660986024","-0.6631352930932566","-0.03352795841523748","42.85933234993636","42.29618951861633","43.55378169130707","14.866637570314852","8.220158887816899","22.37449849564808","43.03794736536434","42.84305171112134","43.191926563864754"
"153","-0.926118098504356","-3.615368899273083","0.836042696198696","41.82058306640265","39.79113848170344","43.25762203326345","17.335548706257754","13.193528307147284","24.181036082781002","43.03794736536434","42.84305171112134","43.191926563864754"
"164","0.32496023929666157","-1.397213924316931","1.6223700753648855","42.89377615215542","42.64277532675074","43.31832101020796","28.14708094744664","17.376618859769444","37.750331054552234","43.03794736536434","42.84305171112134","43.191926563864754"
"175","-0.4373313738359251","-2.0270454357648693","2.0443340139862696","42.23563895791575","41.38173710522159","42.680770251006535","24.197413945541456","16.983018104236823","34.46040378453861","43.03794736536434","42.84305171112134","43.191926563864754"
"186","0.7152983370669096","-0.186350256959116","1.468697788148733","42.57105853218368","42.42687922040053","42.72883808831055","28.626945539988427","24.071807417933858","31.144806167580658","43.03794736536434","42.84305171112134","43.191926563864754"
"197","0.6238637454336993","-0.018493511158593278","1.4673942141688916","41.93978937748037","39.48696234441978","43.18956583221604","33.02166649941157","31.631062873194953","35.55227416249146","43.03794736536434","42.84305171112134","43.191926563864754"
"208","0.8742252482581567","-0.02679192551017846","1.3954719362486991","42.397232035278726","42.03567318025104","43.12023608394382","36.8980707470034","30.937344517036518","43.71867775056752","43.03794736536434","42.84305171112134","43.191926563864754"
"219","1.653456529011913","1.5049137329684108","1.7322266396957808","42.82877634406782","42.50776746843958","43.004326980104416","42.07733907412484","40.9713836250893","44.18905182223112","43.03794736536434","42.84305171112134","43.191926563864754"
"230","1.967270523703905","1.7279992223017686","2.2245991505214278","41.756983855455466","38.659545435727395","43.33134453736605","32.158078712788374","26.072621434831934","36.35678648811727","43.03794736536434","42.84305171112134","43.191926563864754"
"241","1.786995317479368","1.5236561187735531","2.030615110291918","0.5322078150211645","-0.020560400227778185","0.933144581801393","41.677209738232435","40.358192170328735","43.26774855703313","20.228175311845906","9.963021753209949","29.157863020587968"
"252","1.8619113099168108","1.62427437516647","1.9852386420292008","-0.15109528711939743","-2.4160682449586206","1.4911884659739605","39.995324230781826","34.51434878024073","44.824560603047225","35.662070441652624","28.455600853413","40.59933388001478"
"263","2.0721729801570334","1.3841069128545058","2.547660816468981","1.3611933151006674","0.5390203318145643","1.7793858240626617","41.00610996212753","33.78256240639223","45.52427254100787","34.0281270465213","28.833753990887374","41.165635618276625"
"274","2.1469503041887665","1.3144577495702296","2.7942429811478586","1.2562390916920894","0.40021301747241295","2.516336003583581","41.68588800300187","38.843558239911545","45.552648935496336","40.790422214821994","38.69978978166157","42.291377610825535"
"285","1.909166271499374","1.4818867905082944","2.620624036655756","0.9377671655815786","-0.1493904564561713","2.436065363590081","44.619038237067","42.31671378461495","46.34549233101019","41.7626134839635","39.52807303330581","44.52766711140207"
"296","2.2742250265059725","1.7546737045888778","2.667279719577995","0.9299684510102822","-0.9370155157487995","2.5033472635126253","43.011106245010694","36.980630162432234","46.46798052562694","42.28720876345039","38.85333205615299","44.336697928234194"
"307","2.057108119538238","1.8561307095405746","2.4326503162818782","5.3927005172552045","-0.44601893085399213","9.206170365046825","44.07657720109338","40.32850749606885","46.002507573888195","43.41278062953222","42.645892960813285","44.119808097044306"
"318","2.114664041011769","1.402567494857055","3.296510550730506","5.476860746480202","1.046324830444942","10.32442557636229","46.00821649553624","45.32979803975093","46.76958779194258","42.78489045501482","39.206185075152135","44.81843142790136"
"329","2.3842036468608234","2.0683146967424246","2.880404615912395","10.388135608846609","4.5543691140894165","17.892379759020002","43.92613013758986","41.03971692122106","45.59753901061954","42.89766591774069","42.09570152735726","43.41092759641426"
"340","2.3996562609618053","0.6691881697521758","4.200026118896998","19.02959992685235","11.420254571869881","24.413099432533365","44.44483532893833","42.06824126747905","45.96423838330474","43.00768562594906","40.42898506220772","45.136708340193344"
"351","1.7450680729856396","0.12289703205485836","3.7262494338665677","22.722621197718635","17.649633079248623","26.94497675170702","44.40742506619775","41.93827143243528","45.91379409739034","43.55625688967291","43.14791942406542","44.218223524738484"
"362","2.423441351112361","0.8273564146326553","3.8211441280689664","22.361231242182814","15.687357532922775","33.73777036958326","46.230511310863086","45.51339749928985","46.976419206855255","43.50997267085432","42.26393887370859","44.77445614944902"
"373","2.8042388730975016","0.7489608897869872","5.1100765105340145","28.302368549969856","23.91311678561737","34.75286560056717","42.866070153408735","40.62569337450363","45.74680149021034","43.401926989003705","42.954063856723785","43.88144675497241"
"384","2.2141570707849447","1.1730290521899138","4.143377966681159","28.952557950366423","27.383609794319216","31.989362671768777","44.69340195860568","41.862133204683545","46.15553877730626","44.90153401457216","44.08506603867255","45.56034399974428"
"395","2.8109384542596723","1.6972494720588724","3.689438360450178","25.81280920910706","22.195870030902647","28.264201380435566","46.67243292716881","45.88779533227452","47.1781779088856","42.43565814647416","39.48457091984221","45.25105550672818"
"406","2.0437664854827267","0.42107100986596907","4.795553116809974","29.287509095723788","21.115826667619878","35.903099489329236","42.68276115133389","41.593613861144206","44.43296163554989","42.811401287895116","41.59118372421432","45.14192359914482"
"417","2.333099761274364","0.7929897554459548","4.32495532083683","36.67372184160886","30.91811000572242","40.097802338505474","45.64439731680573","44.1440805074181","47.00338534286028","43.926385288391685","43.24297625502119","44.75270775560569"
"428","3.456969716535223","1.815822012560772","6.068291512423272","37.54411511231822","31.63519898518988","41.046306470344724","45.38801880775629","41.310757328952306","48.47395961575496","41.512325908400136","39.5228106287672","43.64731750569018"
"439","4.6473908391190415","2.382095296562605","8.41368911910439","38.47048275435099","32.60517014692762","43.47248604796616","45.16588470981015","40.876381809720506","47.94991470918724","42.96912024641509","39.58747644568573","46.264055268058954"
"450","2.2612005150278267","0.8745980471122214","4.422300780961125","35.514941086025345","22.355477572219886","44.99205754081144","45.37197269857828","42.59608544762782","46.7932256506963","42.1143414001808","39.37012669547147","44.42683771121676"
"461","2.3524802356132777","1.1932576811258417","3.917300351916647","45.003027698849756","43.45381146052742","46.451711057464735","45.307519259392755","41.73968340802307","47.69007342824793","43.31054628070709","42.150872207253144","43.8944774227377"
"472","3.3225384068901445","1.3883705145577516","5.336791225598715","42.973023474213335","41.02917466816835","45.491178579507405","45.310113012617954","43.151163721765755","46.76708311243028","44.08211620057718","42.8059772886044","45.666222399415275"
"483","2.916595162606708","1.4518185383226503","3.7189526264577757","37.32438811250327","31.37569331043182","45.94080313829263","41.25850247461888","37.131597421592666","43.895376000497706","44.09817157656665","44.018689543858414","44.14049976228136"
"494","3.8765932583629854","1.930357669763253","4.912335122178809","43.95273997767197","40.69735607018956","46.40130504478002","47.09377889014377","46.59286751219638","47.36382394469954","44.72493302027264","43.72883904026579","46.51697336931221"
"505","3.566477121879727","2.142732248007518","6.238104359435365","39.06380942415452","27.087191172349016","45.1814679484128","46.07216880237584","42.352684578145585","48.451368605620736","42.923310209225654","40.67191843485328","44.65079979770085"
"516","4.775131140741198","2.4429119447346648","7.4871824264690146","42.43079222675572","40.771321128870554","45.28843480474558","46.884112231093525","46.482218264679496","47.489546993036114","42.86710235489452","39.76580737352959","45.65335028967591"
"527","3.2095488259481466","1.4304832367444649","5.240578584226268","40.98799011753118","31.556563341223296","46.31788044598242","47.81780020426885","46.90674186715022","48.3075025136384","44.94549244725116","44.10010991607353","45.88308517461865"
"538","5.317476329389684","2.074084687059858","9.663808763149094","41.796462296594164","40.69048566535969","43.03775603052927","46.40654205633793","46.095792720957576","46.71067997391317","43.35258682258348","39.75545611211969","46.223194403212666"
"549","4.991857964715919","2.713765029196527","7.3589034734690015","45.802975124206874","45.5079234589722","46.09821399148301","44.28837015972069","42.24402157723463","47.86123049305307","44.26835278100055","44.122816911683415","44.388896568661536"
"560","3.487135449151891","2.9248421775261915","4.098933801631747","43.05880262278139","41.79678331627074","45.44972807184034","47.708871673034025","47.59970902677823","47.79428515055146","44.724630843220666","43.79350823629812","45.50566730882552"
"571","4.131414426870411","2.4848356737990844","6.258354041387909","45.96728305584791","44.982649559600304","47.07693613269481","46.3861770618999","45.29367151630785","47.33725974340894","44.4271167027643","44.00074965259828","45.06694479789236"
"582","6.025448765953922","3.675804905718958","8.082255579260956","46.574798822693715","45.22163265072727","47.75428558247432","46.24370477771338","43.487618888605006","48.77254500225265","44.54917294714102","43.838371559235334","45.45228127856888"
"593","6.240971735523391","3.844419788480214","9.989734409671682","45.823337993013475","45.01906689995154","47.312482224916565","47.00639349982186","46.31475106370933","48.191121604759985","43.71125357052182","38.93434603120894","46.77355090618103"
"604","5.730137335603836","2.1087885190477587","11.663885363082343","45.527002647462815","43.998841531882036","46.734802095882884","46.377303125462525","43.505356910025206","48.32111748230527","44.74708146045324","43.01456115554403","45.69524119171152"
"615","8.197556132297677","4.576933434619415","15.30160250175506","45.92463671766842","45.1711076202715","46.86763587516398","47.47770951422444","46.743676122186095","48.10816571662755","44.18163663117866","42.818715062009446","45.64230519562186"
"626","9.645877099459714","5.032046687827636","16.39711006162384","46.473193785977344","45.969693031440286","46.91151444557581","43.9810096204504","43.053764963861916","45.74761627952897","45.016936337707456","44.134559648075786","46.00095802927192"
"637","5.664111576023745","3.2424128794775213","9.055469756403918","46.50482660898658","45.79889819058628","47.027331850671956","46.29528963158466","43.64148336948296","47.81645476148368","46.149747931995314","45.74821443421244","46.47907720433366"
"648","7.5945542180733865","2.9947821139715414","15.833751475394735","44.71727014582408","42.58910591058915","46.61377423492581","47.77681386255725","47.23372435733914","48.488162814310186","45.638840075310874","45.367108284819594","45.791701324591806"
"659","7.878805927797287","6.399959530524856","9.678066296088414","45.96501074571773","44.79403723218424","46.82156614907128","48.010296958971004","47.264033547190365","48.837638200107605","45.49769846742075","44.82115329745055","46.104275694927"
"670","12.567639329905674","4.8862287581870145","26.97779612988407","46.20674659259032","45.60424362451074","47.10708205569047","48.03823735725738","46.44979501921803","49.18801632049595","45.455398005722735","44.876987859740474","46.38729432014104"
"681","7.334689718497778","3.985282317259439","10.34356936770537","44.01488276490634","37.49573649942312","47.94378705839638","46.782968014547464","43.8526719176365","49.09037503468202","45.987493758418545","45.956836684355295","46.00727489715289"
"692","12.410218283677743","4.571454099392227","26.66350456985906","46.09692513232701","44.71875065570684","46.96593561801439","47.237506909858894","45.18983868346535","48.42732411221323","46.038577519455366","45.89306499746988","46.24429553045111"
"703","10.477571276174848","3.767046809644178","23.507101649408625","46.68113594087445","45.63158397301979","47.215881143324324","46.42576207313434","43.56444878650818","48.07752558178045","45.378818553047516","45.225727280068796","45.58678515589971"
"714","12.295997562587216","7.244071791643355","18.79342695683082","47.45640864293582","46.38494673339458","48.211247697801774","48.561869017494836","47.81925453879721","49.17462067249911","45.87052750482136","44.98782492980139","47.33085205577939"
"725","20.148816840831284","19.03019720293709","21.727453197086422","46.47466994923337","44.785348021771924","47.764752841075946","47.65640165577241","45.47786056254664","49.43863821652932","45.41178533479183","44.23856904351355","46.67236173988006"
"736","17.799592618503556","7.192380142056203","25.63966626788536","47.175082909486115","46.213009100757105","47.85031349748115","47.891947901898845","47.153443370368386","48.411489638459976","45.55757133960784","44.34671043814707","46.59934356178208"
"747","14.571409222626029","6.533132616430197","24.839477939809406","45.93582804030117","42.06363115858823","47.9711315598993","47.39379971613271","46.25426922139907","48.08221792887","45.534069829506336","44.4933959734491","46.160784214599104"
"758","22.41451781937289","12.02845553894617","39.70515527524205","45.7222605512986","42.58978732165228","47.42222721825739","48.46258839875511","47.784306103670794","48.95406402908224","44.61004069268004","42.42124350626682","45.92209796936943"
"769","39.343688874229706","34.62601717383971","46.37134134603464","46.41953520398011","45.047450312375226","47.841240260235274","47.520797690424295","47.08551147931907","48.25465822102803","46.499505634665866","46.203456458235095","46.85450392068212"
"780","27.813236352082956","22.52373681100164","35.47238372916153","47.323458065593606","46.903662939838696","47.67418250624441","46.64282037461779","43.478326779893834","48.34969740843005","46.225394015807844","45.91329606777987","46.70351982672519"
"791","31.682212682576235","19.008755167609788","48.47166430186233","46.83108297938427","45.945262852809364","47.72911051242404","48.09909082583365","47.48884156302184","48.408787832004535","43.91659164500561","36.77827092189943","47.66304095684446"
"802","35.284610298540635","24.77720350145792","49.629031647485434","46.34951934817886","44.06086958422431","47.65339830091691","47.03447986664232","44.54529087188051","48.32983130223299","47.54190057198608","46.49894957519547","48.57648206331814"
"813","32.467396826165626","28.345003062363844","40.14610282388265","46.954220213948105","46.76023621363314","47.0738198247398","48.76562560156149","48.49684159896036","49.297451200700465","45.810173906080536","42.21380346418338","48.26942414778176"
"824","39.19074128639695","32.58824757049484","45.13282182135015","46.58986098321819","43.52702272539995","49.651684803922244","48.339352316889205","45.14233312776535","50.32430675935554","46.85801929502733","45.42895113653904","47.90891821947885"
"835","42.9879305089377","30.03238812581795","52.880487746658346","46.31068821144476","43.6497755461988","47.929703419557725","47.61549567760493","45.98747447328498","48.58365888128929","46.767150217730084","46.09154003500459","47.12444274640049"
"846","39.24351951269602","19.418216655513096","53.707134121545344","48.88652938314508","48.42738354157925","49.75495915626061","49.490109269067545","49.184297506182745","49.95919417962948","47.164670045725494","46.47867044033781","47.51169900167592"
"857","45.62889687499328","42.1998059587746","51.83123235013644","48.18908707685974","47.336189929712944","49.6782429152709","48.43072365728074","46.99100808374534","50.27788727083344","47.08499915539151","46.286492923117905","47.9356307231943"
"868","46.74853587642801","41.474159651316654","54.50406890157245","46.2301062957959","42.06236993212398","48.33046028612759","48.347938760033976","47.90180527403148","48.8827798191727","47.441839721794956","46.86158371697444","47.86084196147027"
"879","46.992461965025804","35.37450431514571","53.52007264313979","47.44234955773359","46.42699671469237","48.105932720493186","48.35754749602777","47.85141845465097","49.368221642100075","47.831398498059464","47.430089854213385","48.31630658170988"
"890","43.54604752818074","38.89676531168588","49.34343515795272","46.89552280154751","46.1360505285066","47.60127082446108","47.60457600271541","46.29599356757899","49.259725351619416","47.356415280469","46.75963614635326","47.88773094012085"
"901","44.129776259063476","37.20110222496493","48.91741986010428","47.65222657218322","46.7453464329912","48.877822530149004","49.07640126102127","47.84852311541014","50.17128784550583","48.094533934232345","47.36807045320795","48.768483981933926"
"912","42.736344119568834","41.19203271692212","43.604847948516735","48.60025378977133","48.190470355460164","49.33640568092968","47.64353807367053","45.210776301712094","49.69143756271426","47.43803124381284","47.12529551015135","47.60014984734207"
"923","49.546654260644765","42.87654056537154","53.41718973717117","48.56300004245284","46.91658795789492","49.99213575582642","49.39172603635442","48.800898504481495","50.14320551601154","47.24335946323313","46.547019301125204","47.703386322539906"
"934","49.08037091303038","46.666697510857574","53.46347073036651","47.73719417455482","46.93068182752059","48.372914966909484","48.69332394301144","48.10117967318178","49.375346420857106","47.85043922249042","46.898713360724614","48.544493930446734"
"945","50.85611851543664","48.812492509194385","53.7538855943013","47.6180658345862","47.19488353229313","48.17428745729009","49.11320353930395","48.64148380495512","49.741880381941584","47.450622554383074","46.44877809637261","48.600540417471635"
"956","50.635259488556414","45.70375415577823","54.44034458292259","46.763836773520005","45.63654107028016","48.474274803390664","47.878824593604854","47.18910173010191","49.01550371377084","46.96543484718031","46.35935022770729","47.357113249983946"
"967","50.40269198971578","46.902557019827675","53.45098281994067","47.993684888484495","47.11587595195816","49.069793490655414","49.62801418946385","48.441066998647635","50.5254723149803","47.94318196216318","46.985078839811955","49.10150575158001"
"978","51.88287999726324","47.954372497398396","54.83835913535155","47.4944933267876","45.880301236070856","48.840391383591275","48.65985481419559","46.92860848914585","50.06369471162155","47.65311683538575","47.13678050424705","48.19979806123281"
"989","47.91774725988771","43.059946452013904","55.05894906743881","46.17458681953111","42.8387485665825","48.244245305789704","47.36313964389158","45.61945717507976","48.41602297402907","47.281608314576715","46.716264464432705","47.638615038726726"
"1000","47.25195655740205","28.902045674615998","56.76412978543901","45.80775711021058","38.85313067709533","49.419590269230575","50.569120625444874","50.44386871049737","50.6860757259305","48.62516099583945","46.61868575955256","49.872387040919776"
"1011","52.778609361991336","51.4123824043956","54.21894453019523","47.85974499250114","47.32457262087579","48.1545632864589","49.20414111947925","48.61050053181365","50.04821966158629","48.730733416342254","48.19909129837782","49.22362677932461"
"1022","49.3017776544962","46.89155037188149","50.82049822153895","47.32440602212399","45.866774280580856","48.388307127588114","49.08945024700483","48.37583577984237","50.502197520376626","48.04754482830199","46.57476725394177","48.80783073066527"
"1033","51.48687116565112","50.26576333958117","53.299009000856415","48.30958239872097","47.98606528930853","48.47637346191972","48.77862385075167","48.61569665425121","48.94062270630608","48.206087512635776","48.15098546607515","48.29883156630308"
"1044","55.75624290358809","51.91552051447096","59.83383406326908","47.8219367644737","47.26527418465646","48.349949221326206","48.70270789308045","47.304014602417695","49.84915594094565","47.90118014481943","46.79896277529723","48.62379737193209"
"1055","54.40341058370914","50.65655526316869","57.48692243240853","48.435637035832485","47.9575869417642","48.972970436987886","49.11733704359935","48.580479654270604","49.6472470121873","48.21706203111697","48.07774918991001","48.315014304748686"
"1066","52.31210934747899","50.040902932553976","54.01114175818488","48.42285636384454","47.454726038952394","49.123891426665736","48.49436998579623","45.08991778615831","50.3163973464041","48.34052689272954","47.318176073398575","48.91366385379577"
"1077","48.90536214582453","47.38350180899677","51.13096392496618","48.1671655104312","47.113423194868005","48.80307688212238","49.6067162726948","49.31085882026397","50.19006334428302","48.88548889377751","48.561965502988855","49.46413543706524"
"1088","53.40526895152535","50.33866479550313","57.64484124591718","48.979302050334674","48.520041857844014","49.63857052198891","50.576790051545636","49.69207628453218","51.48261684378226","49.71620422337971","48.6883855312283","50.795072544016094"
"1099","56.77817782645297","56.275502501666516","57.31900100771188","47.76525685855581","47.09865386429256","48.71752779195174","47.22666779474187","42.822018240755014","49.873926673080405","48.82534903732918","48.620474691725285","49.06361063661136"
"1110","56.173179851263946","54.9979992695992","57.91953055770081","47.84385736307695","47.16114606997279","48.44317398523357","49.36905081326523","48.83101327498774","49.812818396793105","48.75182831831955","48.140045419838486","49.72641578183577"
"1121","55.58024453290839","54.85762742318373","56.61818209723742","48.65078223133336","47.86012482467673","49.06664095564593","50.637537872924376","49.63118805063301","51.31297093107325","48.635226102172716","47.942020943124554","49.299876745473135"
"1132","55.795913647764245","52.2362581756026","58.44721862974505","50.02796092732365","49.17755573314442","50.808686362739536","49.38614257271475","47.80479803150949","50.70520245123328","48.11597739738213","45.80391296237208","49.275832993972145"
"1143","54.56848738168075","53.93332276781261","55.097024483009235","47.08053042994291","46.204421686173255","48.08217134580422","48.5794731279743","48.076907343544704","49.49062594796282","47.76880148305137","47.14871502658007","48.66467105810074"
"1154","53.341620086441594","52.04618643483285","54.6893847493363","48.75496268953983","48.374080927881145","49.24696695796625","49.22165291325219","47.72379218207976","50.32035194458623","48.6399991590906","47.100319432708474","49.81515563576254"
"1165","54.46238387031593","51.8124595763014","57.450021051814886","47.66949995161395","47.28377885641022","48.2967627904915","49.53801360615625","49.344918919813665","49.80946036601192","49.14671093041721","48.08292781704903","49.74547384803984"
"1176","54.61791202407915","52.84283396272442","56.95835137826217","48.603298119461236","47.219543865967765","49.90055253325487","49.649974811694676","49.18029587095979","50.51263231389762","48.638585625356775","48.06681621276916","49.076713005730134"
"1187","56.672166995330336","54.59919238637711","59.35625979536876","48.775913077523306","47.691006756204345","49.35650367029204","50.25937309457692","50.04612988334579","50.5898543955576","48.67220784969288","46.829835309864386","50.02060234103773"
"1198","54.19320570760174","50.92164078837591","57.53147926896969","48.96536613944476","48.590350406860594","49.395770574670316","49.55978704294847","48.77111891805532","49.95610234786621","48.74993668029526","48.31534091209636","49.21122149876151"
"1209","57.25949919446405","56.393115854319056","57.959276630222156","48.24565840062251","47.88845184520442","48.79427567053099","49.573113451651174","49.19693743609484","50.201651420789005","48.765933802378605","48.49536061041215","49.304082938493174"
"1220","54.17786272794152","51.14673307127416","55.928708694963895","47.65539090738648","45.82423372889089","48.58959717580932","48.52531248294152","46.502186993933954","49.81502289834032","47.95092668004097","45.30638517119402","49.29616892768058"
"1231","55.0141992083675","50.72771192615977","58.06228141858658","49.53241059100119","48.43349294047058","51.21345185909473","49.317155768986936","48.596750526903065","50.55154857381817","49.16886833075505","48.500145465648295","49.84939830323334"
"1242","56.29874580664828","53.098380067806815","58.3479849002732","48.96563591113655","48.15934096398484","49.86743148912531","49.78334614328423","48.850400495892096","50.42790075720707","49.12886841877573","48.86917676106968","49.33853825473042"
"1253","55.42570674002652","54.90839504574302","56.04405069002704","49.023868965686326","48.28701069766758","49.39728152172737","48.85888136834952","46.454945706050694","50.58450802128463","48.67933503372777","48.27560921591129","49.351355833043655"
"1264","56.71983382221506","55.57362683343799","58.670823909829224","48.50276587244573","47.999335434548236","49.488941368734665","49.29429936586509","48.814650438384966","49.84175258857276","49.24777368324576","48.805737148594126","49.80660878479931"
"1275","56.577234229913124","56.218158693793995","56.82081575748964","50.19491481921683","48.92312139787451","51.76483210949789","50.70815025182558","49.99507960042874","51.423256440729084","48.88376653652512","48.47291112837452","49.157182792619224"
"1286","56.05399470636022","54.187365635212906","57.22087149215819","49.26544551176051","48.42498652001827","50.031171854895646","49.23176498977773","48.78920454728784","49.64473468398681","49.374905297409235","47.54483492906805","50.35803618219879"
"1297","56.237657017591005","54.012821427775336","57.45621117780954","48.28986232578628","47.196013022318695","50.289900921810215","49.67008882801259","49.08594001789998","50.0647268039547","49.273315293836255","48.205769660269894","50.174822412922396"
"1308","56.247181635902244","55.92226095796734","56.47234585835238","47.783685820208596","46.722416176904105","49.72803490028555","49.608976097008544","49.0575636026381","49.91676537560583","47.86456690297954","46.281329794279024","50.01154941913597"
"1319","55.07315808902143","52.64186569708247","56.84922768535123","49.04655340366651","47.72724871736246","50.640011511609806","50.631145813143554","48.86148242470027","51.81110900952508","49.24441525197136","48.55598336938771","49.97869290181313"
"1330","55.44590227941194","53.973709707756825","57.44883033350717","48.76524536189232","46.72001106286573","50.8159810487095","49.92919814014607","48.95674071831384","50.55494505924494","48.83947106459522","46.769812298684215","50.111969030066035"
"1341","56.58565702546921","53.686125429162495","59.10415755112749","49.572087440456194","48.80445136983015","50.05219586880196","50.803249055947106","48.36223860135638","52.16484900348096","49.306219058104624","48.967750870242035","49.536343877145654"
"1352","55.853568674567136","53.00684358531417","57.32366303461974","49.15870064560215","48.04796241159481","49.9803928705692","50.46973815517483","50.22471907564566","50.77020750087625","49.28201184741022","48.03283329850153","50.35173306200143"
"1363","55.58809662397752","53.94479014850659","58.064313826852526","49.09367651004285","47.86958647941596","49.98394448696167","50.24415281753064","49.02523605466361","50.94584666734287","50.18475733069548","50.07543249836928","50.28740415347772"
"1374","59.06974977860148","57.80936606450196","59.81566715647226","49.6976481424241","49.28989264772946","50.32560041254157","49.72849151014128","48.576625058806975","50.93508927177366","49.27941231675686","49.17468809934384","49.39935608698775"
"1385","57.59756603208668","55.095299505980186","58.984182258530225","50.12929245117554","48.7362572137528","51.06121015364234","50.27103599004098","49.76738959585724","51.271998121500005","49.65150852373529","49.27513785064616","50.30756247864349"
"1396","58.070534862884266","57.206605197292504","59.77817855183109","49.457694401186664","48.6465095617296","50.0951139840396","49.335504514098226","48.691440858778066","49.98047085163701","50.24271709049728","49.870203656786764","50.92124062425335"
"1407","55.9162685742563","55.20129873844962","56.326852949302975","49.02677510753974","48.248825565785474","49.70262858673408","50.06457872681722","49.705071220800185","50.655877419079985","50.42170667188615","49.913939167448476","51.12319417095292"
"1418","56.70152595772206","54.635186002726","58.04147783754104","49.28843337181701","48.085250485887435","50.87062162278665","50.23279287947711","49.71211619141589","51.026549191507236","49.326340088668935","48.212138334895755","50.24917239573705"
"1429","55.30104629896383","54.72501615840331","56.24556193631166","49.16880339017482","48.011683125687924","50.13524182291995","49.843726468982915","49.34813419944716","50.18779812193883","49.759401104684095","49.07156986556563","50.10729272521986"
"1440","58.149556455645474","56.74510839454176","58.85686499516821","48.84171058416555","48.17661610080774","49.64271303234983","49.717549665159225","49.622685914924396","49.88818544736583","49.04090219114179","46.29398017041758","51.07316690585063"
"1451","57.25258882896285","54.76881698012987","59.136805914275634","49.07713550226541","48.73748342196075","49.36805850595802","50.18253221567567","48.699483916196584","51.395704489357016","50.24126852398134","49.67926121173401","50.79841733623184"
"1462","57.0018106133547","54.31259802436436","58.8337146774155","48.69704605297017","47.515649260561496","50.835973297435075","49.724664050228306","48.7181200964638","50.36906742037063","49.757864002892966","48.39917541598979","50.72114406765557"
"1473","57.857428298239576","56.83636025952556","59.630956954077625","49.76820277891761","49.34086992961821","50.31202135895436","49.99615462326464","48.63668773379682","51.89031087099344","49.208852872125","48.51644720878941","50.56041381085824"
"1484","56.14741433514855","54.49910072536227","59.01563593876837","49.36532778358511","47.617730014793096","51.735836597246795","49.848422394821476","48.93823347328312","50.86155729650642","49.530357371369654","47.76569493796052","51.68518704308259"
"1495","54.35584500986665","50.342897758971326","57.57077781190274","47.65604124349053","45.496860868713334","50.72600764951648","48.972192304911005","45.900355853286314","51.12132089214539","47.993633871853554","46.93872192192647","49.59798586343041"
"1506","57.835644607059386","54.81486453290354","61.39816098726912","50.04488145050201","49.311069894583504","51.314948461790195","50.77194255536981","49.851741055385396","52.212430663057376","49.99113042780632","49.200011566679564","50.53090515392863"
"1517","57.598521286252435","55.54395909495779","60.07394122530019","49.90874984441899","49.062422131369594","51.0768731472633","51.0327564420204","50.90586878396143","51.143766537310945","49.51451178271416","48.79264625555825","50.12433651401576"
"1528","56.93937445251887","54.8856330318831","59.820224877044325","50.20740682452922","49.994121550365534","50.448362452450326","50.69251944803324","49.9560950657219","51.341606679226004","49.487205001436244","49.238092226271306","49.91315672328133"
"1539","57.014025434518736","55.59917872810365","58.709538443133866","50.57972318180583","49.00442115563869","51.42904397886921","49.560542243490964","46.77301762832767","51.76531956584256","49.40846384859683","48.51324942443177","51.177471536357025"
"1550","56.208594481757565","55.074655272098354","58.10809640109932","49.359417421145395","48.37685237565206","50.43610877134323","50.438481315316835","49.189540738534966","51.16402891402389","50.39540484081511","49.3353305489778","51.172124690100844"
"1561","57.01691305299439","56.59942154910897","57.78389258966298","49.95743579884323","49.059436617810455","50.54814379894013","49.93396213233365","49.48908722021836","50.38335807511719","50.110721031161084","49.01659769888047","50.96189974442596"
"1572","57.91912171824729","57.61887652397561","58.193265375299276","50.02123292805777","49.96668292732663","50.12455456493704","50.888314726143136","50.300564794842984","51.9136078341765","50.54854500734998","50.004976042971606","50.908311755087965"
"1583","57.539590063516584","55.26105892199344","59.67489270305695","49.68746884905449","48.70965544638444","50.83624615820158","50.30851689880232","49.411809087108715","51.227343773501545","50.68517122645462","48.7522999837363","51.74127126089555"
"1594","57.25588506186102","56.20128212967164","58.46149601962717","49.861341934007186","48.264317122210365","51.58126788584823","49.526956538818204","47.721501272513","50.76278112261553","50.02410850527318","49.39690656411319","50.732081074885414"
"1605","55.937867326512816","55.600972260309256","56.13293909268772","49.788573740864564","49.34041640673251","50.06126885199627","50.06041765715323","49.14585225475363","51.51067152996386","50.015651476160336","49.38955498908388","51.21821409237323"
"1616","57.662534124003265","56.486221030418506","59.507957370177884","49.777356129873816","49.074013209771095","51.08146639444935","50.138806573764235","48.82387463505147","51.41110114420739","50.43868405891567","48.98895492565158","51.99406165664361"
"1627","55.17217327985989","52.17087928883616","56.91593826811559","49.18911488881139","46.61705644644822","50.89575479708479","49.165278026265575","47.42947199097219","50.70498377300366","50.227387626000905","47.47185012281791","51.90326622835314"
"1638","56.104791019084985","54.33624172938094","57.49753967961175","48.30970401697345","46.17770188861831","51.05096360945571","50.94234562371625","50.195812027472094","51.84756826602395","51.422468777944125","50.09628849687535","52.189077510589605"
"1649","57.31702410559523","56.60439115091723","58.132915378247276","49.24372952484197","47.51345042920281","50.21531785762253","50.24387546264976","49.449559483524936","50.709692946149985","49.09390741945302","48.05583131849132","49.70327065039674"
"1660","55.25183364043496","54.02474260356981","56.80293688900927","48.055963860207406","46.82913599345699","49.73455827471033","50.579061159089804","48.66441153985009","53.05430725502508","50.1651842246834","48.323641046628325","51.41648451242206"
"1671","57.29623357421716","56.62781921005808","57.841442736502984","49.14139631477682","47.635603081462015","50.5819397745766","50.27918426419356","49.62488142931382","51.3262784453088","49.55035646263057","48.16464570556716","50.43587891500606"
"1682","57.8488226602613","56.77427957207067","59.67677578368887","49.80808204466356","49.053416981952964","51.0104639763817","50.34655221023571","49.7650220052503","51.00357624248553","51.27208408717876","51.19924997463126","51.38741966809673"
"1693","57.32516659544387","55.793776659718034","59.318580563247494","49.82741194240776","49.24675595090995","50.50361967824587","51.613636627230015","51.17031177481603","52.11298918456148","50.926257320433706","50.599997165935136","51.42866986185326"
"1704","58.74026021998075","58.43800228511522","59.00623725625817","49.46147766287894","47.869660902755015","50.725833896847725","50.42926790982413","49.692050144107824","51.10015779777525","49.07823017224997","47.1698942342058","50.1910488421698"
"1715","57.76696787402161","55.4765016182766","59.398312517184806","50.26319375912836","48.9566479112596","51.25899410954436","50.238204702965305","49.42600101082289","50.79951900442561","50.97517008259331","49.540350830612546","51.737778504862355"
"1726","57.39237790205692","55.9343676324217","58.955592223186635","49.57097755275499","49.11120363602601","49.92580683014545","50.917373045009754","49.826384569515184","52.27021217225399","50.93176853739211","50.57770599932776","51.14592030657421"
"1737","56.03092397492648","54.84197078913495","58.09111637877727","50.13253499657799","49.12505242257161","50.7186059389654","51.57622784192866","49.509551711897345","52.75643775226386","51.00084354837511","49.63509435793748","52.552742304568554"
"1748","57.26522381877208","55.91438698191333","58.76052238893425","49.84703588739644","48.9147260474507","51.24703510637634","51.218846397319204","49.911081975908694","52.34117285586326","50.829357545502205","50.30550787761387","51.31431951731853"
"1759","58.353487562375584","57.73936892044321","58.771051333421255","50.934840714932385","49.76942902971372","52.410925023422294","52.037962664963366","51.12339789056222","52.91870619704796","51.5419599995033","51.08069786772676","51.866903006095484"
"1770","58.582505628622506","56.85161658676581","60.16439596436262","50.52033660325008","50.36656256722991","50.63386155494961","50.51932782727359","50.054967461918736","51.22489871436725","50.92028278975943","50.67865096131554","51.3573374913171"
"1781","58.94673166615519","57.09181453049894","60.11879642420081","50.4680979270294","49.998529441443296","50.99427970632639","51.47692210207659","49.665480341014266","52.39234892802925","50.62181126309782","49.71507758140824","51.118355208692755"
"1792","58.15820900886865","56.966678039309315","58.905126068756616","50.53187213742556","49.939580608643176","51.141863746583034","51.398073458378974","50.87407769706444","52.348557192443046","50.76048384867075","50.14360765599179","51.603653902841835"
"1803","59.67582234778127","58.55075494507806","60.8830158590638","51.08414649225974","49.80718766380785","52.92376625619321","51.897711783746416","51.02984115480365","53.591586667814525","51.696355137196214","50.4282388594381","52.57990841829553"
"1814","56.356003907204716","55.43929244484974","57.48693459512701","48.896825848181756","47.829720640359305","50.459375526640954","49.74254348042975","48.58523979583905","51.2922110409643","50.736009757217296","49.276539681246334","51.481296457311466"
"1825","57.88817084653932","55.84103997040505","59.1707623695253","49.86739222248517","48.68430620769361","50.57035034599827","51.49886800375074","50.80821592325069","52.09197803905929","51.22315018431063","50.50885758771491","51.595904842645076"
"1836","55.531483907890525","54.66804885554478","56.32196523491429","49.20673186288684","48.292367923562004","49.91729493600246","48.91767689647639","47.60425774941787","49.939678267348995","49.623700018705215","48.06935548301714","50.67503581939932"
"1847","57.48155694437028","56.67368845668515","58.73710331786375","50.91025805483273","50.014222927009875","51.499726338962674","50.73885392607135","49.784866833789714","51.54120502265653","51.28288593861614","50.515800130599985","52.428628571653874"
"1858","57.963248784376255","56.566891494670756","60.240020440771104","50.90247886798321","50.304131984818845","51.57116313465728","51.46135540315328","50.82939157567564","51.96224481636797","52.252074570841536","51.339620772359","53.54431299238663"
"1869","57.9471987650146","56.132671319339906","59.64695966075376","50.70439432936064","49.75751629816547","52.27348688512088","51.41275328728054","50.0325292149316","52.47423530892424","50.655245279551906","49.16033665543755","51.918195976387565"
"1880","59.008981233420364","57.19362464775786","62.07358453447394","49.70336441106067","48.63867355349647","50.741457702047725","51.078864247744896","49.95703267359344","51.88060062845263","50.13733304584122","48.501544297108445","51.70237333368313"
"1891","59.4606855262174","58.49957439872694","60.52037902529419","50.595100597320936","50.15603165227871","51.45923369981367","51.726157589525805","51.51961995158149","51.95625719894451","51.149175136167365","50.71219494014609","51.927551654912214"
"1902","59.24666251157145","57.64190272501785","60.258764485075005","50.85151920206321","49.96447258729927","51.85589599246548","52.13474291147617","51.50518416213051","53.00201712359999","51.30258657975018","50.692272720839156","52.01328856378065"
"1913","59.27361462713858","57.45132847772949","60.875254550714466","50.095612637086994","49.5374309279559","50.98706491497887","50.72581862021968","49.55352798373773","51.83904626815165","50.89072519975445","49.60788491415038","52.85126934605722"
"1924","58.01101289759072","56.00781328622494","59.89984423658724","51.398154308243505","51.0743216289154","52.02195600393596","52.0192196917423","51.037166489670184","52.921045756971544","51.757285373121114","50.91327452244829","53.057765536911106"
"1935","58.41735803548814","57.634510239768474","59.1639072638675","50.08053187506075","49.07416992445419","50.60718194194313","51.16968574026148","50.78336330046609","51.684867261640306","50.88106539547499","49.20282276902317","52.34599729159273"
"1946","58.284341832792656","57.06265046156549","58.934764859431674","50.18111700425742","48.834430293386056","50.90685159043304","50.43457078874379","49.024541949540065","51.21703460895028","50.364814954219014","49.56234910281629","50.922009591372685"
"1957","59.546216081755496","58.13808354032157","61.57489167628823","50.87133488329343","50.05208641870114","51.57059588917317","51.78131179223883","50.92656651124639","52.52349775767002","51.39485826624746","51.16668913275874","51.69616377791942"
"1968","58.3887930076426","56.69658218013943","59.84851306228579","51.01516756549993","50.514388519598874","51.52557137284775","50.66873870220331","49.01448450231539","51.51171255060878","50.395838334086726","49.782068329820454","51.45325285788507"
"1979","58.991242399025545","58.037034221446426","60.18953696478495","49.00974095916221","45.4047205817573","51.22354182304804","51.96772886844254","51.097003461001144","53.12612438799522","51.7060511931505","51.389710491737205","52.07146555763727"
"1990","59.229636311183036","55.209735233870084","62.1075249292355","50.31242936833603","49.94200068419728","50.62518617926824","51.2659804781077","50.79535186635261","51.6525904198793","51.05233148713743","49.09379981829653","52.13634954450426"
"2001","58.81484720034473","57.932885176904776","59.38808028542868","51.29025026700574","50.408731166220136","52.29575777433589","51.527948072685405","50.12859405693675","52.59155276087947","52.008174333958586","51.59954703621206","52.24306086280666"
"2012","57.855769107695494","57.067804009547785","58.262569342259994","49.931407769837875","49.477976912427955","50.54790422122197","51.046504256830616","50.61036552761751","51.84436339469424","50.878471636924104","49.95377770205439","51.495094440837605"
"2023","57.568585719012965","54.27965243633089","59.94210646662469","50.97788318082436","49.06553893540353","52.173825857886314","51.37195902266807","50.289493256951985","53.057509790758026","51.76427408254741","51.39307220593956","51.95511354649854"
"2034","58.14883088481641","56.03711770154812","60.38054416778631","50.32580198213501","49.33719236341327","51.001912473714754","51.28921303094878","50.212152409621794","52.30881599706082","51.02418051984685","50.33338424690331","52.219704930606575"
"2045","57.396520571613024","56.77356945870821","58.300301273493154","50.02670264832248","48.93973357205398","51.54780434190417","50.16391340418286","48.710571117225236","51.51101327276068","50.946645340574655","50.51582066853774","51.38992202346684"
"2056","58.07102906973005","57.94661705755165","58.21201169028892","50.02816458060543","49.30308610669833","50.63859236879857","51.61084493879431","50.773214757488304","52.57525511911898","51.01098050229145","49.82486960005722","52.67201217555917"
"2067","58.61966539495571","57.757714760122894","59.32905139500648","50.48082525359672","50.38723096976459","50.57912234840311","51.50033870516742","50.56440502861953","52.06390994221249","51.64557349127952","51.155825998775676","52.11001874414819"
"2078","58.679220018880955","57.43903141072595","59.916333967169656","50.872260477065396","50.13849479285367","51.31478180902426","51.58630008719777","50.956225805012366","52.27275080568411","51.576165927859925","51.49982003850541","51.69788928944324"
"2089","59.68523681199971","59.26853898739944","60.13164535790435","51.17689588966622","50.884016261497614","51.63291494828891","51.49900301458532","50.80902123034357","52.52234724433206","51.433519756295276","50.88938527030551","52.016601269389945"
"2100","58.97258303902601","58.31866341137709","59.490857063222606","50.90867628309628","50.64562847933305","51.34321824807243","51.15864714514117","50.434065619052504","51.628887315361965","50.932517901729376","49.97251969999475","51.7521166870748"
"2111","59.46947208247397","59.01903465615343","60.00329741001533","50.743167414875195","49.960484652980895","51.426281336473835","51.68608500076814","51.061685600914444","52.546484462493325","51.694602891250476","50.51379994015972","52.53031351558011"
"2122","58.703741128586955","58.05793634487158","59.08295064231059","51.45547209783334","50.85639795377419","52.02670496147963","50.8011921884906","49.955701316522564","51.71722191049098","51.72075477521423","51.28779528604615","52.30100232743413"
"2133","58.35640215488845","56.350216111378344","60.36255780846417","50.881272358942006","50.223389880074464","51.557278771728285","51.80952038406043","49.74466886689962","52.86526483951618","51.377832078546895","49.530029736356546","52.48935829792545"
"2144","57.922219472666505","56.56363949256912","58.837910878419926","51.132499468280855","49.15316635455828","53.52206844450909","51.003561728072135","50.17974402912814","51.48958972234186","51.399225134710974","49.43932452190471","52.78105174231865"
"2155","57.565997403277244","56.201093771234035","59.37532384556804","50.31004851120025","48.779178867771","51.851011826600974","51.44779672242515","50.9902849144299","51.85204283332185","51.358402741385895","50.64123689061255","52.28904119332625"
"2166","60.3444887096565","59.25972530540039","62.378186453549446","51.232525680220846","50.776557985141224","51.7704489118786","51.25962297432804","51.183951677538786","51.37645153812967","51.7194345906251","50.93276226983089","52.9421949576478"
"2177","60.82258485543668","58.85304257284228","62.74476147734325","50.83832609768899","50.63087350325415","51.15381733159346","50.804696570145175","48.32307376457051","53.11476939281262","50.72908133503077","49.40926392094418","51.95315041665425"
"2188","58.4027196409649","56.86923266326677","60.741416620858914","50.900059560403484","50.06004143786763","51.72611972388626","50.93493249934854","50.41566455325792","51.43479972273188","51.529777833973164","50.4794590100815","52.577818976061664"
"2199","59.08735558872655","58.62034179445591","59.632390627925645","50.72624965481873","50.25732132090471","51.511836675209544","50.90094176488392","50.36721281999696","51.50311569548264","51.08846618052575","50.77434408391493","51.52865634451128"
"2210","57.25324002736024","55.054331000283106","60.37301159200765","50.59762399434871","50.168062094850846","51.03710640288863","51.698214282649815","50.34343660058142","53.12612259994235","51.880081410540726","50.340945371196774","53.538635850068"
"2221","59.31788241317747","56.74923326902931","61.32806024588774","51.11311453804529","50.59090879833168","51.86196676915959","51.29535560388221","50.223009840861856","52.00193179228997","50.666944215641216","50.20796145617306","51.37300955747071"
"2232","59.707538133186006","58.428201955390364","60.48238229998445","51.44022121238745","50.09778394590235","53.10165650758802","51.01277189136044","50.07339119641691","52.015719773274284","51.69388357113945","51.45661089066742","51.94978429713202"
"2243","59.3280798939279","57.71458051473568","60.191430804287585","50.85581892796544","49.011659260459595","52.014922704925254","50.459429546293514","49.022416725866115","52.447709846427585","51.61657957012059","50.5083078330821","53.700364329158546"
"2254","59.43275670721105","57.93577507325621","60.81390911391384","51.097952218138886","50.696448364226306","51.54511371687611","51.30038408193969","50.784292878197206","51.935724607816724","51.11301238778821","50.7333188439402","51.63473440670231"
"2265","60.72114828446391","58.34763130164536","61.979710195453","51.78681080526587","50.67517391615009","52.76750553700191","51.39181587549826","50.60046862879513","51.824148395162354","51.66722727359596","50.98515799952857","52.26781014692625"
"2276","59.21962817251008","58.65269657727883","59.823274739419176","51.50979700890156","51.04185984777633","51.91247947336725","51.10526373274928","50.63694433798997","51.71115506981964","51.417935751007086","50.80094878106967","52.26806605896479"
"2287","59.1254814383706","59.02717517482025","59.23890363569573","51.1543794377021","50.67966257051774","51.645069299833324","51.29143310235751","50.97637593707462","51.45526039872997","52.35940968801547","51.67812568355877","52.79153121188382"
"2298","59.58241645958859","58.45513439408503","60.43482535123959","51.93890103571431","51.55619966493384","52.206354637081475","51.731052121602154","51.58956707307359","51.931333630232565","51.57570204144118","50.30763321416573","52.358004419255074"
"2309","59.95688408338031","58.04880355460616","61.14390405022262","50.621280386430875","48.59656437936998","51.73662287012438","50.928786596149614","49.547232433769146","51.799724683817544","51.730854506787786","49.97928271478298","52.97303683845773"
"2320","59.22578020595764","56.94852654991297","60.93911900818225","50.74568954764186","49.98198856071671","51.45182976727051","51.85379657121204","50.740864149281805","52.64216905772334","52.02260649900885","51.6823538349192","52.369068101509484"
"2331","59.60655252897064","59.2879663846356","59.89182685860752","50.63578490099864","49.8781733526769","51.7725934508749","52.19230059062013","52.139701249280826","52.27652414953907","51.7867875283334","51.340804110074885","52.26024489123948"
"2342","58.50708230530614","57.69568731948942","59.45614333012519","51.91020297118365","50.99167402551035","53.23880841971201","51.540755505718984","49.922364335822735","53.159647575511016","50.35188643518694","48.38335098733499","51.4477115121021"
"2353","58.77742674074667","57.69853052383039","60.35370726032229","51.041925779363396","50.28044974424732","51.78769620537728","50.65680949495397","47.62007017477158","52.491593800137025","50.85582564872217","49.34485500240165","51.92865153853054"
"2364","59.699780307612876","58.2515934917904","61.30397381743735","51.04206537302279","50.30015971275123","51.7200709957652","51.234250051010385","50.978260433075526","51.612080597685306","51.55017594434818","50.81356138200028","52.234403683261384"
"2375","59.19962238241731","56.87641988607479","61.763032900053226","51.56878546574173","50.971890441230485","52.18011911016581","52.30917841404621","52.15101031747916","52.622580093916426","52.31417023145226","50.96973302685399","53.35294698363212"
"2386","58.2291251824546","57.6406179726907","58.58570623841666","50.937809800817575","49.59229653848421","51.81476581943249","50.77415394057383","50.15669274679771","51.13770424661611","51.2171566394033","50.66342261084595","51.59682779467802"
"2397","59.81894960363453","58.452007039680005","60.60893583927477","53.369925441212025","52.41055069434949","54.18365218495295","52.52355577078698","51.662099703773265","53.31742444451494","51.95920986679093","50.91305324480394","53.35393920269236"
"2408","59.91159101383108","59.092852497816715","60.6936780764547","51.400064342113524","51.00534656596513","51.95894536201507","50.12172223644949","47.227610338201934","51.95892323985206","50.34398011804394","48.268572658574506","51.773266491283856"
"2419","59.52891250612487","58.39634028393889","61.15300846411928","50.932761334393085","50.32020058973795","51.733098855013694","51.57021867257988","51.45052017548187","51.72540604484997","51.5339268178472","51.27071133503428","52.008712940245005"
"2430","59.909295283946825","59.81792142370388","60.04962799849456","51.74827694012768","50.713463318968245","53.02577346761876","52.01561197444129","51.38316630894163","52.75140472404634","51.79415211485652","51.0130637243566","53.35456862469333"
"2441","58.97017693840352","57.2181973494814","60.31093887113279","51.69324541830019","51.04073763755717","52.36081178767013","52.47172669989689","51.98436534126548","52.937971149956276","52.0421823299308","51.09201397219268","52.61915802071495"
"2452","58.86348196668223","57.917211322424336","60.635635233349845","52.01147015416979","51.369281203278774","52.63707685374411","51.736580629218146","51.495590614685206","52.10947112101072","51.797406196987914","50.802586283721745","52.90399070240039"
"2463","59.3542541639132","57.715053004916626","60.90698373001403","50.65060043964407","49.7716436295505","51.34836130343665","50.96520759380771","50.280550065244526","51.57578607299981","50.91124735744006","50.45479587006069","51.46655904763328"
"2474","58.916395852619566","58.42192141354447","59.32188059525275","52.44073495442848","52.11392014096647","52.96391880452692","51.50850504266962","51.36539878609924","51.60286655669328","52.20563836972917","51.80542070867132","52.55003523720792"
"2485","59.747522546786854","59.22170502379909","60.525060365259336","52.544965011631575","51.88592506768545","53.66124001862026","52.086726840384905","51.31309911134692","53.157586495389545","52.88559639507184","51.30679358029103","54.927313645951"
"2496","60.09011667980059","56.84431849765118","61.7916039916485","51.712456133561666","50.37868811924439","52.848293306115565","51.60749019477684","51.55423448148764","51.65508649469149","52.22475107221036","51.38751787043752","52.73797970430579"
"2507","59.0861414940421","57.1767812301087","60.67189152100819","51.01540262959617","50.31538329952972","51.666455676416135","51.62106837746211","51.09119658714479","52.29539594571338","52.054270698967905","51.03207541119223","53.165340210462844"
"2518","59.213986263678805","57.23686305851957","60.45656705724143","52.31658514300633","52.07084422576689","52.48607520585307","52.26691779792656","50.6035039224424","54.26069089823975","52.847659104264416","51.63231238214447","53.664317507868326"
"2529","59.284429598338725","57.239876920381505","61.411509484673104","51.61851912880712","50.87789836410998","52.39574665139975","51.56677418030532","50.530435239772764","52.31211523071305","51.7583066672345","50.92193724488982","52.93852953498866"
"2540","58.244435116526056","55.91436726923936","59.844184083424224","51.5609791618636","51.04477477474932","51.90843428044097","50.03453340128655","49.008198995672544","50.585391707829125","51.07274195678249","50.67195869406329","51.641961677394605"
"2551","58.935135945468694","56.20096835986675","61.41369149659729","51.71596451033855","50.62575251583216","53.26735724463449","50.29402097775585","49.2329983374576","52.21675983556268","51.67301369332264","50.09776682247949","52.89655795900218"
"2562","60.189796729213846","59.13118415811348","61.41623351589478","51.3515174360781","50.84732931086275","51.83067919750541","52.02261301733","51.50401749980576","52.38009641046507","51.54522022381591","50.79713031598735","52.35257661291216"
"2573","58.325510138663084","55.05727411175695","62.00013751742231","51.89970338110769","51.10929775437995","52.91776016625791","50.88036548389734","49.32157381129869","52.11081526121218","51.61712593993127","49.237010476923274","53.813620959612685"
"2584","60.24731150978965","59.55907428386494","61.34346576208863","52.012963548185894","51.66974506705692","52.43560857593532","51.047839821219924","50.616350566503385","51.717532842147364","52.23836367371444","51.43188434666511","52.70778883875306"
"2595","59.418275169581044","59.04159852748667","60.133307919829534","52.14562697517021","50.95828393671186","52.86457169536993","51.84147372291134","51.31506971925628","52.56330791465969","51.335345779173146","50.075767449100724","52.62290298166653"
"2606","59.878213784487876","58.735416397250575","61.077257361044396","51.76121289874791","51.503162642750944","52.22869303396651","51.55001685140589","51.144071214954","52.07154874661042","52.330697290967606","51.61286097057503","53.10019438554211"
"2617","59.05795874385917","58.03616747127688","60.0666647470793","51.13215156492549","50.47042305179333","52.078562470735605","51.47934158120688","50.45249506910525","52.15906160162783","51.48838926401347","50.172516115584514","52.63781072002733"
"2628","59.12105306651432","57.68419199012202","60.135944588824074","52.07032863449047","51.336630226259444","52.98635630972566","51.728929608533974","51.214375127902045","52.293181253806225","51.81769678665761","51.16218484254671","52.32359834228255"
"2639","60.06163257678423","58.786471750810065","60.74645152075491","51.4670518529857","50.67517745558631","52.48791263129216","50.7737358422037","50.29268753141311","51.579201070998394","51.00609617594702","50.334044624360736","52.00745149237448"
"2650","59.17317738189004","57.88275788426431","60.59036689452436","51.638641493457904","50.790843484764906","52.52199553153865","51.630505613781445","50.95378471220815","52.62378183407668","52.820156040649515","51.68594858589548","54.1876630169023"
"2661","58.693553999347294","57.25389127927819","60.48410344428688","52.258106874100726","51.46576324261641","53.72817812375981","51.56806361283464","49.05309169860756","54.623778985392185","50.66575604734759","49.245225639781","51.37654149647837"
"2672","59.03627563928229","57.83789366414256","60.49463059002244","51.39788195739319","50.68745402252923","51.93712162889976","51.5329154541919","50.56195615536874","52.03988325361811","51.37269002606302","51.1264207775953","51.75630830570657"
"2683","59.12630407338467","57.651367069697116","60.305756907996724","51.20641336307682","49.80183734923468","52.15598869064352","50.849068691537944","50.15020443881928","51.91067238490481","51.10459458753158","50.43699532361365","51.4896367362442"
"2694","59.911521176694414","57.07512838017965","62.43937848518608","51.84334895216862","51.63647627322507","52.112629241974865","52.217205076813435","51.4342716913268","53.31037089416943","51.80379170553669","51.40113120050555","52.38649421385016"
"2705","60.80418677210216","59.92499207562987","62.28323408581828","52.5135047285892","51.47323710101449","53.70027232194248","51.78901706628011","50.79636616074641","52.73093520206919","51.68937378525857","51.419937877497304","52.12880159966469"
"2716","59.343306433339144","57.4287955535053","60.51045637964521","51.88865419009834","50.441838903964374","52.91357979973428","51.686534373385335","51.29636394173535","52.23121732351954","52.76895622887795","52.47738604856837","53.290932626497884"
"2727","60.32526409500485","59.05201685200511","62.11197389783824","51.83980179668316","50.54666734956122","52.521129921907246","52.49584214059475","52.132325350422455","52.91939472337892","51.48769311446404","50.57744239270235","52.87812444392531"
"2738","58.20088907864581","55.74343935717068","59.49072163127825","50.89976204539946","50.56203397737825","51.44618093420546","51.90689196676194","51.56084358101002","52.51061025693734","51.32417743210368","49.15539420635565","52.768882567449815"
"2749","60.151850473144655","58.480888222884275","63.30681549638998","51.838978612499204","51.32747486563714","52.7904742171507","51.88659949400424","51.146964130172684","53.10482210973447","50.685466779356396","49.527029695810896","51.635310164739494"
"2760","58.63715989335375","56.238035355838896","61.69019300230311","51.20533674696759","50.98163956048985","51.58392767996095","51.85646114388775","51.63695910165673","52.20305865124931","52.498139948530316","50.825885510832855","53.748438826305325"
"2771","58.8092224719766","57.90163901902615","59.52856044843397","53.114922962151276","52.48306730715766","53.92244024620074","52.966041882919434","51.67823263373931","55.05061995550612","52.69453805208207","52.099002027016695","53.17630277249244"
"2782","59.73831523260452","57.74545394291836","61.415441933959826","52.12661703585769","51.72609686340932","52.34107443723544","52.11241388472704","51.645820196976885","52.7554832770699","52.37828976557649","51.36916335331792","53.769594955582626"
"2793","59.253775663898274","58.673103176919255","59.76766315151082","52.416020655649255","51.441305679095365","53.28775159264476","51.93276151225231","51.615398153558395","52.42978709702351","51.2307487937231","50.57086794569172","51.9480438862985"
"2804","58.824959370039245","57.916441128863994","60.07164442453568","52.48842650392865","52.13769775551242","52.89906175487535","52.193781985616454","51.76269952185233","52.688406492050305","53.20953973219496","52.802423989839305","53.90818943575617"
"2815","58.41868821719434","57.24449035324987","60.500952379179886","52.79678426953243","51.713941028014574","53.791929180849976","52.708190368141","50.69931106108693","55.344897673671085","51.46232421683256","50.28827484068698","52.27187783649244"
"2826","59.59768101360661","57.40961403266569","63.27675250231702","51.849731777147326","50.73385854145927","52.803349155073626","51.035244739200785","50.3555174318407","51.793708770587045","51.73645885720765","51.05469022992554","52.53029928244191"
"2837","59.415253820280526","59.080473263315184","59.82896033304161","51.811887770745614","50.872168652084845","52.65526273933185","51.774084878659345","51.197768830539914","52.13005494480346","52.46780056195869","51.82427728148532","53.67522150674942"
"2848","58.20149075505329","56.92982511630809","59.18936382354159","52.05279480715755","51.06889305059714","52.6476699622261","51.44670528429373","51.100836689353834","51.63911888913874","52.32089137280199","51.9806356658608","52.721457945950434"
"2859","59.17852080972933","55.07119148937956","61.784132874575775","51.44838094275057","49.48917866857857","54.10760022926932","50.21189373685025","48.31976365779656","51.82802969764292","50.646606773988395","46.25416454926199","53.14904759794631"
"2870","59.23960329350573","58.23669176604864","60.506730189707035","50.66396060478056","47.457095081506374","52.42624223732402","50.76700681925089","48.7312638677689","53.111153152472035","51.82058511122707","51.282091081256354","52.67237111829856"
"2881","59.27639523190867","57.97981632254457","60.606490272398766","51.715635156612926","50.46005852822375","52.608836058742305","51.71508904051634","51.35072758443469","52.10906012703059","51.36514237226313","50.49980815112711","52.343015005254664"
"2892","59.31433668488296","57.67711219418138","61.96870213487919","51.508167096697015","50.54931804555845","52.6793502587184","52.01383027702796","51.04493749149365","53.23650492210063","51.58672031295216","50.74199925250936","52.30309809100042"
"2903","59.70551669866588","59.097676454189596","60.158496829827584","52.81602819650818","52.49104945387434","53.45483745874369","51.63505624910749","49.62265736639706","52.7363349315257","51.40347815820754","49.99536736198223","52.44810083909897"
"2914","59.42355074230603","59.156102194545745","59.81467220869265","52.35891488543311","51.71129035656484","53.52218031003383","50.964367332214294","50.09688461144664","51.59410352614592","51.63468323198662","51.12267539437036","52.29000339878254"
"2925","59.94583862062459","58.79058355182194","61.11519003455148","52.13416387740713","52.03562896064043","52.19822723371495","51.94145255242504","51.48296013364626","52.480877236026245","52.465140830947654","51.96924686645017","53.03871224278966"
"2936","59.936416936854016","58.50403570930983","61.92916161473719","52.575807782730294","51.60019585410155","53.88342149120308","51.87993247734798","50.903474657818755","53.63701508929294","52.04027263130175","51.27052967480455","52.722733116597496"
"2947","58.99786378936648","56.83496144417086","61.06749695946938","51.989423654126746","51.26025289821649","52.88337585195158","51.87322288679965","51.38048519204784","52.46255128755901","52.70940714512769","52.21332847781332","53.514632753186085"
"2958","59.296039344384184","58.84285546706781","60.083667264739844","52.35969853557345","50.63281513342931","53.39395141615722","50.70409137804933","49.722689730023376","51.314081136416085","52.09185502434351","51.0810403850913","53.04253786396589"
"2969","60.464629281557194","59.451267799424116","61.7039020978621","52.63082739196358","51.960906805056155","53.052155431181156","51.65928473937432","51.46078013325465","52.02112302756856","52.22125795471512","51.41338149363311","53.00680957113038"
"2980","60.172697857279196","58.39798903584502","61.71812599087285","52.33583864244212","51.677937244412234","53.152659865429754","50.962871747412","50.03843936749226","51.507372607505296","51.97095803272799","50.53395522848844","53.39791817667636"
"2991","59.901970436323474","58.7792728256003","61.9107085477642","52.93615851259339","52.725953335290185","53.046891279582155","52.320731009019404","51.438741409599324","53.212361773122396","52.19115852278494","51.00491423644054","52.88597753891868"
"3002","59.62976606571169","58.34801907412479","60.493882168355334","51.72719162740339","51.34549529718576","52.28736901292891","51.62332166262999","51.26342598298207","52.0754960937133","52.383253165957065","51.550734075055786","53.415525229713786"
"3013","59.11961301905097","58.74218424870982","59.391611818212354","52.012282299096285","51.80615300005136","52.247506663086746","51.29131245892872","50.55101711741618","51.80806210188695","51.96661984193404","51.85099925681773","52.16132378182651"
"3024","58.23282803383796","57.885176011654515","58.453317071076334","52.01530627715484","51.824587761111516","52.15762245408898","52.44965175275596","51.41216951672216","53.10882426744378","51.80017520657436","50.70313838481074","52.49953045778219"
"3035","59.85481795979333","58.00095511486565","63.317694758361526","52.18225574445338","51.769418276745625","52.867571734914534","52.922506092925566","52.21683376909583","53.632542645080115","52.25677997311103","50.80115447926234","53.36099147045998"
"3046","60.552892137404626","58.21875689449634","61.85483004109269","52.143938893287526","51.49883545530042","52.78894712201145","51.41556360708777","51.024297174940344","51.65524984610761","52.311699453298026","52.027589292919444","52.74012504274613"
"3057","58.735527322698516","57.24055105527443","60.31958615930629","51.870419112420315","50.67559223123656","52.748577083534215","51.80390212077103","51.53920083249093","52.132876153318065","51.830557995213574","50.62873377535755","52.68185473674227"
"3068","58.516804538910776","56.89942473674173","59.661584859233905","51.92106374419439","51.888199368773634","51.94734333322542","51.26200007398288","50.42406153215827","51.76592529930334","52.595623489948956","51.712368286801485","53.48320554290719"
"3079","59.320268219414125","57.82691248203148","61.7903080807273","51.54435517737253","50.23534605249206","52.944916623896894","51.298122022508494","50.90736286532065","51.752111802181375","51.470000769742164","50.63282284395352","52.38069380728812"
"3090","60.56898513799846","59.708866065228825","61.22194932231717","52.25567163215707","51.7917120003945","52.58874612694907","51.51449107156032","51.13183822694813","52.204565973085224","52.871471569293114","52.669797917837364","53.194125592912165"
"3101","59.82190818270603","57.52565932059988","61.38696697437937","52.24667579712489","51.07916021970529","52.98173399145146","52.576133546973495","52.03051944602163","53.19208283089828","52.98353070702084","52.558758849771","53.29384677740948"
"3112","58.299287471106204","55.899396335762034","60.76844773148171","52.128453209053326","51.21360913820406","53.396064356270315","52.138956011627776","51.53559990196574","52.594239430159675","52.64775150211693","51.191919120665474","53.71935749115416"
"3123","60.04818988118402","58.14128348285402","62.28575821578211","52.75569141694486","52.1580583279517","53.66032469359006","51.75936703969177","50.760285646915925","52.53508099424745","52.08956159135476","51.69240676636728","52.855506336148856"
"3134","57.74166165304391","55.7518213423845","59.45702611619365","51.969395178469945","50.25631660758396","53.52067759444528","50.88454605139813","48.772608523668545","52.20250710260249","52.9608652311591","52.16647525609875","54.22242951240207"
"3145","60.74006099904025","58.951142457043844","62.12411989924838","52.45572686798162","52.1126424636474","53.10908911108707","52.217114877645535","51.05291610630444","53.28588107549494","52.242751181529535","51.38092898351167","53.14072291962892"
"3156","58.38167077300913","57.920946717228254","58.989228603487064","52.590355872387256","52.02417919176298","53.14034054481008","51.46777866635506","50.669732026409825","51.97197207489518","51.42678812083641","50.02502259475389","52.95704858483642"
"3167","60.5852295895491","59.00281713085756","61.77673215326926","52.1192762988361","52.014890692833134","52.28793096825601","50.34012885174979","48.28427619068911","51.64971061345257","51.839803546376636","50.65707888325898","53.11619007205583"
"3178","61.03092222762501","60.670187139900364","61.551077061261914","53.310708818081196","52.823269882433046","53.83838807204021","51.388107205666195","50.62724873437982","52.456875074410185","52.82738390711102","52.311222166218805","53.43474612227455"
"3189","59.96446848332594","56.28036896944425","62.35342876182987","53.16295034880822","53.1502023085899","53.17499161170675","52.142874117689395","51.49759126680036","52.659059375168496","51.74165590450351","51.66786775238088","51.84658297413257"
"3200","60.16782011819598","58.29716817194567","62.37204197218023","51.23828371842084","49.29855364529741","52.647846268398766","51.85874905460191","51.19137887551698","53.12834829416712","50.69419897670826","47.80646928951743","52.615366459512494"
"3211","58.99453191733699","57.324340944069526","61.4603219766185","51.840772331082775","51.00870890644798","53.47891739972903","52.412578395509996","50.50856025970683","53.73522097659353","51.86633228086686","50.10492352017887","53.6350918664005"
"3222","60.61051028077375","58.687947740992755","62.23514576687268","52.98157299434697","52.66027709410052","53.16721590685451","52.82540817792883","52.29607337255916","53.67365654461021","52.44795938473547","50.912125099757944","53.35246594229636"
"3233","59.590308154211044","58.76450937655072","60.30052824610392","52.147563899195895","51.47746472245674","53.22191591369847","52.2905353720923","51.775478254775884","52.60153363311703","52.633919357725254","50.799175503194064","53.627616762998535"
"3244","60.30808186909082","60.17158796820056","60.41318446126403","52.51791601542183","51.90125296187208","52.94700340812894","52.012392638200886","51.63165280483844","52.28810748016639","51.9833076518053","51.39014574554975","52.54595568547817"
"3255","59.774517034845054","57.96183351833044","61.20747322277019","52.69224689106511","52.516264393074536","52.956708992120014","52.28815823155477","51.70458764743394","53.25505129331606","52.172762267223995","51.666459872676114","52.59931007039667"
"3266","59.31876191619856","59.16680878142377","59.6199531028618","52.45607795948177","51.60672139263431","53.05353597731137","52.81619433573989","52.23480741705248","53.11543975885779","52.56340355001163","51.71542320077293","54.23242282467654"
"3277","60.54099348896684","59.76526338450386","61.211677146105686","53.22501141693019","53.12809182785064","53.40196287299417","53.22500846139823","52.852669924046","53.67368658788016","53.50595640056932","52.53185969160431","54.08777414009535"
"3288","60.57654717143231","59.543750780046494","61.33793111976494","53.1581644750612","52.162814894414964","53.727965425363834","52.81123251775873","52.681702389091036","53.06752532522434","52.57491323069937","51.46474019098563","53.99611809539245"
"3299","59.6196678004643","58.47758356146302","61.303715736392874","52.88274754822029","52.24941220126406","53.88939283098271","52.10139083271182","51.015014219890496","52.78899939311342","51.28394377665891","50.19388869020584","52.513635857346436"