"Step","Prod-TD3-BC-alpha20-noACLN-halfcheetah-medium-v2-40600f64 - d4rl_normalized_score","Prod-TD3-BC-alpha20-noACLN-halfcheetah-medium-v2-40600f64 - d4rl_normalized_score__MIN","Prod-TD3-BC-alpha20-noACLN-halfcheetah-medium-v2-40600f64 - d4rl_normalized_score__MAX","Prod-TD3-BC-pretrainBC10k-alpha20-halfcheetah-medium-v2-c365d460 - d4rl_normalized_score","Prod-TD3-BC-pretrainBC10k-alpha20-halfcheetah-medium-v2-c365d460 - d4rl_normalized_score__MIN","Prod-TD3-BC-pretrainBC10k-alpha20-halfcheetah-medium-v2-c365d460 - d4rl_normalized_score__MAX","Prod-TD3-BC-pretrainAC10k-alpha20-halfcheetah-medium-v2-8d6bc69a - d4rl_normalized_score","Prod-TD3-BC-pretrainAC10k-alpha20-halfcheetah-medium-v2-8d6bc69a - d4rl_normalized_score__MIN","Prod-TD3-BC-pretrainAC10k-alpha20-halfcheetah-medium-v2-8d6bc69a - d4rl_normalized_score__MAX","Prod-TD3-BC-alpha20-halfcheetah-medium-v2-d14e8092 - d4rl_normalized_score","Prod-TD3-BC-alpha20-halfcheetah-medium-v2-d14e8092 - d4rl_normalized_score__MIN","Prod-TD3-BC-alpha20-halfcheetah-medium-v2-d14e8092 - d4rl_normalized_score__MAX"
"1000","-2.3306496427565317","-2.3306496427565317","-2.3306496427565317","30.291008824641796","30.291008824641796","30.291008824641796","30.291008824641796","30.291008824641796","30.291008824641796","-2.431315355255139","-2.431315355255139","-2.431315355255139"
"2000","-2.574767911653227","-2.574767911653227","-2.574767911653227","42.76982333740864","42.76982333740864","42.76982333740864","42.76982333740864","42.76982333740864","42.76982333740864","-3.7633657879921034","-3.7633657879921034","-3.7633657879921034"
"3000","-2.2293679163823894","-2.2293679163823894","-2.2293679163823894","42.49151835650333","42.49151835650333","42.49151835650333","42.49151835650333","42.49151835650333","42.49151835650333","-0.26381025006088343","-0.26381025006088343","-0.26381025006088343"
"4000","-2.2338915284106595","-2.2338915284106595","-2.2338915284106595","43.098650735253564","43.098650735253564","43.098650735253564","43.098650735253564","43.098650735253564","43.098650735253564","0.418916053221938","0.418916053221938","0.418916053221938"
"5000","-1.9412865853497816","-1.9412865853497816","-1.9412865853497816","42.94666899211009","42.94666899211009","42.94666899211009","42.94666899211009","42.94666899211009","42.94666899211009","-0.16710132321599902","-0.16710132321599902","-0.16710132321599902"
"6000","-1.9118239903784435","-1.9118239903784435","-1.9118239903784435","33.856345685694684","33.856345685694684","33.856345685694684","33.856345685694684","33.856345685694684","33.856345685694684","-0.6423512223288792","-0.6423512223288792","-0.6423512223288792"
"7000","-2.7195105429773827","-2.7195105429773827","-2.7195105429773827","42.75883541724995","42.75883541724995","42.75883541724995","42.75883541724995","42.75883541724995","42.75883541724995","-0.2544521452033815","-0.2544521452033815","-0.2544521452033815"
"8000","-2.9671338135095935","-2.9671338135095935","-2.9671338135095935","37.925525258877","37.925525258877","37.925525258877","37.925525258877","37.925525258877","37.925525258877","-0.2582546505787653","-0.2582546505787653","-0.2582546505787653"
"9000","-2.439331393146295","-2.439331393146295","-2.439331393146295","38.52265472239068","38.52265472239068","38.52265472239068","38.52265472239068","38.52265472239068","38.52265472239068","-0.20685251174575497","-0.20685251174575497","-0.20685251174575497"
"10000","-2.5061565662304583","-2.5061565662304583","-2.5061565662304583","42.649355049478","42.649355049478","42.649355049478","42.649355049478","42.649355049478","42.649355049478","1.4938606893972173","1.4938606893972173","1.4938606893972173"
"11000","-2.741726266487073","-2.741726266487073","-2.741726266487073","-3.1459214174253174","-3.1459214174253174","-3.1459214174253174","13.46928877111446","13.46928877111446","13.46928877111446","0.7405445836872103","0.7405445836872103","0.7405445836872103"
"12000","-2.880416635808569","-2.880416635808569","-2.880416635808569","-0.9851982192302966","-0.9851982192302966","-0.9851982192302966","31.53741047683646","31.53741047683646","31.53741047683646","0.40135149800162817","0.40135149800162817","0.40135149800162817"
"13000","-3.029417902832674","-3.029417902832674","-3.029417902832674","-0.059480696445828866","-0.059480696445828866","-0.059480696445828866","12.74988029405743","12.74988029405743","12.74988029405743","2.1950511560468415","2.1950511560468415","2.1950511560468415"
"14000","-2.1602572696322992","-2.1602572696322992","-2.1602572696322992","0.9178790468581357","0.9178790468581357","0.9178790468581357","34.16325807936778","34.16325807936778","34.16325807936778","1.3047525670505","1.3047525670505","1.3047525670505"
"15000","-2.016357852412037","-2.016357852412037","-2.016357852412037","-0.2702766108630595","-0.2702766108630595","-0.2702766108630595","27.15529217075205","27.15529217075205","27.15529217075205","10.042734043186751","10.042734043186751","10.042734043186751"
"16000","-2.5329639135288438","-2.5329639135288438","-2.5329639135288438","0.1769660207549282","0.1769660207549282","0.1769660207549282","26.82349905258594","26.82349905258594","26.82349905258594","12.34952212481164","12.34952212481164","12.34952212481164"
"17000","-3.2102688322094277","-3.2102688322094277","-3.2102688322094277","2.7021632656920174","2.7021632656920174","2.7021632656920174","45.322084096947115","45.322084096947115","45.322084096947115","8.239244039768009","8.239244039768009","8.239244039768009"
"18000","-3.2520781511936776","-3.2520781511936776","-3.2520781511936776","0.8490545035471829","0.8490545035471829","0.8490545035471829","44.57194690271456","44.57194690271456","44.57194690271456","17.891841277006872","17.891841277006872","17.891841277006872"
"19000","-1.0804469191957373","-1.0804469191957373","-1.0804469191957373","1.5491828841322048","1.5491828841322048","1.5491828841322048","45.76510047329613","45.76510047329613","45.76510047329613","24.203277080328508","24.203277080328508","24.203277080328508"
"20000","-2.0585365217540708","-2.0585365217540708","-2.0585365217540708","2.7226407103084327","2.7226407103084327","2.7226407103084327","45.14665088326077","45.14665088326077","45.14665088326077","13.641195037548162","13.641195037548162","13.641195037548162"
"21000","-3.1304878994155563","-3.1304878994155563","-3.1304878994155563","0.37457953881186956","0.37457953881186956","0.37457953881186956","46.08443802815418","46.08443802815418","46.08443802815418","27.570833754531986","27.570833754531986","27.570833754531986"
"22000","-2.0861650108673313","-2.0861650108673313","-2.0861650108673313","8.489324893489073","8.489324893489073","8.489324893489073","46.94925079522985","46.94925079522985","46.94925079522985","35.34760805946425","35.34760805946425","35.34760805946425"
"23000","-1.5841493996714842","-1.5841493996714842","-1.5841493996714842","7.066297729528268","7.066297729528268","7.066297729528268","45.30129905643588","45.30129905643588","45.30129905643588","28.29669501097392","28.29669501097392","28.29669501097392"
"24000","-2.1303275741099457","-2.1303275741099457","-2.1303275741099457","14.065441156707276","14.065441156707276","14.065441156707276","44.95294339035554","44.95294339035554","44.95294339035554","40.983742585232875","40.983742585232875","40.983742585232875"
"25000","-2.2394408320079258","-2.2394408320079258","-2.2394408320079258","2.796254246720839","2.796254246720839","2.796254246720839","46.26842649809401","46.26842649809401","46.26842649809401","30.12630771321859","30.12630771321859","30.12630771321859"
"26000","-1.8840686358012886","-1.8840686358012886","-1.8840686358012886","19.217295713642148","19.217295713642148","19.217295713642148","45.56226671480955","45.56226671480955","45.56226671480955","39.48485752105882","39.48485752105882","39.48485752105882"
"27000","-0.9616743432416833","-0.9616743432416833","-0.9616743432416833","20.892010657176503","20.892010657176503","20.892010657176503","45.87626853593038","45.87626853593038","45.87626853593038","30.546214816159313","30.546214816159313","30.546214816159313"
"28000","-2.402758550669695","-2.402758550669695","-2.402758550669695","19.766016594404412","19.766016594404412","19.766016594404412","41.70825005915868","41.70825005915868","41.70825005915868","36.58258122599241","36.58258122599241","36.58258122599241"
"29000","0.9306727747692182","0.9306727747692182","0.9306727747692182","31.10800420605172","31.10800420605172","31.10800420605172","46.61066434944433","46.61066434944433","46.61066434944433","36.72586776695263","36.72586776695263","36.72586776695263"
"30000","-0.8427443985781827","-0.8427443985781827","-0.8427443985781827","29.887436017348566","29.887436017348566","29.887436017348566","45.75170400726705","45.75170400726705","45.75170400726705","42.403165092642126","42.403165092642126","42.403165092642126"
"31000","1.005582016058678","1.005582016058678","1.005582016058678","28.758879666991703","28.758879666991703","28.758879666991703","45.576736817340965","45.576736817340965","45.576736817340965","42.89872405848126","42.89872405848126","42.89872405848126"
"32000","-1.3470791889170586","-1.3470791889170586","-1.3470791889170586","31.619439474084942","31.619439474084942","31.619439474084942","45.44974003632759","45.44974003632759","45.44974003632759","37.20409270989193","37.20409270989193","37.20409270989193"
"33000","3.3723687582154147","3.3723687582154147","3.3723687582154147","40.31809380852105","40.31809380852105","40.31809380852105","45.80081146856101","45.80081146856101","45.80081146856101","43.083820788628444","43.083820788628444","43.083820788628444"
"34000","2.720961924811163","2.720961924811163","2.720961924811163","37.09210785440244","37.09210785440244","37.09210785440244","45.47132499586702","45.47132499586702","45.47132499586702","43.817089640119086","43.817089640119086","43.817089640119086"
"35000","0.5974781838734575","0.5974781838734575","0.5974781838734575","39.607461221965025","39.607461221965025","39.607461221965025","46.21820106189682","46.21820106189682","46.21820106189682","43.49428466625658","43.49428466625658","43.49428466625658"
"36000","2.7342418145421217","2.7342418145421217","2.7342418145421217","40.88315210083471","40.88315210083471","40.88315210083471","45.88964026691384","45.88964026691384","45.88964026691384","44.605124264242285","44.605124264242285","44.605124264242285"
"37000","6.384288295175968","6.384288295175968","6.384288295175968","43.15214692142631","43.15214692142631","43.15214692142631","46.316783758010324","46.316783758010324","46.316783758010324","43.84517806752804","43.84517806752804","43.84517806752804"
"38000","1.845595836453586","1.845595836453586","1.845595836453586","38.810877980142806","38.810877980142806","38.810877980142806","45.596389451906624","45.596389451906624","45.596389451906624","42.35559328143618","42.35559328143618","42.35559328143618"
"39000","5.750105552568","5.750105552568","5.750105552568","40.46498706094715","40.46498706094715","40.46498706094715","45.5976952130803","45.5976952130803","45.5976952130803","44.35311452948872","44.35311452948872","44.35311452948872"
"40000","3.7243792137133984","3.7243792137133984","3.7243792137133984","45.102620112431815","45.102620112431815","45.102620112431815","46.56649097455494","46.56649097455494","46.56649097455494","44.99699907105534","44.99699907105534","44.99699907105534"
"41000","8.578185078998095","8.578185078998095","8.578185078998095","44.89763490620201","44.89763490620201","44.89763490620201","45.86623292536352","45.86623292536352","45.86623292536352","45.574920571434596","45.574920571434596","45.574920571434596"
"42000","3.7843725353045867","3.7843725353045867","3.7843725353045867","44.75082872381576","44.75082872381576","44.75082872381576","46.26584495630095","46.26584495630095","46.26584495630095","44.73479963787001","44.73479963787001","44.73479963787001"
"43000","7.166545409780074","7.166545409780074","7.166545409780074","36.21290841621211","36.21290841621211","36.21290841621211","47.74120993976289","47.74120993976289","47.74120993976289","44.2901681520117","44.2901681520117","44.2901681520117"
"44000","3.066070286833371","3.066070286833371","3.066070286833371","44.92321883083873","44.92321883083873","44.92321883083873","45.598684623067186","45.598684623067186","45.598684623067186","44.048697458449645","44.048697458449645","44.048697458449645"
"45000","8.042257708903993","8.042257708903993","8.042257708903993","40.548156673887846","40.548156673887846","40.548156673887846","46.373732722666375","46.373732722666375","46.373732722666375","45.22116337637458","45.22116337637458","45.22116337637458"
"46000","9.332273836622093","9.332273836622093","9.332273836622093","44.08330281719151","44.08330281719151","44.08330281719151","46.12171728809974","46.12171728809974","46.12171728809974","45.83677364237523","45.83677364237523","45.83677364237523"
"47000","9.179552652869086","9.179552652869086","9.179552652869086","45.01142147111318","45.01142147111318","45.01142147111318","46.7665550095322","46.7665550095322","46.7665550095322","45.23968832108911","45.23968832108911","45.23968832108911"
"48000","6.391547382713815","6.391547382713815","6.391547382713815","44.35485700799606","44.35485700799606","44.35485700799606","47.01801393747297","47.01801393747297","47.01801393747297","45.22444391610655","45.22444391610655","45.22444391610655"
"49000","8.706723599347285","8.706723599347285","8.706723599347285","45.64744642597701","45.64744642597701","45.64744642597701","46.19945810204555","46.19945810204555","46.19945810204555","45.50505829694752","45.50505829694752","45.50505829694752"
"50000","8.853440868897017","8.853440868897017","8.853440868897017","45.39420073676119","45.39420073676119","45.39420073676119","45.588745535967995","45.588745535967995","45.588745535967995","45.40394481420828","45.40394481420828","45.40394481420828"
"51000","8.731692677645674","8.731692677645674","8.731692677645674","44.499087568352316","44.499087568352316","44.499087568352316","46.28773553750388","46.28773553750388","46.28773553750388","45.022676606618084","45.022676606618084","45.022676606618084"
"52000","11.098818137118863","11.098818137118863","11.098818137118863","44.64650854742475","44.64650854742475","44.64650854742475","45.64189575123972","45.64189575123972","45.64189575123972","45.18754872776516","45.18754872776516","45.18754872776516"
"53000","9.739496059610245","9.739496059610245","9.739496059610245","45.79202834666042","45.79202834666042","45.79202834666042","46.15157879980825","46.15157879980825","46.15157879980825","45.717514600273596","45.717514600273596","45.717514600273596"
"54000","6.085647434632068","6.085647434632068","6.085647434632068","45.15000190769585","45.15000190769585","45.15000190769585","46.29579541037473","46.29579541037473","46.29579541037473","45.318084753411824","45.318084753411824","45.318084753411824"
"55000","15.019889285567123","15.019889285567123","15.019889285567123","45.77628858302478","45.77628858302478","45.77628858302478","47.04075074024793","47.04075074024793","47.04075074024793","46.18410464304875","46.18410464304875","46.18410464304875"
"56000","9.127234899781488","9.127234899781488","9.127234899781488","45.75449548236053","45.75449548236053","45.75449548236053","46.44920800533922","46.44920800533922","46.44920800533922","45.66712281765213","45.66712281765213","45.66712281765213"
"57000","11.381042074033484","11.381042074033484","11.381042074033484","45.97495234359143","45.97495234359143","45.97495234359143","45.82507100140387","45.82507100140387","45.82507100140387","45.012444464625574","45.012444464625574","45.012444464625574"
"58000","12.304803212142986","12.304803212142986","12.304803212142986","45.57161308490769","45.57161308490769","45.57161308490769","47.29183491342274","47.29183491342274","47.29183491342274","46.37042767932341","46.37042767932341","46.37042767932341"
"59000","7.919622365697678","7.919622365697678","7.919622365697678","40.62527319062934","40.62527319062934","40.62527319062934","45.956707896731544","45.956707896731544","45.956707896731544","45.701657945229776","45.701657945229776","45.701657945229776"
"60000","10.785000220597167","10.785000220597167","10.785000220597167","45.28744281895488","45.28744281895488","45.28744281895488","46.02044503283521","46.02044503283521","46.02044503283521","40.98253650624296","40.98253650624296","40.98253650624296"
"61000","13.863716956486597","13.863716956486597","13.863716956486597","45.824301843290336","45.824301843290336","45.824301843290336","45.45421648364757","45.45421648364757","45.45421648364757","45.11690687855111","45.11690687855111","45.11690687855111"
"62000","10.89330236559848","10.89330236559848","10.89330236559848","45.885591417835734","45.885591417835734","45.885591417835734","47.11925815742936","47.11925815742936","47.11925815742936","46.01497579223036","46.01497579223036","46.01497579223036"
"63000","10.806777853886711","10.806777853886711","10.806777853886711","45.634699293541495","45.634699293541495","45.634699293541495","46.16021691134711","46.16021691134711","46.16021691134711","45.59238521564858","45.59238521564858","45.59238521564858"
"64000","13.580181088122723","13.580181088122723","13.580181088122723","45.35415484386884","45.35415484386884","45.35415484386884","46.67891034018321","46.67891034018321","46.67891034018321","46.24873344939448","46.24873344939448","46.24873344939448"
"65000","9.053595501586038","9.053595501586038","9.053595501586038","45.8157103340479","45.8157103340479","45.8157103340479","46.59104001547765","46.59104001547765","46.59104001547765","45.98988877681344","45.98988877681344","45.98988877681344"
"66000","11.497087281518525","11.497087281518525","11.497087281518525","45.96853171629199","45.96853171629199","45.96853171629199","46.17295708941223","46.17295708941223","46.17295708941223","45.78256667196141","45.78256667196141","45.78256667196141"
"67000","14.580431623018939","14.580431623018939","14.580431623018939","46.29883728713672","46.29883728713672","46.29883728713672","46.856412791832945","46.856412791832945","46.856412791832945","45.836368599254584","45.836368599254584","45.836368599254584"
"68000","19.80816951560097","19.80816951560097","19.80816951560097","45.072442877433275","45.072442877433275","45.072442877433275","45.95812058665443","45.95812058665443","45.95812058665443","45.48951739983542","45.48951739983542","45.48951739983542"
"69000","18.05665936985905","18.05665936985905","18.05665936985905","45.591593544255296","45.591593544255296","45.591593544255296","46.195119675203145","46.195119675203145","46.195119675203145","45.09289144014667","45.09289144014667","45.09289144014667"
"70000","22.247318024684038","22.247318024684038","22.247318024684038","45.96917798770041","45.96917798770041","45.96917798770041","46.45178769684055","46.45178769684055","46.45178769684055","46.459113381662256","46.459113381662256","46.459113381662256"
"71000","13.611919971136077","13.611919971136077","13.611919971136077","45.70188531770688","45.70188531770688","45.70188531770688","46.03912137532912","46.03912137532912","46.03912137532912","44.98015967366268","44.98015967366268","44.98015967366268"
"72000","15.317831920613365","15.317831920613365","15.317831920613365","45.83359541301461","45.83359541301461","45.83359541301461","45.97000080361991","45.97000080361991","45.97000080361991","45.96983256762854","45.96983256762854","45.96983256762854"
"73000","19.939301625507632","19.939301625507632","19.939301625507632","45.43267680606253","45.43267680606253","45.43267680606253","46.001313042158124","46.001313042158124","46.001313042158124","45.66199585709821","45.66199585709821","45.66199585709821"
"74000","24.038232298724154","24.038232298724154","24.038232298724154","46.51957673484185","46.51957673484185","46.51957673484185","47.99792085639868","47.99792085639868","47.99792085639868","46.65639318289434","46.65639318289434","46.65639318289434"
"75000","9.788047336441737","9.788047336441737","9.788047336441737","45.43539945836289","45.43539945836289","45.43539945836289","46.64159094630703","46.64159094630703","46.64159094630703","46.61751851610642","46.61751851610642","46.61751851610642"
"76000","10.251083819905698","10.251083819905698","10.251083819905698","45.71215109611775","45.71215109611775","45.71215109611775","46.25532231554996","46.25532231554996","46.25532231554996","45.417395205446","45.417395205446","45.417395205446"
"77000","11.175885126619368","11.175885126619368","11.175885126619368","46.36027181918354","46.36027181918354","46.36027181918354","47.11448798246568","47.11448798246568","47.11448798246568","46.11825994960514","46.11825994960514","46.11825994960514"
"78000","14.909150449119371","14.909150449119371","14.909150449119371","41.32622033537688","41.32622033537688","41.32622033537688","47.21953874338062","47.21953874338062","47.21953874338062","46.586286345608734","46.586286345608734","46.586286345608734"
"79000","12.332786549248102","12.332786549248102","12.332786549248102","45.73364374478592","45.73364374478592","45.73364374478592","46.90119318196546","46.90119318196546","46.90119318196546","45.567721310819195","45.567721310819195","45.567721310819195"
"80000","8.658618592491983","8.658618592491983","8.658618592491983","45.48456205993392","45.48456205993392","45.48456205993392","47.55969091029327","47.55969091029327","47.55969091029327","46.215745690476915","46.215745690476915","46.215745690476915"
"81000","11.855660339359366","11.855660339359366","11.855660339359366","46.223560902651954","46.223560902651954","46.223560902651954","46.70114727925808","46.70114727925808","46.70114727925808","46.0816439131086","46.0816439131086","46.0816439131086"
"82000","17.44910629552322","17.44910629552322","17.44910629552322","46.27378390931695","46.27378390931695","46.27378390931695","46.82099781631439","46.82099781631439","46.82099781631439","46.20317697846044","46.20317697846044","46.20317697846044"
"83000","28.794678387510743","28.794678387510743","28.794678387510743","46.54298693336985","46.54298693336985","46.54298693336985","46.63142869228926","46.63142869228926","46.63142869228926","46.882728513172125","46.882728513172125","46.882728513172125"
"84000","11.446259221774161","11.446259221774161","11.446259221774161","45.778615698529755","45.778615698529755","45.778615698529755","47.43649020664545","47.43649020664545","47.43649020664545","46.51947548064365","46.51947548064365","46.51947548064365"
"85000","19.00304981603284","19.00304981603284","19.00304981603284","45.676764242955166","45.676764242955166","45.676764242955166","46.74306546619057","46.74306546619057","46.74306546619057","45.7425337857518","45.7425337857518","45.7425337857518"
"86000","29.822194945354553","29.822194945354553","29.822194945354553","46.040693732623154","46.040693732623154","46.040693732623154","46.870943613904025","46.870943613904025","46.870943613904025","46.08253425571458","46.08253425571458","46.08253425571458"
"87000","30.347751742982442","30.347751742982442","30.347751742982442","46.07385110724207","46.07385110724207","46.07385110724207","46.73658582969959","46.73658582969959","46.73658582969959","46.91057481881699","46.91057481881699","46.91057481881699"
"88000","14.671844268066083","14.671844268066083","14.671844268066083","46.177598785811746","46.177598785811746","46.177598785811746","47.73444094725278","47.73444094725278","47.73444094725278","46.261720322883434","46.261720322883434","46.261720322883434"
"89000","25.77249693489151","25.77249693489151","25.77249693489151","45.83522508123616","45.83522508123616","45.83522508123616","47.224522656844506","47.224522656844506","47.224522656844506","46.0613331676696","46.0613331676696","46.0613331676696"
"90000","20.948749194743353","20.948749194743353","20.948749194743353","46.08779417983967","46.08779417983967","46.08779417983967","45.93675996076153","45.93675996076153","45.93675996076153","46.345469684492784","46.345469684492784","46.345469684492784"
"91000","24.537774021837784","24.537774021837784","24.537774021837784","46.30166408306182","46.30166408306182","46.30166408306182","46.87449979695362","46.87449979695362","46.87449979695362","46.42561281775042","46.42561281775042","46.42561281775042"
"92000","25.363207246500057","25.363207246500057","25.363207246500057","46.375551451762824","46.375551451762824","46.375551451762824","46.646815742998506","46.646815742998506","46.646815742998506","46.661394582340336","46.661394582340336","46.661394582340336"
"93000","37.163448410862195","37.163448410862195","37.163448410862195","46.37504185552046","46.37504185552046","46.37504185552046","47.042539799754564","47.042539799754564","47.042539799754564","46.522358238244266","46.522358238244266","46.522358238244266"
"94000","28.268988738416702","28.268988738416702","28.268988738416702","45.850229675036644","45.850229675036644","45.850229675036644","46.49617087264606","46.49617087264606","46.49617087264606","45.745742871687995","45.745742871687995","45.745742871687995"
"95000","26.133268622064023","26.133268622064023","26.133268622064023","45.42621745901892","45.42621745901892","45.42621745901892","46.127078726395474","46.127078726395474","46.127078726395474","46.47895019216405","46.47895019216405","46.47895019216405"
"96000","36.242306039065035","36.242306039065035","36.242306039065035","46.29218866100228","46.29218866100228","46.29218866100228","46.485815654914816","46.485815654914816","46.485815654914816","46.63832732251956","46.63832732251956","46.63832732251956"
"97000","23.770399483575353","23.770399483575353","23.770399483575353","47.29977524094194","47.29977524094194","47.29977524094194","47.294420323752554","47.294420323752554","47.294420323752554","46.9388977620946","46.9388977620946","46.9388977620946"
"98000","14.680134645263182","14.680134645263182","14.680134645263182","46.050479383994755","46.050479383994755","46.050479383994755","47.271418438106345","47.271418438106345","47.271418438106345","46.79764526324809","46.79764526324809","46.79764526324809"
"99000","36.272594164401575","36.272594164401575","36.272594164401575","47.72567472392482","47.72567472392482","47.72567472392482","48.28747290017372","48.28747290017372","48.28747290017372","47.02071219227574","47.02071219227574","47.02071219227574"
"100000","33.67007030654527","33.67007030654527","33.67007030654527","46.937326049838305","46.937326049838305","46.937326049838305","46.741214255247066","46.741214255247066","46.741214255247066","46.74151043803344","46.74151043803344","46.74151043803344"
"101000","43.54740879647158","43.54740879647158","43.54740879647158","46.29569042988773","46.29569042988773","46.29569042988773","46.73801374641568","46.73801374641568","46.73801374641568","46.2241860428086","46.2241860428086","46.2241860428086"
"102000","40.375669137951306","40.375669137951306","40.375669137951306","46.59503652421563","46.59503652421563","46.59503652421563","46.87062421130996","46.87062421130996","46.87062421130996","46.3686664522561","46.3686664522561","46.3686664522561"
"103000","40.490245707869775","40.490245707869775","40.490245707869775","45.85619526605123","45.85619526605123","45.85619526605123","46.3879601610761","46.3879601610761","46.3879601610761","46.023634890328715","46.023634890328715","46.023634890328715"
"104000","34.08836190892333","34.08836190892333","34.08836190892333","46.11526739099132","46.11526739099132","46.11526739099132","46.579139949867056","46.579139949867056","46.579139949867056","46.304801987930226","46.304801987930226","46.304801987930226"
"105000","24.64587435042216","24.64587435042216","24.64587435042216","46.38446599729292","46.38446599729292","46.38446599729292","46.964266693412355","46.964266693412355","46.964266693412355","46.42647252968059","46.42647252968059","46.42647252968059"
"106000","35.8668653896866","35.8668653896866","35.8668653896866","45.73948487416143","45.73948487416143","45.73948487416143","46.003710936621715","46.003710936621715","46.003710936621715","45.748950680615614","45.748950680615614","45.748950680615614"
"107000","37.34439615179595","37.34439615179595","37.34439615179595","46.8496361792696","46.8496361792696","46.8496361792696","46.958723068838026","46.958723068838026","46.958723068838026","46.66585454293873","46.66585454293873","46.66585454293873"
"108000","36.81333891039552","36.81333891039552","36.81333891039552","46.09922627662576","46.09922627662576","46.09922627662576","46.90234284832259","46.90234284832259","46.90234284832259","46.369549195521266","46.369549195521266","46.369549195521266"
"109000","30.917344487873898","30.917344487873898","30.917344487873898","46.65834485865222","46.65834485865222","46.65834485865222","48.189572379097925","48.189572379097925","48.189572379097925","46.66169062188499","46.66169062188499","46.66169062188499"
"110000","28.88722914402423","28.88722914402423","28.88722914402423","45.722890638558695","45.722890638558695","45.722890638558695","46.935165952607285","46.935165952607285","46.935165952607285","46.10223041305137","46.10223041305137","46.10223041305137"
"111000","25.926895819577737","25.926895819577737","25.926895819577737","47.296475691526574","47.296475691526574","47.296475691526574","47.28483344154637","47.28483344154637","47.28483344154637","47.32055396655001","47.32055396655001","47.32055396655001"
"112000","47.30311815131517","47.30311815131517","47.30311815131517","45.94351125370203","45.94351125370203","45.94351125370203","46.68714048184498","46.68714048184498","46.68714048184498","46.62525430815449","46.62525430815449","46.62525430815449"
"113000","39.76633608412703","39.76633608412703","39.76633608412703","46.637515513923574","46.637515513923574","46.637515513923574","48.113441178481835","48.113441178481835","48.113441178481835","46.92790478899834","46.92790478899834","46.92790478899834"
"114000","37.26654636527173","37.26654636527173","37.26654636527173","46.19838049560389","46.19838049560389","46.19838049560389","46.79446795039864","46.79446795039864","46.79446795039864","46.074258881631465","46.074258881631465","46.074258881631465"
"115000","32.978810421013165","32.978810421013165","32.978810421013165","46.567012155039876","46.567012155039876","46.567012155039876","47.19457638852746","47.19457638852746","47.19457638852746","46.82796333420682","46.82796333420682","46.82796333420682"
"116000","34.80791742111408","34.80791742111408","34.80791742111408","47.373054582457044","47.373054582457044","47.373054582457044","48.481840883365386","48.481840883365386","48.481840883365386","47.090455794001706","47.090455794001706","47.090455794001706"
"117000","46.28797660155033","46.28797660155033","46.28797660155033","46.35743486462772","46.35743486462772","46.35743486462772","47.18941907517321","47.18941907517321","47.18941907517321","46.610187055519674","46.610187055519674","46.610187055519674"
"118000","48.48508071802856","48.48508071802856","48.48508071802856","47.26046767361626","47.26046767361626","47.26046767361626","47.75538544900787","47.75538544900787","47.75538544900787","47.221121102101755","47.221121102101755","47.221121102101755"
"119000","42.04185734409872","42.04185734409872","42.04185734409872","46.55141160755776","46.55141160755776","46.55141160755776","47.25300464351137","47.25300464351137","47.25300464351137","46.310357478347186","46.310357478347186","46.310357478347186"
"120000","44.97113830991155","44.97113830991155","44.97113830991155","47.35897070003124","47.35897070003124","47.35897070003124","48.17712313879714","48.17712313879714","48.17712313879714","46.51570534202735","46.51570534202735","46.51570534202735"
"121000","42.019562563280566","42.019562563280566","42.019562563280566","46.303075158758766","46.303075158758766","46.303075158758766","47.57651719872827","47.57651719872827","47.57651719872827","47.096767646446516","47.096767646446516","47.096767646446516"
"122000","21.059941051958496","21.059941051958496","21.059941051958496","47.8081916627858","47.8081916627858","47.8081916627858","48.533168442594004","48.533168442594004","48.533168442594004","47.640112620575714","47.640112620575714","47.640112620575714"
"123000","39.332086000466255","39.332086000466255","39.332086000466255","46.81062704792892","46.81062704792892","46.81062704792892","47.533431673336416","47.533431673336416","47.533431673336416","46.660596844677265","46.660596844677265","46.660596844677265"
"124000","40.42572382837616","40.42572382837616","40.42572382837616","46.66834760064028","46.66834760064028","46.66834760064028","48.08623471610926","48.08623471610926","48.08623471610926","46.44598119544413","46.44598119544413","46.44598119544413"
"125000","43.296049169829594","43.296049169829594","43.296049169829594","46.16160543124057","46.16160543124057","46.16160543124057","47.05908290424632","47.05908290424632","47.05908290424632","46.66810096122868","46.66810096122868","46.66810096122868"
"126000","47.36494422004233","47.36494422004233","47.36494422004233","46.245174219996485","46.245174219996485","46.245174219996485","46.760295110834235","46.760295110834235","46.760295110834235","46.210454478035686","46.210454478035686","46.210454478035686"
"127000","48.88006076085788","48.88006076085788","48.88006076085788","46.82382613484395","46.82382613484395","46.82382613484395","46.55929999058869","46.55929999058869","46.55929999058869","46.44047085765454","46.44047085765454","46.44047085765454"
"128000","43.552900971277154","43.552900971277154","43.552900971277154","47.259842825595285","47.259842825595285","47.259842825595285","48.28815119559025","48.28815119559025","48.28815119559025","47.534006291972716","47.534006291972716","47.534006291972716"
"129000","49.789514395782355","49.789514395782355","49.789514395782355","46.91184523238701","46.91184523238701","46.91184523238701","47.393872437346914","47.393872437346914","47.393872437346914","46.93594749636356","46.93594749636356","46.93594749636356"
"130000","35.625538689520596","35.625538689520596","35.625538689520596","46.28982064518953","46.28982064518953","46.28982064518953","47.09289527079983","47.09289527079983","47.09289527079983","46.6665937737515","46.6665937737515","46.6665937737515"
"131000","49.295775825646174","49.295775825646174","49.295775825646174","47.137589083417666","47.137589083417666","47.137589083417666","47.62776219107974","47.62776219107974","47.62776219107974","47.18262018720882","47.18262018720882","47.18262018720882"
"132000","42.3602699935546","42.3602699935546","42.3602699935546","47.16540300301162","47.16540300301162","47.16540300301162","48.08108124115025","48.08108124115025","48.08108124115025","46.76455619767806","46.76455619767806","46.76455619767806"
"133000","39.31974254776316","39.31974254776316","39.31974254776316","47.05221376594372","47.05221376594372","47.05221376594372","47.36097914792715","47.36097914792715","47.36097914792715","47.13646590028951","47.13646590028951","47.13646590028951"
"134000","47.604627704957835","47.604627704957835","47.604627704957835","46.45133352987272","46.45133352987272","46.45133352987272","47.57383230380567","47.57383230380567","47.57383230380567","46.728683279314396","46.728683279314396","46.728683279314396"
"135000","44.4648266971159","44.4648266971159","44.4648266971159","47.02497136260842","47.02497136260842","47.02497136260842","47.46505760639227","47.46505760639227","47.46505760639227","46.55907406934779","46.55907406934779","46.55907406934779"
"136000","49.287010440089226","49.287010440089226","49.287010440089226","47.16546398586648","47.16546398586648","47.16546398586648","48.403793591061586","48.403793591061586","48.403793591061586","46.72412505360674","46.72412505360674","46.72412505360674"
"137000","32.73324880033226","32.73324880033226","32.73324880033226","46.59821008690056","46.59821008690056","46.59821008690056","47.37045467702973","47.37045467702973","47.37045467702973","46.89479078249566","46.89479078249566","46.89479078249566"
"138000","48.744350559982465","48.744350559982465","48.744350559982465","46.54725514369738","46.54725514369738","46.54725514369738","47.206968425305064","47.206968425305064","47.206968425305064","46.453847865981615","46.453847865981615","46.453847865981615"
"139000","49.56751258585948","49.56751258585948","49.56751258585948","47.047377257742234","47.047377257742234","47.047377257742234","47.48423911812592","47.48423911812592","47.48423911812592","47.20292344257825","47.20292344257825","47.20292344257825"
"140000","40.66184412155052","40.66184412155052","40.66184412155052","46.94229464678673","46.94229464678673","46.94229464678673","46.845382243444725","46.845382243444725","46.845382243444725","46.875606914225706","46.875606914225706","46.875606914225706"
"141000","48.92358088652682","48.92358088652682","48.92358088652682","46.211053343660154","46.211053343660154","46.211053343660154","47.3081062721688","47.3081062721688","47.3081062721688","46.83416528055026","46.83416528055026","46.83416528055026"
"142000","48.81730121531114","48.81730121531114","48.81730121531114","41.90392238123798","41.90392238123798","41.90392238123798","46.3953146188402","46.3953146188402","46.3953146188402","46.79166310522017","46.79166310522017","46.79166310522017"
"143000","49.3458193074714","49.3458193074714","49.3458193074714","46.41236676786951","46.41236676786951","46.41236676786951","46.60169740563165","46.60169740563165","46.60169740563165","46.16044122311805","46.16044122311805","46.16044122311805"
"144000","49.725955406136784","49.725955406136784","49.725955406136784","46.68631639288778","46.68631639288778","46.68631639288778","47.7721504732908","47.7721504732908","47.7721504732908","46.946069483540725","46.946069483540725","46.946069483540725"
"145000","48.01802865559961","48.01802865559961","48.01802865559961","46.530650983155475","46.530650983155475","46.530650983155475","47.6162525929474","47.6162525929474","47.6162525929474","47.1829657383996","47.1829657383996","47.1829657383996"
"146000","49.87275411367878","49.87275411367878","49.87275411367878","47.02919343582749","47.02919343582749","47.02919343582749","47.594299098481144","47.594299098481144","47.594299098481144","47.21948963547897","47.21948963547897","47.21948963547897"
"147000","49.57751212936187","49.57751212936187","49.57751212936187","46.93677929005949","46.93677929005949","46.93677929005949","47.148663913355065","47.148663913355065","47.148663913355065","46.78584025061858","46.78584025061858","46.78584025061858"
"148000","46.5392677243529","46.5392677243529","46.5392677243529","46.87872771258051","46.87872771258051","46.87872771258051","47.328524581929265","47.328524581929265","47.328524581929265","46.41174947754117","46.41174947754117","46.41174947754117"
"149000","49.80788704483893","49.80788704483893","49.80788704483893","47.41991521954488","47.41991521954488","47.41991521954488","47.76462253659977","47.76462253659977","47.76462253659977","46.723847688668414","46.723847688668414","46.723847688668414"
"150000","50.34640208596913","50.34640208596913","50.34640208596913","46.12918904086587","46.12918904086587","46.12918904086587","46.739239635319244","46.739239635319244","46.739239635319244","47.03029812727555","47.03029812727555","47.03029812727555"
"151000","46.43078970094383","46.43078970094383","46.43078970094383","47.011147995031614","47.011147995031614","47.011147995031614","47.08680682058136","47.08680682058136","47.08680682058136","46.05138495747902","46.05138495747902","46.05138495747902"
"152000","45.49400229757386","45.49400229757386","45.49400229757386","47.30648657278167","47.30648657278167","47.30648657278167","47.771248462948066","47.771248462948066","47.771248462948066","46.73772999937397","46.73772999937397","46.73772999937397"
"153000","48.039019780983324","48.039019780983324","48.039019780983324","46.2526761771382","46.2526761771382","46.2526761771382","46.792986509443644","46.792986509443644","46.792986509443644","46.12716380429242","46.12716380429242","46.12716380429242"
"154000","45.6968509864175","45.6968509864175","45.6968509864175","46.72101314947963","46.72101314947963","46.72101314947963","47.1007183705492","47.1007183705492","47.1007183705492","46.5979302660966","46.5979302660966","46.5979302660966"
"155000","50.421601207163036","50.421601207163036","50.421601207163036","46.88822673758291","46.88822673758291","46.88822673758291","47.712673351499866","47.712673351499866","47.712673351499866","47.02478878415448","47.02478878415448","47.02478878415448"
"156000","50.21366241219215","50.21366241219215","50.21366241219215","46.649092988075864","46.649092988075864","46.649092988075864","46.811741613018036","46.811741613018036","46.811741613018036","47.08620300181159","47.08620300181159","47.08620300181159"
"157000","50.85238745306192","50.85238745306192","50.85238745306192","47.11270191258576","47.11270191258576","47.11270191258576","47.48966802650097","47.48966802650097","47.48966802650097","46.97257038430975","46.97257038430975","46.97257038430975"
"158000","49.26517270459452","49.26517270459452","49.26517270459452","46.59446606576432","46.59446606576432","46.59446606576432","47.80728486911403","47.80728486911403","47.80728486911403","46.71506968788253","46.71506968788253","46.71506968788253"
"159000","50.00821392784653","50.00821392784653","50.00821392784653","47.37089020188145","47.37089020188145","47.37089020188145","47.90131994959872","47.90131994959872","47.90131994959872","47.20379616654976","47.20379616654976","47.20379616654976"
"160000","46.46784664179315","46.46784664179315","46.46784664179315","47.65066018050191","47.65066018050191","47.65066018050191","48.393880368857914","48.393880368857914","48.393880368857914","46.97448918571742","46.97448918571742","46.97448918571742"
"161000","49.723264163082746","49.723264163082746","49.723264163082746","47.47391012695149","47.47391012695149","47.47391012695149","47.73587639538378","47.73587639538378","47.73587639538378","46.82741673760005","46.82741673760005","46.82741673760005"
"162000","49.80851575882498","49.80851575882498","49.80851575882498","46.86367424653612","46.86367424653612","46.86367424653612","47.266730006371986","47.266730006371986","47.266730006371986","46.74300466722481","46.74300466722481","46.74300466722481"
"163000","48.91231809256204","48.91231809256204","48.91231809256204","47.25015646947169","47.25015646947169","47.25015646947169","47.42588528968055","47.42588528968055","47.42588528968055","47.33469379512485","47.33469379512485","47.33469379512485"
"164000","49.90379787295165","49.90379787295165","49.90379787295165","47.960427640061695","47.960427640061695","47.960427640061695","48.96622184747255","48.96622184747255","48.96622184747255","48.330465203635","48.330465203635","48.330465203635"
"165000","48.620148906220535","48.620148906220535","48.620148906220535","46.93443440352358","46.93443440352358","46.93443440352358","47.250342399567124","47.250342399567124","47.250342399567124","46.82714742462832","46.82714742462832","46.82714742462832"
"166000","50.02005761604957","50.02005761604957","50.02005761604957","46.93479915480795","46.93479915480795","46.93479915480795","47.598453192461704","47.598453192461704","47.598453192461704","47.10993700195936","47.10993700195936","47.10993700195936"
"167000","48.49900426752043","48.49900426752043","48.49900426752043","46.594745016648595","46.594745016648595","46.594745016648595","45.95064883967127","45.95064883967127","45.95064883967127","46.22687546491135","46.22687546491135","46.22687546491135"
"168000","51.02950562928087","51.02950562928087","51.02950562928087","47.45886733070241","47.45886733070241","47.45886733070241","47.92693019187073","47.92693019187073","47.92693019187073","47.28565617969031","47.28565617969031","47.28565617969031"
"169000","48.89240820495094","48.89240820495094","48.89240820495094","47.10624881252668","47.10624881252668","47.10624881252668","47.609799565748034","47.609799565748034","47.609799565748034","47.127339923187606","47.127339923187606","47.127339923187606"
"170000","50.471133160084506","50.471133160084506","50.471133160084506","47.109816770980295","47.109816770980295","47.109816770980295","47.12203123024761","47.12203123024761","47.12203123024761","47.03016291023437","47.03016291023437","47.03016291023437"
"171000","49.56494328533053","49.56494328533053","49.56494328533053","47.673915749312776","47.673915749312776","47.673915749312776","48.31250023399296","48.31250023399296","48.31250023399296","46.90069340044239","46.90069340044239","46.90069340044239"
"172000","49.102234899704264","49.102234899704264","49.102234899704264","46.47017125571949","46.47017125571949","46.47017125571949","47.49537216926494","47.49537216926494","47.49537216926494","46.796489423887145","46.796489423887145","46.796489423887145"
"173000","50.2936419853139","50.2936419853139","50.2936419853139","47.70647631816644","47.70647631816644","47.70647631816644","47.88546435526551","47.88546435526551","47.88546435526551","48.048347219786045","48.048347219786045","48.048347219786045"
"174000","50.530966242977314","50.530966242977314","50.530966242977314","47.753532522949385","47.753532522949385","47.753532522949385","49.082907945085346","49.082907945085346","49.082907945085346","48.1527565304814","48.1527565304814","48.1527565304814"
"175000","49.69093632608559","49.69093632608559","49.69093632608559","48.185167591582825","48.185167591582825","48.185167591582825","48.73816989957047","48.73816989957047","48.73816989957047","48.127802471248344","48.127802471248344","48.127802471248344"
"176000","51.97725662050002","51.97725662050002","51.97725662050002","47.18634630104317","47.18634630104317","47.18634630104317","47.710100700961775","47.710100700961775","47.710100700961775","47.05249284355428","47.05249284355428","47.05249284355428"
"177000","50.492647723713844","50.492647723713844","50.492647723713844","47.11893397000975","47.11893397000975","47.11893397000975","47.92954492783294","47.92954492783294","47.92954492783294","47.27069000040161","47.27069000040161","47.27069000040161"
"178000","52.14154934391546","52.14154934391546","52.14154934391546","47.98392658074878","47.98392658074878","47.98392658074878","49.39936342542601","49.39936342542601","49.39936342542601","43.695765974044114","43.695765974044114","43.695765974044114"
"179000","50.68954087988954","50.68954087988954","50.68954087988954","46.542641522449166","46.542641522449166","46.542641522449166","47.10827296364623","47.10827296364623","47.10827296364623","47.056692105333006","47.056692105333006","47.056692105333006"
"180000","51.991405548655756","51.991405548655756","51.991405548655756","47.64950628410038","47.64950628410038","47.64950628410038","47.402994316164445","47.402994316164445","47.402994316164445","46.781440812074614","46.781440812074614","46.781440812074614"
"181000","49.92509337281877","49.92509337281877","49.92509337281877","47.48447993392546","47.48447993392546","47.48447993392546","47.61535680524223","47.61535680524223","47.61535680524223","47.203480505334376","47.203480505334376","47.203480505334376"
"182000","51.42666673277662","51.42666673277662","51.42666673277662","47.55840535339427","47.55840535339427","47.55840535339427","47.79742048851834","47.79742048851834","47.79742048851834","47.268386219513964","47.268386219513964","47.268386219513964"
"183000","49.39540575315511","49.39540575315511","49.39540575315511","47.450616684452804","47.450616684452804","47.450616684452804","47.65385153907386","47.65385153907386","47.65385153907386","47.26239127838871","47.26239127838871","47.26239127838871"
"184000","51.55056999380642","51.55056999380642","51.55056999380642","47.96757700460873","47.96757700460873","47.96757700460873","47.95183723401012","47.95183723401012","47.95183723401012","47.677926445188774","47.677926445188774","47.677926445188774"
"185000","47.17239301139013","47.17239301139013","47.17239301139013","46.97562102854032","46.97562102854032","46.97562102854032","47.85742666984314","47.85742666984314","47.85742666984314","46.88912682045377","46.88912682045377","46.88912682045377"
"186000","48.39048650406911","48.39048650406911","48.39048650406911","46.78265256314734","46.78265256314734","46.78265256314734","47.695680136980904","47.695680136980904","47.695680136980904","46.63390991388256","46.63390991388256","46.63390991388256"
"187000","50.404008313925054","50.404008313925054","50.404008313925054","47.03576022729467","47.03576022729467","47.03576022729467","47.13877055970353","47.13877055970353","47.13877055970353","47.359128163684545","47.359128163684545","47.359128163684545"
"188000","51.68539405276496","51.68539405276496","51.68539405276496","47.4199370598628","47.4199370598628","47.4199370598628","47.37802753075931","47.37802753075931","47.37802753075931","47.167591984490755","47.167591984490755","47.167591984490755"
"189000","49.69755800323378","49.69755800323378","49.69755800323378","47.190316515594425","47.190316515594425","47.190316515594425","47.10903259757374","47.10903259757374","47.10903259757374","46.99946049003891","46.99946049003891","46.99946049003891"
"190000","51.11407793432258","51.11407793432258","51.11407793432258","47.48947275570971","47.48947275570971","47.48947275570971","47.85395310667738","47.85395310667738","47.85395310667738","46.99376686303137","46.99376686303137","46.99376686303137"
"191000","51.24697133483065","51.24697133483065","51.24697133483065","47.255335685158414","47.255335685158414","47.255335685158414","47.931757360224736","47.931757360224736","47.931757360224736","47.18953501586298","47.18953501586298","47.18953501586298"
"192000","50.286393323769715","50.286393323769715","50.286393323769715","47.19957570226997","47.19957570226997","47.19957570226997","47.45034205370775","47.45034205370775","47.45034205370775","47.35925234184932","47.35925234184932","47.35925234184932"
"193000","50.10650063879195","50.10650063879195","50.10650063879195","46.67801500247168","46.67801500247168","46.67801500247168","46.476444796880365","46.476444796880365","46.476444796880365","46.38923718275721","46.38923718275721","46.38923718275721"
"194000","49.452510150669454","49.452510150669454","49.452510150669454","47.76165312144889","47.76165312144889","47.76165312144889","47.71125695113152","47.71125695113152","47.71125695113152","46.90538381273949","46.90538381273949","46.90538381273949"
"195000","50.47878654402922","50.47878654402922","50.47878654402922","47.134884339621856","47.134884339621856","47.134884339621856","47.20956447253512","47.20956447253512","47.20956447253512","47.21371693427635","47.21371693427635","47.21371693427635"
"196000","49.57516841007017","49.57516841007017","49.57516841007017","46.191659838457284","46.191659838457284","46.191659838457284","46.92846626124078","46.92846626124078","46.92846626124078","46.28308741010074","46.28308741010074","46.28308741010074"
"197000","49.4806107403258","49.4806107403258","49.4806107403258","47.648205886114845","47.648205886114845","47.648205886114845","48.28836158690598","48.28836158690598","48.28836158690598","47.3853529019338","47.3853529019338","47.3853529019338"
"198000","49.94246938264468","49.94246938264468","49.94246938264468","47.64842043054132","47.64842043054132","47.64842043054132","47.7912674002731","47.7912674002731","47.7912674002731","47.067026506794605","47.067026506794605","47.067026506794605"
"199000","49.69925523859207","49.69925523859207","49.69925523859207","47.30831291132589","47.30831291132589","47.30831291132589","48.05049171914237","48.05049171914237","48.05049171914237","47.262978493167815","47.262978493167815","47.262978493167815"
"200000","49.55827725542128","49.55827725542128","49.55827725542128","47.28393558574944","47.28393558574944","47.28393558574944","47.462608865851955","47.462608865851955","47.462608865851955","46.9043672753986","46.9043672753986","46.9043672753986"
"201000","49.327938686647535","49.327938686647535","49.327938686647535","47.61330061987223","47.61330061987223","47.61330061987223","48.07296449378509","48.07296449378509","48.07296449378509","47.82366537836969","47.82366537836969","47.82366537836969"
"202000","50.06331680062903","50.06331680062903","50.06331680062903","47.07105449230993","47.07105449230993","47.07105449230993","46.75665961464113","46.75665961464113","46.75665961464113","46.328708853668694","46.328708853668694","46.328708853668694"
"203000","50.28578665866901","50.28578665866901","50.28578665866901","46.81923155071338","46.81923155071338","46.81923155071338","47.19822552269969","47.19822552269969","47.19822552269969","46.72118115288742","46.72118115288742","46.72118115288742"
"204000","50.703585142728734","50.703585142728734","50.703585142728734","47.36906608174645","47.36906608174645","47.36906608174645","47.88186645288936","47.88186645288936","47.88186645288936","48.04579983031774","48.04579983031774","48.04579983031774"
"205000","50.485055605263994","50.485055605263994","50.485055605263994","47.884292558493016","47.884292558493016","47.884292558493016","47.762911790914195","47.762911790914195","47.762911790914195","47.59542637842086","47.59542637842086","47.59542637842086"
"206000","49.168639161784924","49.168639161784924","49.168639161784924","47.56622023528615","47.56622023528615","47.56622023528615","47.00271281370445","47.00271281370445","47.00271281370445","47.111317257953424","47.111317257953424","47.111317257953424"
"207000","49.34951443709173","49.34951443709173","49.34951443709173","47.878560807077115","47.878560807077115","47.878560807077115","47.24045459346543","47.24045459346543","47.24045459346543","47.63854403720753","47.63854403720753","47.63854403720753"
"208000","51.355443949479216","51.355443949479216","51.355443949479216","47.33958457741166","47.33958457741166","47.33958457741166","47.78165928377307","47.78165928377307","47.78165928377307","47.456595852943614","47.456595852943614","47.456595852943614"
"209000","50.06364735052921","50.06364735052921","50.06364735052921","47.69984702650882","47.69984702650882","47.69984702650882","47.38739570397216","47.38739570397216","47.38739570397216","48.01107937657593","48.01107937657593","48.01107937657593"
"210000","51.011041969590984","51.011041969590984","51.011041969590984","47.258580598967356","47.258580598967356","47.258580598967356","47.68975643013885","47.68975643013885","47.68975643013885","47.26033242485168","47.26033242485168","47.26033242485168"
"211000","50.3041227340969","50.3041227340969","50.3041227340969","47.96064149244244","47.96064149244244","47.96064149244244","47.91201990153774","47.91201990153774","47.91201990153774","47.7527224284258","47.7527224284258","47.7527224284258"
"212000","50.121385715051616","50.121385715051616","50.121385715051616","47.27633105469646","47.27633105469646","47.27633105469646","47.418822139584385","47.418822139584385","47.418822139584385","46.91174368133591","46.91174368133591","46.91174368133591"
"213000","52.13574140116508","52.13574140116508","52.13574140116508","48.70976442397071","48.70976442397071","48.70976442397071","48.35618795568686","48.35618795568686","48.35618795568686","48.92533534770955","48.92533534770955","48.92533534770955"
"214000","51.032250607694486","51.032250607694486","51.032250607694486","46.02125751450758","46.02125751450758","46.02125751450758","46.51335733275473","46.51335733275473","46.51335733275473","45.36759473101198","45.36759473101198","45.36759473101198"
"215000","51.99072488799936","51.99072488799936","51.99072488799936","48.78813698958477","48.78813698958477","48.78813698958477","48.06720289599718","48.06720289599718","48.06720289599718","48.3777311248641","48.3777311248641","48.3777311248641"
"216000","50.6940093501297","50.6940093501297","50.6940093501297","47.807811452688156","47.807811452688156","47.807811452688156","47.48095014953987","47.48095014953987","47.48095014953987","47.74612536905555","47.74612536905555","47.74612536905555"
"217000","50.51794914094155","50.51794914094155","50.51794914094155","47.79662462994682","47.79662462994682","47.79662462994682","48.18577807220111","48.18577807220111","48.18577807220111","47.5337064265553","47.5337064265553","47.5337064265553"
"218000","50.15109754583354","50.15109754583354","50.15109754583354","46.92449815962661","46.92449815962661","46.92449815962661","46.94753668176432","46.94753668176432","46.94753668176432","46.18400646168299","46.18400646168299","46.18400646168299"
"219000","50.713493876367785","50.713493876367785","50.713493876367785","46.98830616456202","46.98830616456202","46.98830616456202","47.58434096039322","47.58434096039322","47.58434096039322","47.22640692134859","47.22640692134859","47.22640692134859"
"220000","49.99487948542525","49.99487948542525","49.99487948542525","47.26985211102512","47.26985211102512","47.26985211102512","48.74411190184909","48.74411190184909","48.74411190184909","47.031622805900795","47.031622805900795","47.031622805900795"
"221000","51.97429815813576","51.97429815813576","51.97429815813576","47.770228633667","47.770228633667","47.770228633667","47.94240442033864","47.94240442033864","47.94240442033864","47.423146746007305","47.423146746007305","47.423146746007305"
"222000","51.48069454796994","51.48069454796994","51.48069454796994","47.13833885124575","47.13833885124575","47.13833885124575","47.22588694793093","47.22588694793093","47.22588694793093","46.52213168003636","46.52213168003636","46.52213168003636"
"223000","49.95359607799419","49.95359607799419","49.95359607799419","47.399414562652225","47.399414562652225","47.399414562652225","47.75821500039369","47.75821500039369","47.75821500039369","47.2500435753629","47.2500435753629","47.2500435753629"
"224000","51.06181719976157","51.06181719976157","51.06181719976157","47.134645234342194","47.134645234342194","47.134645234342194","46.7748971060003","46.7748971060003","46.7748971060003","47.011138651733155","47.011138651733155","47.011138651733155"
"225000","49.06810841835547","49.06810841835547","49.06810841835547","47.56539997550785","47.56539997550785","47.56539997550785","47.51726607591033","47.51726607591033","47.51726607591033","47.73417827383617","47.73417827383617","47.73417827383617"
"226000","48.44472379778946","48.44472379778946","48.44472379778946","46.63632753193038","46.63632753193038","46.63632753193038","47.09134683200688","47.09134683200688","47.09134683200688","46.43095024504768","46.43095024504768","46.43095024504768"
"227000","49.5557137191338","49.5557137191338","49.5557137191338","48.30857613310499","48.30857613310499","48.30857613310499","48.409958546285935","48.409958546285935","48.409958546285935","48.397345410501295","48.397345410501295","48.397345410501295"
"228000","51.41184000609199","51.41184000609199","51.41184000609199","47.6981445076327","47.6981445076327","47.6981445076327","47.64874343794829","47.64874343794829","47.64874343794829","47.12209462047764","47.12209462047764","47.12209462047764"
"229000","49.84650893055652","49.84650893055652","49.84650893055652","47.562796539950945","47.562796539950945","47.562796539950945","47.25457472971145","47.25457472971145","47.25457472971145","46.98763671550488","46.98763671550488","46.98763671550488"
"230000","51.58260931699493","51.58260931699493","51.58260931699493","47.66796854757149","47.66796854757149","47.66796854757149","48.01625167852233","48.01625167852233","48.01625167852233","46.84073424723925","46.84073424723925","46.84073424723925"
"231000","52.000998419193955","52.000998419193955","52.000998419193955","46.921160736380344","46.921160736380344","46.921160736380344","46.99443418781912","46.99443418781912","46.99443418781912","46.52613982036149","46.52613982036149","46.52613982036149"
"232000","52.03650361211487","52.03650361211487","52.03650361211487","47.64881879001528","47.64881879001528","47.64881879001528","47.609152961020065","47.609152961020065","47.609152961020065","48.184438831312875","48.184438831312875","48.184438831312875"
"233000","51.41891908471907","51.41891908471907","51.41891908471907","48.9797700900847","48.9797700900847","48.9797700900847","47.87565414410093","47.87565414410093","47.87565414410093","47.94176375879215","47.94176375879215","47.94176375879215"
"234000","50.763833939438044","50.763833939438044","50.763833939438044","48.06455991117215","48.06455991117215","48.06455991117215","47.73098489829823","47.73098489829823","47.73098489829823","47.28591937968263","47.28591937968263","47.28591937968263"
"235000","50.870845990803005","50.870845990803005","50.870845990803005","48.36285241514647","48.36285241514647","48.36285241514647","48.00641452972","48.00641452972","48.00641452972","47.57931271359165","47.57931271359165","47.57931271359165"
"236000","50.98275925907916","50.98275925907916","50.98275925907916","47.571498315509494","47.571498315509494","47.571498315509494","47.555948035365276","47.555948035365276","47.555948035365276","47.66016948274675","47.66016948274675","47.66016948274675"
"237000","52.23477786571401","52.23477786571401","52.23477786571401","48.31398177493254","48.31398177493254","48.31398177493254","48.08738649107133","48.08738649107133","48.08738649107133","47.759572597680446","47.759572597680446","47.759572597680446"
"238000","49.79634578129817","49.79634578129817","49.79634578129817","47.91892128958698","47.91892128958698","47.91892128958698","47.489800122429315","47.489800122429315","47.489800122429315","46.87162849070716","46.87162849070716","46.87162849070716"
"239000","51.69142710665545","51.69142710665545","51.69142710665545","48.372137520143305","48.372137520143305","48.372137520143305","48.49679789055475","48.49679789055475","48.49679789055475","47.786194330950416","47.786194330950416","47.786194330950416"
"240000","52.74412342557634","52.74412342557634","52.74412342557634","47.83239341008428","47.83239341008428","47.83239341008428","47.6687914669318","47.6687914669318","47.6687914669318","47.082025754055024","47.082025754055024","47.082025754055024"
"241000","52.10224727029783","52.10224727029783","52.10224727029783","48.24604865228203","48.24604865228203","48.24604865228203","48.39351364622523","48.39351364622523","48.39351364622523","48.07127842836261","48.07127842836261","48.07127842836261"
"242000","49.77993436849401","49.77993436849401","49.77993436849401","47.61183872127744","47.61183872127744","47.61183872127744","47.56509130743412","47.56509130743412","47.56509130743412","47.19984701666127","47.19984701666127","47.19984701666127"
"243000","52.2627450468305","52.2627450468305","52.2627450468305","47.88033128291377","47.88033128291377","47.88033128291377","48.03590152465959","48.03590152465959","48.03590152465959","47.2147540476419","47.2147540476419","47.2147540476419"
"244000","54.53778149953408","54.53778149953408","54.53778149953408","47.751033046143235","47.751033046143235","47.751033046143235","42.37171006524797","42.37171006524797","42.37171006524797","47.18995222454703","47.18995222454703","47.18995222454703"
"245000","51.897095843616945","51.897095843616945","51.897095843616945","48.06171073687718","48.06171073687718","48.06171073687718","48.02269534542618","48.02269534542618","48.02269534542618","47.67635221983537","47.67635221983537","47.67635221983537"
"246000","50.9786280819876","50.9786280819876","50.9786280819876","47.12326653626238","47.12326653626238","47.12326653626238","47.05976738132559","47.05976738132559","47.05976738132559","47.240291126373826","47.240291126373826","47.240291126373826"
"247000","51.12080825297114","51.12080825297114","51.12080825297114","48.20594724051476","48.20594724051476","48.20594724051476","48.039625963282404","48.039625963282404","48.039625963282404","47.55685709502938","47.55685709502938","47.55685709502938"
"248000","50.88409402623114","50.88409402623114","50.88409402623114","47.33463100601482","47.33463100601482","47.33463100601482","47.97247776188286","47.97247776188286","47.97247776188286","47.460172953909264","47.460172953909264","47.460172953909264"
"249000","51.14870841392848","51.14870841392848","51.14870841392848","47.719773282159515","47.719773282159515","47.719773282159515","48.07292932467054","48.07292932467054","48.07292932467054","47.54826957055526","47.54826957055526","47.54826957055526"
"250000","50.205580842984396","50.205580842984396","50.205580842984396","47.77081405036361","47.77081405036361","47.77081405036361","47.58884145361924","47.58884145361924","47.58884145361924","47.74068240683883","47.74068240683883","47.74068240683883"
"251000","51.593420894408496","51.593420894408496","51.593420894408496","47.406366766286524","47.406366766286524","47.406366766286524","47.34927871165686","47.34927871165686","47.34927871165686","47.62428606324309","47.62428606324309","47.62428606324309"
"252000","53.44523497239933","53.44523497239933","53.44523497239933","46.92534080163369","46.92534080163369","46.92534080163369","47.67461693691107","47.67461693691107","47.67461693691107","46.86687780958146","46.86687780958146","46.86687780958146"
"253000","51.837694150426636","51.837694150426636","51.837694150426636","47.88444853327956","47.88444853327956","47.88444853327956","47.36392939563185","47.36392939563185","47.36392939563185","47.220908592797464","47.220908592797464","47.220908592797464"
"254000","51.63090953734824","51.63090953734824","51.63090953734824","47.787845921981734","47.787845921981734","47.787845921981734","47.4394676788191","47.4394676788191","47.4394676788191","47.322550848879416","47.322550848879416","47.322550848879416"
"255000","50.312758485576715","50.312758485576715","50.312758485576715","47.27894005687819","47.27894005687819","47.27894005687819","47.239403949823256","47.239403949823256","47.239403949823256","47.22246821569294","47.22246821569294","47.22246821569294"
"256000","51.422239826195884","51.422239826195884","51.422239826195884","47.064595437139154","47.064595437139154","47.064595437139154","47.32264456586269","47.32264456586269","47.32264456586269","47.11699917151863","47.11699917151863","47.11699917151863"
"257000","51.45422927686123","51.45422927686123","51.45422927686123","46.87612576584827","46.87612576584827","46.87612576584827","47.61805082080651","47.61805082080651","47.61805082080651","47.12762979274047","47.12762979274047","47.12762979274047"
"258000","49.887164198965664","49.887164198965664","49.887164198965664","47.51901337712663","47.51901337712663","47.51901337712663","47.307281438694346","47.307281438694346","47.307281438694346","47.639505391170076","47.639505391170076","47.639505391170076"
"259000","49.80421747624488","49.80421747624488","49.80421747624488","47.21301700415907","47.21301700415907","47.21301700415907","47.17798181371347","47.17798181371347","47.17798181371347","46.71471289032166","46.71471289032166","46.71471289032166"
"260000","52.20464395066286","52.20464395066286","52.20464395066286","49.09277089573654","49.09277089573654","49.09277089573654","48.19218298292613","48.19218298292613","48.19218298292613","47.79786624612395","47.79786624612395","47.79786624612395"
"261000","50.80262600230289","50.80262600230289","50.80262600230289","47.67267287056695","47.67267287056695","47.67267287056695","47.33522985381612","47.33522985381612","47.33522985381612","47.35829432092417","47.35829432092417","47.35829432092417"
"262000","50.684833130249174","50.684833130249174","50.684833130249174","47.34721608350064","47.34721608350064","47.34721608350064","47.43555781623159","47.43555781623159","47.43555781623159","47.099381090104856","47.099381090104856","47.099381090104856"
"263000","50.08061667060593","50.08061667060593","50.08061667060593","48.077578526179494","48.077578526179494","48.077578526179494","46.95083067008032","46.95083067008032","46.95083067008032","47.3840170975895","47.3840170975895","47.3840170975895"
"264000","51.66443049668052","51.66443049668052","51.66443049668052","47.3066056531314","47.3066056531314","47.3066056531314","47.465044648736765","47.465044648736765","47.465044648736765","47.65311980758554","47.65311980758554","47.65311980758554"
"265000","52.0205263390532","52.0205263390532","52.0205263390532","48.384455263913665","48.384455263913665","48.384455263913665","48.55284260292535","48.55284260292535","48.55284260292535","48.10280131989292","48.10280131989292","48.10280131989292"
"266000","50.51657511829129","50.51657511829129","50.51657511829129","47.45109692828572","47.45109692828572","47.45109692828572","47.26281805056855","47.26281805056855","47.26281805056855","47.10717334233372","47.10717334233372","47.10717334233372"
"267000","52.456619538655104","52.456619538655104","52.456619538655104","47.86796486148052","47.86796486148052","47.86796486148052","48.095643225406945","48.095643225406945","48.095643225406945","47.710054878603856","47.710054878603856","47.710054878603856"
"268000","53.51505805004243","53.51505805004243","53.51505805004243","47.350032371310576","47.350032371310576","47.350032371310576","48.45863608560349","48.45863608560349","48.45863608560349","47.586953890602686","47.586953890602686","47.586953890602686"
"269000","47.56228832464785","47.56228832464785","47.56228832464785","47.9981960737984","47.9981960737984","47.9981960737984","47.69701337616073","47.69701337616073","47.69701337616073","47.50658274767744","47.50658274767744","47.50658274767744"
"270000","50.57143928357327","50.57143928357327","50.57143928357327","47.83303173675057","47.83303173675057","47.83303173675057","48.286631025385404","48.286631025385404","48.286631025385404","47.64373501068863","47.64373501068863","47.64373501068863"
"271000","52.3921953143289","52.3921953143289","52.3921953143289","48.109436444243045","48.109436444243045","48.109436444243045","48.1600070296135","48.1600070296135","48.1600070296135","47.9835959713317","47.9835959713317","47.9835959713317"
"272000","51.40220073760364","51.40220073760364","51.40220073760364","47.949189107472925","47.949189107472925","47.949189107472925","47.610728100483776","47.610728100483776","47.610728100483776","47.30831562580447","47.30831562580447","47.30831562580447"
"273000","52.368489620845615","52.368489620845615","52.368489620845615","47.333310607154594","47.333310607154594","47.333310607154594","47.80169899940834","47.80169899940834","47.80169899940834","47.235419226880275","47.235419226880275","47.235419226880275"
"274000","52.54795421718603","52.54795421718603","52.54795421718603","47.53883711621636","47.53883711621636","47.53883711621636","47.31940710959313","47.31940710959313","47.31940710959313","47.247738553678175","47.247738553678175","47.247738553678175"
"275000","53.439010102406556","53.439010102406556","53.439010102406556","47.78684262739209","47.78684262739209","47.78684262739209","47.713160504376106","47.713160504376106","47.713160504376106","47.329669985390744","47.329669985390744","47.329669985390744"
"276000","52.3896259625465","52.3896259625465","52.3896259625465","48.484753374061626","48.484753374061626","48.484753374061626","48.63536330797247","48.63536330797247","48.63536330797247","47.64465057600557","47.64465057600557","47.64465057600557"
"277000","52.73207951265555","52.73207951265555","52.73207951265555","47.78311047706999","47.78311047706999","47.78311047706999","48.46508752896377","48.46508752896377","48.46508752896377","47.53270480538691","47.53270480538691","47.53270480538691"
"278000","52.03984842911588","52.03984842911588","52.03984842911588","48.10030291748408","48.10030291748408","48.10030291748408","48.80965039079398","48.80965039079398","48.80965039079398","47.9256223328978","47.9256223328978","47.9256223328978"
"279000","51.25048245325673","51.25048245325673","51.25048245325673","47.696963546985735","47.696963546985735","47.696963546985735","48.01187954694105","48.01187954694105","48.01187954694105","47.74897393443816","47.74897393443816","47.74897393443816"
"280000","52.107381518665505","52.107381518665505","52.107381518665505","48.00521335466451","48.00521335466451","48.00521335466451","47.53699578960678","47.53699578960678","47.53699578960678","47.331280550251556","47.331280550251556","47.331280550251556"
"281000","51.471115030505565","51.471115030505565","51.471115030505565","46.861405610520094","46.861405610520094","46.861405610520094","47.477920790446866","47.477920790446866","47.477920790446866","47.17956580821704","47.17956580821704","47.17956580821704"
"282000","52.17413743571442","52.17413743571442","52.17413743571442","48.166476198608166","48.166476198608166","48.166476198608166","47.854144198780965","47.854144198780965","47.854144198780965","47.71445505867236","47.71445505867236","47.71445505867236"
"283000","51.763306884557736","51.763306884557736","51.763306884557736","48.226756610081154","48.226756610081154","48.226756610081154","47.53952723636849","47.53952723636849","47.53952723636849","47.9827388045608","47.9827388045608","47.9827388045608"
"284000","51.21462244514527","51.21462244514527","51.21462244514527","47.27594146792596","47.27594146792596","47.27594146792596","47.4903360805175","47.4903360805175","47.4903360805175","46.87907231532106","46.87907231532106","46.87907231532106"
"285000","51.14267869109159","51.14267869109159","51.14267869109159","47.03131809985384","47.03131809985384","47.03131809985384","47.084638814287025","47.084638814287025","47.084638814287025","46.772418046572476","46.772418046572476","46.772418046572476"
"286000","51.01907646111346","51.01907646111346","51.01907646111346","48.1783146900759","48.1783146900759","48.1783146900759","47.81210077563994","47.81210077563994","47.81210077563994","48.04236304008878","48.04236304008878","48.04236304008878"
"287000","50.809494364958766","50.809494364958766","50.809494364958766","47.491886820672306","47.491886820672306","47.491886820672306","47.106749531881576","47.106749531881576","47.106749531881576","47.593896716672376","47.593896716672376","47.593896716672376"
"288000","52.24399944133723","52.24399944133723","52.24399944133723","46.891568883645505","46.891568883645505","46.891568883645505","47.106378340180825","47.106378340180825","47.106378340180825","47.032018965994624","47.032018965994624","47.032018965994624"
"289000","52.34102976297507","52.34102976297507","52.34102976297507","47.72183118187174","47.72183118187174","47.72183118187174","47.174292287043905","47.174292287043905","47.174292287043905","47.522097033739975","47.522097033739975","47.522097033739975"
"290000","50.2606369027091","50.2606369027091","50.2606369027091","48.31822505342891","48.31822505342891","48.31822505342891","47.9359141672421","47.9359141672421","47.9359141672421","47.86085198695248","47.86085198695248","47.86085198695248"
"291000","52.776738571291624","52.776738571291624","52.776738571291624","48.29786146938344","48.29786146938344","48.29786146938344","47.98090286598496","47.98090286598496","47.98090286598496","48.25035212859968","48.25035212859968","48.25035212859968"
"292000","51.48781326214321","51.48781326214321","51.48781326214321","48.18312261511985","48.18312261511985","48.18312261511985","47.4267930538398","47.4267930538398","47.4267930538398","47.96408029616053","47.96408029616053","47.96408029616053"
"293000","53.56020782055245","53.56020782055245","53.56020782055245","48.38723180627723","48.38723180627723","48.38723180627723","48.19666920615509","48.19666920615509","48.19666920615509","47.81060904272719","47.81060904272719","47.81060904272719"
"294000","51.770768637768874","51.770768637768874","51.770768637768874","48.17812854639568","48.17812854639568","48.17812854639568","47.57531673247385","47.57531673247385","47.57531673247385","","",""
"295000","52.758153803961484","52.758153803961484","52.758153803961484","48.419806291198434","48.419806291198434","48.419806291198434","47.75452513371555","47.75452513371555","47.75452513371555","","",""
"296000","51.14314755561053","51.14314755561053","51.14314755561053","47.77131125949778","47.77131125949778","47.77131125949778","46.97724930174134","46.97724930174134","46.97724930174134","","",""
"297000","51.93743287824516","51.93743287824516","51.93743287824516","48.65475512291842","48.65475512291842","48.65475512291842","48.09830910224965","48.09830910224965","48.09830910224965","","",""
"298000","51.88977150413161","51.88977150413161","51.88977150413161","48.24560298153047","48.24560298153047","48.24560298153047","48.385853541347075","48.385853541347075","48.385853541347075","","",""
"299000","52.80637567820167","52.80637567820167","52.80637567820167","48.64073271058157","48.64073271058157","48.64073271058157","43.05267729078791","43.05267729078791","43.05267729078791","","",""
"300000","53.807617222403856","53.807617222403856","53.807617222403856","47.56949676264873","47.56949676264873","47.56949676264873","48.03778465414417","48.03778465414417","48.03778465414417","","",""