"Step","Name: Prod-TD3-BC-noCriticLN-halfcheetah-medium - d4rl_normalized_score","Name: Prod-TD3-BC-noCriticLN-halfcheetah-medium - d4rl_normalized_score__MIN","Name: Prod-TD3-BC-noCriticLN-halfcheetah-medium - d4rl_normalized_score__MAX","Name: Prod-TD3-BC-noActorLN-halfcheetah-medium - d4rl_normalized_score","Name: Prod-TD3-BC-noActorLN-halfcheetah-medium - d4rl_normalized_score__MIN","Name: Prod-TD3-BC-noActorLN-halfcheetah-medium - d4rl_normalized_score__MAX","Name: ProdTD3HCnoLN - d4rl_normalized_score","Name: ProdTD3HCnoLN - d4rl_normalized_score__MIN","Name: ProdTD3HCnoLN - d4rl_normalized_score__MAX","Name: ProdTD3HC - d4rl_normalized_score","Name: ProdTD3HC - d4rl_normalized_score__MIN","Name: ProdTD3HC - d4rl_normalized_score__MAX"
"1000","-1.9237231170190467","-2.581862755257963","-1.2655834787801306","-2.0114742960228704","-2.206310810582285","-1.8166377814634556","-2.14856753319163","-4.738871804045506","2.702191727019151","0.08134340240214548","-2.2780535897593523","1.780098829373778"
"2000","-1.92266251981354","-2.5845615850642156","-1.2607634545628643","-1.854501164472895","-2.3766570346082085","-1.3323452943375815","-2.7889263054567786","-3.445315843774186","-2.4421532911260124","0.5825069540415346","-0.32937279432678385","1.115327592072787"
"3000","-1.9388273493293515","-2.5856583680295904","-1.2919963306291127","-1.811451047403298","-2.0889040515430097","-1.5339980432635862","-1.6898428110567332","-2.572328087282672","-1.0968335988876012","0.8809436723458073","-0.41834733116566086","2.2083820975842623"
"4000","-1.53331460810444","-1.7354402745985444","-1.3311889416103353","-2.1157607753421663","-2.5005484660353416","-1.7309730846489912","-1.612668236947141","-2.261638306148163","-1.0634315631988938","2.2629288372903735","0.7636651518967978","4.248942483626809"
"5000","-1.9112590766970503","-1.915734830492691","-1.9067833229014095","-2.1462243155166467","-2.1881261787425372","-2.104322452290756","-1.7734644522137575","-2.0329101983593145","-1.6101314308256638","4.161187701982537","0.8636469085734233","6.03054931331124"
"6000","-2.4222064044438927","-3.016115170486501","-1.828297638401284","-2.1377511513869845","-2.4300086093079187","-1.8454936934660504","-1.9772134657248115","-2.4800986100429063","-1.7028008016027243","3.258959133885044","-0.4984386217367554","5.446714023493974"
"7000","-2.130053097994936","-2.4596584448502488","-1.8004477511396229","-1.8177024281425118","-2.2560897396122255","-1.3793151166727982","-2.2026675993488745","-2.5982898277030855","-1.8993726055007507","6.769161469343786","3.8775085684132105","11.047675728382501"
"8000","-1.4705271877352575","-2.0935579648342415","-0.8474964106362735","-3.688267654304843","-4.601860731918337","-2.7746745766913494","-2.531000576288003","-4.259482964484176","-1.020482423174885","12.552490498275796","10.547379573040319","14.53565972159471"
"9000","-1.3497938702779522","-2.433993902824068","-0.26559383773183626","-2.7073054078411767","-3.4059739568454837","-2.0086368588368693","-1.4336759087701985","-1.5439934449433448","-1.3669595936687655","10.8146633611068","4.9186672285885145","16.92504179193239"
"10000","-2.0068875152941805","-2.0602642880117155","-1.9535107425766456","-2.360721337633583","-2.4332768838855707","-2.288165791381595","-0.7903390054675169","-1.4094786883744934","-0.13904369629421154","18.29850804345851","1.1596195295489276","28.326412392538813"
"11000","-2.100279419625749","-2.8320883772432386","-1.3684704620082593","-2.3260223427364712","-3.799763951331616","-0.8522807341413265","-1.0847244564843441","-1.54070506586241","-0.5135267388673989","18.439707699556767","10.495568110207751","25.73717111453371"
"12000","-1.4503193464560802","-1.454492009415274","-1.4461466834968861","-2.1271497484538955","-2.241275654279358","-2.0130238426284324","-1.885226166212705","-3.803220996571239","-0.4445230752242688","25.800381831295834","16.600694996847558","38.6517138959249"
"13000","-1.6635490449197534","-1.721250761176715","-1.605847328662792","2.8348614932103766","1.388760151007451","4.280962835413303","-1.7234146298417574","-2.5480943199914603","-0.9158721776819687","27.561434115838313","21.345991610868648","34.51723809775786"
"14000","-1.593780124004939","-1.7511525082036228","-1.436407739806255","4.8137496654379355","1.0030499339560839","8.624449396919788","-1.7557289268268876","-3.9285101379148646","0.17024382765370602","35.333005788661076","32.618259829830784","38.99481824527156"
"15000","-1.409093385426978","-1.516566102859003","-1.3016206679949531","1.6168754881136773","-0.19313118876785068","3.4268821649952055","-1.2327169826586066","-3.9179487912980906","0.9574572949496102","37.86145985604603","35.02893954366449","42.21949616769183"
"16000","-1.3106961219909568","-1.6837154911384287","-0.9376767528434847","12.369651921744012","11.415806528164843","13.323497315323182","-0.963229280655665","-1.0751367020063056","-0.8649951019353653","40.50577683521024","39.639815830560096","41.202593589375056"
"17000","-1.2465157849013835","-1.7039153486126013","-0.7891162211901658","10.151909174466754","5.234679119863315","15.069139229070192","0.05045197533672182","-0.6206251582945215","0.7849268772605177","39.45506915488107","35.72938819946366","43.857773273798614"
"18000","-1.3548080670626406","-1.611388357091819","-1.0982277770334619","18.489617929511873","16.453906586471117","20.525329272552632","1.3681105482949014","0.8210447429497657","1.96909197848836","37.28919678363541","32.231067246596474","40.39343951258373"
"19000","-0.41676886486313847","-0.6255360942136048","-0.20800163551267212","11.428473056022721","10.439358066138906","12.417588045906538","3.318129384771295","1.6941104977590087","6.379338291046964","42.18193869452958","37.613487348953996","45.674597747775294"
"20000","-0.32400639212421534","-1.7618074829115176","1.113794698663087","21.642190913071538","19.72064456097979","23.56373726516329","1.6063828258053932","0.31767522044336116","2.458595832462266","44.05459470392651","40.52442050225099","46.06620675999815"
"21000","-0.2962831073367611","-1.831014533396849","1.2384483187233268","24.83928596494883","23.66833096160386","26.0102409682938","7.3098595992628015","5.173994684454191","8.775198178937478","43.17977476241027","41.151129248000814","45.38889352097406"
"22000","-0.18239797044810868","-0.7779609448229083","0.413165003926691","27.628233985772585","27.36404637789707","27.892421593648102","6.6901569609514135","3.4224351468394554","8.972482913170667","43.92255527371091","43.2329736553899","45.266892830424624"
"23000","-1.0779500256702685","-1.9538791194059903","-0.20202093193454693","19.675059971037484","18.55037360998166","20.79974633209331","7.805542946657316","6.165342809107726","8.801437273185268","41.783987303939455","40.68515359676659","42.998018496177956"
"24000","-0.8435976866533613","-0.9444971510200026","-0.74269822228672","32.53344224130172","27.945676205511294","37.12120827709215","10.397719861114055","6.0125872569428305","15.390696347502034","44.055001615345894","41.474480416797356","46.34687582804624"
"25000","0.3523250244929542","0.020849761699975176","0.6838002872859332","31.544873893140252","27.814786258852635","35.27496152742787","9.315992115164095","7.348619406715205","10.943209296303156","44.56410537950396","42.9943706579721","45.378380451191866"
"26000","0.35753136242160444","0.14827207051118338","0.5667906543320255","32.215162085277015","29.258418452693974","35.171905717860064","9.26380863763491","5.963733202256112","11.098269876118769","45.35164477694567","45.0439504406795","45.73441784093551"
"27000","2.492630346496362","0.9443521540960342","4.04090853889669","35.94376837077415","28.18531236085477","43.702224380693536","9.456460941232102","7.633250507137808","10.542096176380955","43.83210691876013","41.4004497026144","45.70270902534265"
"28000","1.852647760210819","1.0410011742138645","2.6642943462077735","34.24669131829409","30.0414555643835","38.451927072204676","13.193493412987307","11.016524610099587","15.702859424684176","45.393387573158066","44.81957202180027","46.18456024504661"
"29000","7.163888396787967","5.189408813600286","9.138367979975648","35.92709344653018","33.75868205537694","38.09550483768342","13.473791964529605","9.54079507164813","18.043782934431775","45.63044144978554","44.983562016726","46.14393137867863"
"30000","5.717545536129174","5.451535922511776","5.9835551497465715","36.43620027404437","28.73455151185786","44.13784903623087","12.414012738556258","10.96680061961823","13.658622579012675","45.368593299896396","45.15725979924864","45.650125717420984"
"31000","7.025095786813523","6.439556707240926","7.610634866386119","35.06336789431911","27.015936102862604","43.11079968577561","12.219377860864634","8.577214714019483","15.88544464887679","45.53614448578602","45.41564900579584","45.735722937944786"
"32000","6.690105247590554","4.61798548702539","8.762225008155719","40.8494530869626","38.79138758639978","42.90751858752541","15.72584268442744","12.549746110306504","19.067381629261728","42.769375651886925","36.90767398243756","45.70976922467104"
"33000","8.79286824597835","7.2749781707688905","10.310758321187809","39.457872194499586","35.363607753124775","43.552136635874405","15.298471619277656","11.754566512359755","21.805687005806718","45.47330420221181","45.13407659455066","45.86446432818914"
"34000","14.274691262980204","11.966642162392986","16.58274036356742","38.74431088327547","35.89632374250801","41.592298024042925","12.925386612931979","10.402436588549248","15.896336317537282","45.31840090795847","44.746094257807215","46.12049617661617"
"35000","10.156979939854903","10.093949301992112","10.220010577717696","41.96568519861708","38.6291714400965","45.30219895713767","19.26488745728012","14.48411401743662","28.53483730813884","45.78675150433705","45.35354439833676","46.09099067252138"
"36000","15.253212266425574","12.076769778901257","18.429654753949894","44.411055513063985","43.69812180097094","45.12398922515704","12.752434495063985","8.947166076701354","17.997555990375417","45.73724262568834","44.73538978338127","46.25759551276866"
"37000","13.084782190276176","8.631956345801209","17.53760803475114","37.643136483914965","34.23788848078162","41.04838448704831","20.44718535746726","18.861492753647287","22.572847844919878","45.43521021103832","44.93824631879568","46.12996531926864"
"38000","15.00983036755157","14.333043254135214","15.686617480967927","42.25122615955259","40.221452175254534","44.28100014385064","14.395926924970103","6.901051469082595","19.477375634283298","46.05750288411443","45.76106711250113","46.46654347820863"
"39000","14.41873191288995","12.29008303563877","16.54738079014113","44.4088532873908","43.88337359227567","44.93433298250592","25.19113294031419","18.562205807697026","29.135528812192867","45.24845469545054","44.74704712361315","45.94832726338251"
"40000","14.170501340628967","14.134954930363294","14.20604775089464","44.82294138131475","43.83441770037532","45.811465062254186","22.599442543277153","20.349176686301206","23.80948433411868","46.07327501200112","45.919733729971895","46.328028463403854"
"41000","20.962095326064365","19.43780504495038","22.486385607178345","41.64583982607864","37.74624347127382","45.545436180883456","28.846113611564732","22.93527775060967","37.18583536559106","46.03843705310127","45.44725221675156","46.42109968101806"
"42000","13.90923180470217","11.789838086182286","16.028625523222054","45.73904136517383","45.716302693935056","45.7617800364126","26.9223460902687","24.352047458647156","31.203851126164885","45.86233428223378","45.780309074645984","45.96537192220423"
"43000","21.916875705837008","14.112995515704455","29.720755895969564","43.288495398513504","41.687204877494516","44.8897859195325","26.57396888984566","21.150097455839468","29.914615938285888","45.82629612206687","45.51904291352616","46.16662946238562"
"44000","22.19857421417594","17.480921376559657","26.916227051792223","42.585799038864224","38.72521306592589","46.446385011802555","25.833483659885292","24.120969898829138","28.648509737908274","45.79587338667693","45.28205540403279","46.29275675221481"
"45000","22.060554760366163","20.33084591734656","23.790263603385764","44.37076948345968","43.02963960650706","45.71189936041231","23.19799413328281","19.354291844203505","28.790743820704545","45.908905504661085","45.44969557762104","46.39417323422266"
"46000","17.3942683639374","16.290152024206346","18.498384703668453","43.03480935968953","40.53896306029955","45.530655659079514","36.08127360117277","35.07113812437041","38.091834359562235","45.80058324362267","45.35458259310196","46.52705171337443"
"47000","16.294198717831232","12.001439387567494","20.58695804809497","42.20044717959233","40.76056233266705","43.640332026517605","28.719531275466398","23.595409040933603","33.23949779942029","45.427804236789626","45.25582304821423","45.759684489142636"
"48000","18.314269345365062","15.466914654657407","21.16162403607272","40.17612730175358","35.74873598301573","44.60351862049143","23.585041634819508","15.620838749657162","38.37189830743141","45.465193123670794","45.15323454566844","45.65511923609941"
"49000","28.71704083668688","26.502718958297223","30.93136271507654","44.47028113813147","43.865230439706224","45.07533183655671","30.822363678806823","18.323270203220357","40.796129373774484","45.73194654561917","45.59754727398523","45.80610018166828"
"50000","15.841478817402958","12.929080656274513","18.753876978531405","45.6935377131408","45.59810346461185","45.78897196166974","42.123016774009784","40.67317189893636","43.47366841375288","45.86560990439836","45.49444332396661","46.35712197416995"
"51000","19.426075457374534","13.811188629675177","25.04096228507389","43.14122770204108","41.18368265165795","45.09877275242421","37.43943627050532","34.94235267944158","42.07015415362366","45.992762716897595","45.60997600103037","46.19590917451706"
"52000","24.709441198600956","15.054413835703318","34.3644685614986","45.477673058874316","45.30851856898192","45.64682754876671","39.28555744236472","36.935504095470826","40.53126296910367","46.116746905447684","45.22228635862597","46.584092359303646"
"53000","18.402455742365625","15.626380227444859","21.178531257286387","46.11377930597071","45.88208405130217","46.34547456063925","42.84451747296887","38.61210010487181","46.14990965383065","45.979784991178086","45.753684208422904","46.24349030545981"
"54000","21.137015971730882","13.545708060227154","28.72832388323461","46.08395621352141","45.97837623160445","46.18953619543837","36.70195725204835","32.859874855730126","42.17393896916829","45.95764011585995","45.358595531656306","46.4922582459029"
"55000","13.439074220783143","10.532366854142879","16.345781587423406","46.137041902394","45.4909268131675","46.7831569916205","39.365377178596404","26.54860572750633","46.101382784426086","46.308499729989684","46.07691279413268","46.59553039006268"
"56000","18.36092498464824","11.183910832949392","25.537939136347088","44.54144244511505","44.419539044142475","44.66334584608762","36.056984165085055","25.588367442325456","43.663918461281845","45.54281688740513","45.05387543194442","46.11349243779222"
"57000","8.744239782503588","7.802520811538212","9.685958753468961","45.99557678867063","45.498982083115195","46.49217149422606","41.0076575812345","38.284544216394","46.13349676335538","45.85489239142592","45.670850280252544","46.05191710920428"
"58000","16.478761823712304","12.55217709565996","20.405346551764644","46.07148006120724","45.723319218135074","46.41964090427941","37.628681338156234","22.836238182053833","45.571761115767636","46.07209931137536","45.943216579612226","46.29633065217059"
"59000","15.086710896098445","10.503274221368466","19.670147570828426","45.68612754238235","45.295863752131616","46.076391332633094","37.38509399162903","28.36472780559817","44.505141734808404","45.8203045649428","45.323550788597515","46.29545788053439"
"60000","11.880245645279025","9.637006510030307","14.123484780527745","46.00834903653375","45.84233963131109","46.17435844175641","35.38176827653759","24.454881916766606","41.77892429024224","46.074581139972416","45.87661644437043","46.39099046375449"
"61000","17.856027208534986","14.321540678224862","21.39051373884511","45.66160274911467","45.51967724180684","45.8035282564225","42.319784449586756","37.935915317659045","47.71655711782208","45.75908726018981","45.14286415318831","46.56427716099103"
"62000","18.77754918456431","15.808937022022802","21.746161347105822","45.557988648129026","45.38720964620037","45.72876765005769","34.4110357641226","29.24314083149202","38.0911323560199","46.48046571422156","46.27013686713442","46.85301303192199"
"63000","19.51726820662938","18.918125456172433","20.11641095708633","45.26186942762483","44.614683441534396","45.90905541371526","41.5153963600543","35.62946576965943","47.51163654544837","46.017739556629294","45.87882317370129","46.12079982405192"
"64000","22.83294851203757","19.196058379859473","26.46983864421567","41.45739996443585","37.21477833280531","45.700021596066385","45.07338682175231","41.056922728699774","47.948626837808725","46.14542765790236","46.009171699932025","46.417231220504355"
"65000","20.03637274175592","16.81252032383502","23.260225159676818","46.72158916701592","46.639968068481735","46.8032102655501","44.49387698876722","40.77983933975557","46.490150667518634","46.11321703540125","45.782349010203845","46.697857122837675"
"66000","24.42879067664277","16.097451813598024","32.76012953968752","46.39501825090376","45.91753469275615","46.872501809051364","42.827628415878905","42.12166524777163","43.28617800756881","46.02824194755584","45.93185618179646","46.146525181868824"
"67000","34.30251102645987","28.97444635019881","39.63057570272092","45.66285283069064","45.661632959134145","45.664072702247125","47.77326312377367","46.605284116555524","49.08804634891492","46.315839169247134","45.877729680887455","46.733092211773716"
"68000","16.796639829607535","9.367888708294016","24.225390950921057","45.34879143843508","43.53703267029287","47.16055020657729","44.46780381721579","42.54274185991682","47.61684823346133","46.020817010700775","45.20388116989703","46.4620882919307"
"69000","38.827612380872935","29.814872801479826","47.84035196026604","46.03490531758922","45.7924953557015","46.27731527947695","47.17718145494636","45.40973451935725","48.362837448515954","46.01304798457884","45.730219483421095","46.18637829735054"
"70000","18.87631296663107","17.342523411396655","20.41010252186548","45.890846350504795","45.80364435029092","45.97804835071867","46.71502897843968","44.475066874429565","48.28919076794732","46.16161975865531","45.64350041836739","46.48544079273607"
"71000","23.487702802956708","19.397880381739682","27.577525224173733","46.3130650387555","45.93640872962964","46.68972134788136","47.387102264844714","45.9072250761525","48.351314473821766","46.03280620482235","45.67825907389847","46.500954055768204"
"72000","29.890841533859067","28.265828135678728","31.515854932039407","46.07794304978134","46.077909951899265","46.077976147663406","46.824313860628386","45.00426058535796","49.24135974337246","46.194505240555564","45.68270787494282","47.11136073394424"
"73000","24.432848313840275","18.443501298449895","30.422195329230657","46.03994119716272","45.87903346789579","46.20084892642964","47.85695234888854","46.96919866101203","48.515691758588616","46.045692050513345","45.66508760185503","46.28250701391122"
"74000","36.017088991170624","28.05002963787481","43.98414834446643","45.81073630418082","45.40577501446906","46.215697593892585","47.57372509611881","46.845858814065224","48.1414392601214","46.35954209347148","45.46680089676053","47.04469881338381"
"75000","38.496033515210314","28.290247850688445","48.70181917973218","44.40956866183748","41.62356237719759","47.195574946477386","46.91604574448994","44.25269809144049","48.739897178225405","46.15660871735935","45.72598093644553","46.74878147680847"
"76000","28.8593072396512","28.568958268368416","29.149656210933987","46.263165937307335","45.768174602526706","46.75815727208797","48.396209362756395","48.215396452338354","48.5279091406354","46.16537643763633","45.68726320120091","46.55787619995082"
"77000","29.368954980785816","27.901411431900748","30.836498529670887","46.14171131773705","45.44949750233223","46.83392513314186","46.78913304285243","43.574113300165884","48.64821122165093","46.31883504118313","46.07545477286853","46.80322038864095"
"78000","42.35328287398603","36.35857993204041","48.347985815931644","46.06402367314898","45.7008670006449","46.42718034565307","47.14684755874305","45.37386702644713","48.0943858542769","45.99710446104774","45.74216310405077","46.20074994954351"
"79000","34.20422437442218","32.08705051128092","36.32139823756345","47.04981742334185","46.69744845686968","47.40218638981403","48.34254453853481","47.504025579781036","48.89075523227872","46.62464272026066","46.273025971644","47.2607589217238"
"80000","29.575044017580545","28.312281230607812","30.837806804553274","46.48272812413741","46.40569863554467","46.55975761273015","45.3224670251445","43.452699511995995","48.04001589549073","46.44572425096985","46.18444283089983","46.92981061349325"
"81000","35.262327692825025","31.56157372523987","38.963081660410175","46.32973759502757","45.93373309753989","46.72574209251523","47.35840982732733","46.31425032204955","47.98193552774549","46.39358319762223","46.143306152804314","46.777157974903346"
"82000","35.23173137980676","29.269944945237885","41.19351781437564","46.43974519482128","46.0120640838922","46.86742630575036","46.82520738559743","43.62499447555424","48.7720402238545","46.561168795531046","46.46480660008082","46.71042417759379"
"83000","35.87788155828244","27.690051347252503","44.06571176931238","46.77433055732125","46.71776557893871","46.83089553570379","48.22338707593508","47.92160986523204","48.39225639086011","46.55411549057859","46.30339237126642","46.71725687354262"
"84000","29.599243913010408","11.02339361019142","48.1750942158294","46.17786759436137","45.87884815566412","46.47688703305863","46.1943353580488","41.448772779597334","49.243225867467686","46.91167252173665","46.16590467252287","47.74134787484266"
"85000","33.27312712809779","28.795779949925976","37.7504743062696","46.22959456687329","46.094990765147784","46.36419836859879","46.83409355579854","43.816493779588875","48.68929195451373","46.14268924748009","45.83563406217085","46.59927380563101"
"86000","36.457447798147335","35.35734152671453","37.55755406958014","46.658585860528135","46.21484817964884","47.10232354140743","48.217733282754125","48.12631179252354","48.30890341169726","46.222187601282435","45.72785038460881","46.64628360049076"
"87000","34.44819487901788","31.432986309329923","37.46340344870584","46.494801963225036","46.33344315994799","46.65616076650208","48.0865730026186","46.86365936127634","49.11417549955262","46.45938274658607","46.28575719498922","46.77569130220124"
"88000","41.08167872494835","34.702915618838055","47.46044183105864","46.332624979015954","45.32715664296247","47.338093315069436","46.03299739791378","44.147705617127606","48.796302782383364","46.417924174653","46.127788727487165","46.567659117807686"
"89000","31.4975273245513","23.545700947039148","39.44935370206345","46.205310837475025","46.15591906508414","46.254702609865916","47.56399013065672","46.69939268688785","48.26695128498755","46.101610152655745","45.891031068674785","46.41882914751022"
"90000","23.529860990177873","20.183444725907087","26.87627725444866","46.62723715675263","46.58740282181936","46.6670714916859","48.38668188772198","47.899397024405","48.705332968890666","46.003666656623075","45.640929690307445","46.21480124040864"
"91000","36.55384595503646","28.702826549401895","44.404865360671025","46.48298393746021","46.05796885282495","46.907999022095474","49.1823920495216","48.69454297965481","50.07641707737505","46.25800001608233","46.154730650943904","46.360182860929115"
"92000","35.62361178952551","34.248021771351404","36.99920180769962","46.6949211644754","46.29263442248362","47.09720790646719","48.7623785997062","48.24409888626617","49.09266945472702","46.20019773204635","45.94401153425529","46.53555399578506"
"93000","27.000486802250105","10.089873289745773","43.911100314754435","46.58250123661573","46.01145184450691","47.153550628724545","48.572759068186706","48.537701845961955","48.59129533355915","46.03765197808289","45.87916422410259","46.27480413471925"
"94000","36.50577237183235","31.545310406154936","41.46623433750976","46.467490539764235","46.09220000915325","46.84278107037522","48.32197649380054","47.593535925813036","48.925652695061814","45.87447597024187","45.51448170391214","46.25822078195379"
"95000","34.77225617933288","31.763985828032194","37.780526530633566","46.53710730800667","45.903370448818734","47.1708441671946","49.01985363042627","48.047906649268164","50.17696160750421","46.40601308061559","45.67351312880815","46.82265520080958"
"96000","43.06872585675906","38.991052307990486","47.14639940552764","46.77544512552012","46.45076547315955","47.100124777880694","48.1853903681577","47.395232904229765","48.84942145536493","46.1396544730525","45.743720869303054","46.48127272191832"
"97000","46.19098696264628","45.86910054606859","46.51287337922397","46.131163288641886","45.596795408585955","46.66553116869782","47.680098355247765","46.473012979763546","48.73432756869673","46.31699236971852","46.07389602283053","46.47942698399075"
"98000","36.348012080641666","32.7708623263898","39.92516183489354","46.62867147154725","46.198256508695835","47.059086434398665","47.51423076679878","46.9761659330762","48.494816290587615","46.42604267863117","46.11019027152319","46.98533135011203"
"99000","42.2476432379181","38.53619207444238","45.95909440139382","46.28663474359223","46.00484556016922","46.56842392701523","48.52350017632304","48.39053249940515","48.6507615459824","46.260285337290895","45.78792197642569","46.77403008508587"
"100000","42.898559153617995","36.294619389451746","49.50249891778425","46.44208771789896","46.08654885398362","46.797626581814285","48.8202295756268","48.44459975171934","49.44274099112925","46.46029367274696","46.17686164061605","46.930511750873066"
"101000","45.28591670844296","41.710587863555794","48.86124555333013","46.503177204840966","46.26254598441598","46.74380842526596","48.210769322185264","47.79970159683421","48.867162357160424","46.108313403403976","45.878203616891376","46.4350595909091"
"102000","42.22935346065205","40.21718106161122","44.24152585969288","46.542391539554046","46.498689761410155","46.586093317697944","47.85303504801451","46.826426475340035","49.12840482255993","46.42441889577316","46.239398984121536","46.7261889907544"
"103000","44.275565662045935","40.991587307601804","47.55954401649006","46.74300985455514","46.41034050423258","47.0756792048777","48.877886004194245","48.60888814039284","49.36396134265175","46.09851440230877","45.88246945061469","46.29358893091297"
"104000","47.632007757479386","46.04387536510108","49.2201401498577","46.15814262466051","46.02309914986474","46.29318609945629","48.77957114282467","48.41540838388881","49.26496183534725","46.13597456111378","45.81728634494383","46.54883571311711"
"105000","44.77950351351001","44.084043486067586","45.47496354095244","46.302822000110794","45.847217148785624","46.75842685143596","48.70451465915806","48.059084340107816","49.21215636987629","46.377191100030494","46.01405352241759","47.08100827296475"
"106000","49.014533103012","49.012780787066525","49.01628541895748","44.08535847750443","42.11747751368455","46.0532394413243","48.80622221984763","48.427082460263705","49.4478332691632","46.07810927186876","45.858053015449904","46.45167114689623"
"107000","43.284589118363655","41.741682857798445","44.827495378928866","46.306867727167486","46.09838639431361","46.51534906002136","48.75577290757536","48.27941922266231","49.19502464732033","46.159894293159006","46.14602513167819","46.17503843236299"
"108000","42.23309421547209","40.48908762107979","43.97710080986439","46.3439044940836","46.297442772834636","46.39036621533256","48.95941561401562","48.589269494970445","49.556052255278416","46.43195933227664","45.96402046403317","46.793277586449186"
"109000","40.501696882567636","34.05470893989092","46.94868482524435","46.62171621554718","46.49987584570653","46.74355658538783","48.59467473304206","46.27181820381086","49.959987087868","46.256610779953974","45.41317780688525","47.215145330814"
"110000","43.42275383627566","37.09711433545152","49.748393337099806","47.31806123404461","47.09986728066946","47.53625518741977","48.959613392342995","48.59177424045375","49.252868362813814","46.261574417822466","45.698885101434","46.81276100767029"
"111000","48.662804908294866","47.9164233420238","49.409186474565935","46.24380188566634","46.190017684358544","46.29758608697414","48.917289700400936","47.892730023010444","49.75927033024835","45.9556104630117","44.8996611775943","47.139669532643175"
"112000","48.88266830268593","48.75412132752926","49.011215277842595","46.63919714596451","46.440739271756584","46.837655020172434","48.993782747225964","48.49614569477452","49.247308536879366","46.495548025049004","46.316698702116945","46.61396289877811"
"113000","41.883876594155055","38.009583788277865","45.75816940003224","47.22022737090174","47.01438271246531","47.426072029338165","49.32187156816547","48.59504961753453","50.47974819504885","46.2472993917354","45.95089178944461","46.51458811257632"
"114000","45.40346975321064","40.81162684201906","49.99531266440223","46.1679400173142","46.16176969583566","46.174110338792744","49.13091714086429","48.69284454792437","49.428531813755875","46.14590671613799","45.86391226666289","46.55812006861448"
"115000","49.36545478155664","49.338111947942544","49.39279761517074","46.91450440043022","46.2794230088232","47.54958579203723","49.39320966114616","48.48548780906855","50.067917113246686","46.51288398319576","46.45914070343271","46.564190672037356"
"116000","45.30733232255464","41.25930125737144","49.35536338773785","46.73554361480973","46.28871959429136","47.18236763532809","49.02044744313928","48.89411050650715","49.08722070623261","46.43110422655073","45.84048562250646","46.79365004021755"
"117000","42.84004924176587","36.88814128028705","48.79195720324469","47.30194155259935","47.21028430893841","47.39359879626029","48.92259603015565","48.810052809693936","49.06465925578269","46.44049209468087","46.38809953549077","46.53686557502132"
"118000","48.874594437134036","47.82595044723254","49.92323842703553","46.270459599608586","45.92841859451251","46.612500604704664","48.68190787190883","48.32340694513519","49.23674536902683","46.32285987821401","45.67821930341875","46.67289611607842"
"119000","43.941101331088745","39.35860834290643","48.52359431927106","46.28918904430775","46.05839131251421","46.51998677610128","48.59672066472584","48.15766007867459","49.066174949816116","46.43062995480676","45.963472877812514","46.91933849800275"
"120000","47.49518002841785","45.79494835710078","49.195411699734926","46.59979956813982","45.90080065575858","47.298798480521064","49.05798308289252","48.56074415338208","49.51932555851698","46.17740410460356","45.90462734553522","46.4759772656369"
"121000","48.378166764619834","46.804915786798944","49.95141774244073","46.52918463029439","46.459441352686774","46.598927907902","48.59532182742498","48.46590354233769","48.722240510477235","46.81879670025469","46.22767979600239","47.60411967464183"
"122000","45.33705444237222","42.23672184096328","48.43738704378116","46.88324841537673","46.41107988026014","47.35541695049332","49.41929922601443","49.227087909573996","49.792162382750085","46.94283987951972","46.78584651657871","47.2470009397612"
"123000","45.276425416005566","44.7086443567564","45.84420647525473","46.626672305237015","45.906929341743826","47.346415268730205","48.847458780587665","48.323055969081246","49.32066859139736","46.337463180696375","46.14088641579315","46.6570098530749"
"124000","46.75782677013578","46.376158447326816","47.139495092944735","46.640381955705024","46.309066948405246","46.971696963004796","49.53132707680489","48.91671030560504","50.515301942912124","46.61417447508251","46.42191157291113","46.75219381759061"
"125000","48.88665923001338","48.07692707414","49.69639138588675","46.84013497903888","46.47064844111855","47.20962151695922","49.4176225049063","48.72238413605071","49.85067943308968","45.81488807488828","44.44361922740664","46.786175935245296"
"126000","47.781264539256725","47.172599755021196","48.38992932349225","47.034307467655076","46.8311508090146","47.23746412629555","48.61422136866182","48.29809012352014","49.240058665340825","46.533901161735066","46.23144775081599","46.69587315118854"
"127000","48.80110536643425","48.04926637278992","49.55294436007858","46.98645129916339","46.58973180799276","47.38317079033402","49.1161633898431","48.44037191415778","50.153592274538816","46.475338499954205","46.216104632395","46.6506195137897"
"128000","44.21614105230019","43.90329645780611","44.528985646794276","46.433374559364495","46.26236568999881","46.60438342873017","49.60839278466529","49.04959049303335","49.95024542529091","47.109084424475476","46.83458044191457","47.53304437218514"
"129000","48.542949720721204","47.38226498203812","49.703634459404284","46.70844581179699","46.67255421963251","46.74433740396147","49.53710665013887","49.35465004742539","49.84723249275267","46.29723912727417","45.97350579822263","46.46948369861989"
"130000","49.325555340454365","49.203425754393486","49.447684926515244","46.61822789929343","46.073249123831765","47.163206674755095","49.070226783434464","48.665808649899574","49.46155409480248","46.37976671706489","45.94710728142174","46.62274674712426"
"131000","47.82297935186865","44.72544391650306","50.920514787234254","46.76802360791518","46.46188432262903","47.07416289320134","49.80186890999388","49.70391438683102","49.894326524851294","46.467833906825284","46.272582079096196","46.79508860997821"
"132000","49.02652582584771","47.484383795846746","50.56866785584868","47.2075960024701","46.079848561274964","48.335343443665224","49.525450685187565","49.224268834911946","49.729667101055185","46.8317439508437","46.570895544974036","47.30399680899085"
"133000","49.66172849901783","48.770161698788705","50.55329529924696","46.74027102779367","46.24133541682449","47.239206638762845","49.27787076361212","48.82976521575344","49.65539546260259","46.648911527676695","46.558796506421665","46.757723451921684"
"134000","46.720690033998615","43.122464910686226","50.318915157311004","46.49196162830383","46.42367284129958","46.56025041530808","49.38600600600416","48.47950976292599","49.8477225212491","46.71257186781841","46.200325792001316","47.46883173511546"
"135000","45.74736398088943","40.41658192057319","51.07814604120566","47.10383815743824","46.27185924314887","47.93581707172761","49.018813914630094","48.56829778440556","49.581162298560166","46.429543580032686","46.081021276056525","46.90785424468865"
"136000","50.46479285001675","50.292506204194375","50.637079495839124","46.484087491850964","46.31260994944282","46.655565034259105","49.466456384333185","49.035958159826365","50.10019469330251","46.17785170635856","45.83524547524095","46.39688773898434"
"137000","50.01413364821721","49.65436245927237","50.373904837162044","46.46378610024256","46.22024873152441","46.707323468960716","49.19973885469562","48.60329557836584","49.51951339854933","46.85271232662448","46.49205400315074","47.40212664031492"
"138000","47.62044610424845","46.14613772558327","49.09475448291363","46.620986544032974","46.48142390191368","46.760549186152275","49.15018355031021","49.00444260534137","49.441440746166535","46.79533149760369","46.373489454973225","47.09133267137821"
"139000","47.244318673448035","44.98179254785354","49.506844799042526","46.11084720409074","46.10945311310484","46.112241295076636","49.25054851769439","48.80805078005312","49.997976428588295","46.45953779081146","46.235520369385455","46.787649964102314"
"140000","47.678833024541724","44.99728279639783","50.360383252685615","46.979710275398546","46.62398379162191","47.33543675917519","49.413134207728355","48.91233173597102","49.68164118613652","46.85788266536505","46.31804299904048","47.14003716755009"
"141000","49.49837779113182","49.4740336073665","49.522721974897145","46.386931606967615","45.56209457223753","47.2117686416977","49.21623312694166","48.55294886904857","50.04938194547761","46.6426955002219","46.3908054535045","46.99816981894418"
"142000","50.21593554895556","50.13219645877912","50.299674639131986","46.95277372987242","46.932076734367875","46.97347072537696","49.0840238486607","48.773712562418496","49.43455160567235","46.52127821335367","46.19337374304339","46.933118830956516"
"143000","46.312315224073004","41.881677616781744","50.74295283136426","47.14602426943847","46.79269670126494","47.499351837612004","49.46524541805087","48.673850828141205","49.969865728743834","46.575971794393155","46.20197881016882","46.88433572209847"
"144000","50.25504686476795","49.64247073059173","50.86762299894417","47.3284597857503","46.5967138671894","48.06020570431119","49.64225295400167","49.2140770268423","49.88140329415862","47.100139588202325","46.51977850329146","48.05920429211203"
"145000","47.06673128043059","46.53323575533446","47.60022680552672","47.270780704794426","46.670819951111824","47.87074145847703","49.244558776934475","48.844289305052655","49.49480194776585","46.933741867071895","46.85221858283338","47.02046468393962"
"146000","50.35471578065498","49.91868516156268","50.79074639974728","46.894813449538354","46.41129968198447","47.37832721709224","49.66777253092592","48.633770176685424","50.29830790888409","46.751555451644215","46.39122050283414","46.95115984476147"
"147000","50.79021042203826","50.30813716732926","51.27228367674726","47.11647601602652","46.528266279828436","47.7046857522246","49.49857550334724","49.199101934903595","49.6759821238078","46.695618744778216","46.40290183287178","47.09092459687775"
"148000","47.182266315501565","45.91210535197634","48.45242727902679","47.30033161759517","46.9466337256191","47.65402950957124","49.27247518079423","48.950710116787974","49.64515597862013","46.36756150318869","46.073242972056","46.7618087005706"
"149000","50.71157478726708","49.7664619836499","51.65668759088427","47.22803511572599","47.21973053331236","47.23633969813961","50.0699463116111","49.568666044569454","50.40787948740263","46.634736142187855","46.53046422492966","46.73234683594752"
"150000","49.97081480316384","49.49685180660355","50.44477779972413","46.57768277672717","46.51069935016186","46.64466620329249","49.82468773448324","48.184812416876774","50.797513102557645","46.42617579203175","46.382539110795165","46.484131278879886"
"151000","49.53649384539338","48.89753229968648","50.175455391100286","46.809883395741835","46.787210967012925","46.83255582447075","49.851787928807006","49.05946228681583","50.57929278710533","46.378877184808225","45.832776944355444","46.728428849921464"
"152000","51.49707249489303","50.19960922273927","52.79453576704679","47.03347385944916","46.69652818566596","47.37041953323236","49.78637453624703","49.250123828298406","50.17747905129579","46.550338066290074","46.49423570946531","46.593218164495"
"153000","46.23709141363072","41.625443830416586","50.84873899684486","47.115828179064295","47.01078639592884","47.22086996219975","49.51295986065579","49.16391357592351","50.19255739246174","46.76006687744954","46.61131026102691","46.99639226634336"
"154000","50.41876848186483","50.07478528165924","50.76275168207043","47.863519407599895","47.83148729412132","47.895551521078474","49.36971801550396","49.15670022578489","49.71587426597086","46.91810444482123","46.43819139082228","47.32808868015772"
"155000","51.72333923041295","51.16536005261555","52.28131840821035","47.32777988999118","47.17853411457254","47.47702566540981","50.18736523633411","49.82952851173869","50.738652839787456","46.6255419794174","46.081944763260175","47.0050297490677"
"156000","50.437622099716904","49.959758584526824","50.915485614906984","47.04146444937252","46.2470640774931","47.83586482125194","50.04852713747456","49.8139215846602","50.27883255370777","46.51162293798313","46.39459489300817","46.736522400236574"
"157000","49.84529849334342","48.409604246886865","51.28099273979998","47.44141901641973","47.36215822123821","47.52067981160125","49.86282444334973","49.14367500553439","50.55925647454907","46.96647746965787","46.452650540933796","47.52146101782393"
"158000","50.191919719265016","49.74841535778942","50.63542408074061","46.63421101748729","46.42740219095309","46.841019844021496","49.162259468872186","48.43054844995335","49.59242104151094","46.611968580836994","46.44355484962991","46.87151800114858"
"159000","48.21538580211613","46.877665041000135","49.55310656323213","47.059243777249314","46.65577738262346","47.462710171875166","49.940309616671065","48.905555642361705","50.63802984686389","46.77941280510249","46.464341870002826","47.17502288583707"
"160000","50.2738723239316","49.42145232992877","51.12629231793442","47.24221814557846","46.90133280209664","47.583103489060285","49.86006087559068","48.986076843830325","50.41791872542627","46.693032935677024","46.40040117850568","46.90427542007119"
"161000","50.57521356873127","49.78017191556819","51.370255221894354","46.94160719960594","46.10373160121626","47.77948279799561","49.1240010704722","48.13206198777536","49.65262420745128","46.56734157970741","46.23515737154014","47.10077255933419"
"162000","50.95724576426761","50.875946915336314","51.0385446131989","46.808813057873024","46.62345937785943","46.99416673788661","49.63813121530679","48.9056403169368","50.079182337137865","46.85630580439389","46.576859247832566","47.01223150900608"
"163000","45.879742663030214","45.61126533599618","46.14821999006424","46.96466302615376","46.841805740590836","47.08752031171669","49.742678925398536","49.05215450085422","50.29528087625093","47.035125179815616","46.82381563372272","47.25174745830781"
"164000","50.89279842603065","50.54580144546017","51.23979540660113","47.00705764724961","46.9516337559877","47.06248153851153","49.784537684507036","49.07506776911555","50.18883134429502","47.410635455565775","46.666244427580516","48.114142779928684"
"165000","50.02392353141511","49.83606836965172","50.21177869317849","46.71289328278166","46.58238007772457","46.84340648783874","49.78125099728183","49.39965013795615","50.37530053215396","46.791848560480524","46.603136595022434","47.1086529200956"
"166000","50.851096912318845","50.53709481884518","51.165099005792506","47.50922020283325","47.07938191235786","47.939058493308636","50.12228790577228","49.27789578321959","50.555791574015764","46.69056979997779","45.713130349107445","47.42490008778324"
"167000","49.89367317437096","49.78760424292698","49.99974210581493","46.336141755689944","45.88321400166402","46.789069509715866","50.275746353009055","48.961892305113906","51.01091829278334","46.24381072944886","46.07039814053877","46.34091104562234"
"168000","48.81478198917455","47.219117828458046","50.41044614989105","47.09145833634807","46.25478341904203","47.9281332536541","49.45950305876656","48.637224918076505","50.74136064025916","46.719577811660976","46.173634993943494","47.075145230998785"
"169000","50.499711956967616","49.26168443431461","51.737739479620615","47.647377787707285","46.67363233070394","48.62112324471064","49.84281239911825","49.665958742722474","50.08898819880826","46.73216895482714","46.67864947244155","46.76772136437503"
"170000","48.553698992037646","45.500370254293415","51.607027729781876","47.07918362176235","46.525510779026966","47.63285646449773","50.069738325706396","49.614157077107315","50.81908148073332","46.66123634142929","46.55874926272453","46.80473274528932"
"171000","50.90353244090352","50.7579491594773","51.04911572232974","46.72787065106636","46.23229568343839","47.223445618694335","49.632594186268754","48.66404639409895","50.54235729445023","46.90502795008087","46.39808968811832","47.21470928016422"
"172000","51.372743220063576","51.338929677072265","51.40655676305489","47.39641594081719","47.054689274437756","47.73814260719662","49.92141319716962","49.39143368858871","50.2508307380619","46.99460955820558","46.925336301252734","47.12317855421097"
"173000","50.163846490441465","49.807977339744745","50.519715641138184","47.14821914117012","46.60666674835235","47.68977153398788","50.46536230925812","49.97001873082412","51.0529789635255","46.852279180181284","46.70211763069265","47.07064647292477"
"174000","51.04307477574001","50.89299415268502","51.193155398795","46.771594226441664","46.362429277563045","47.18075917532028","49.93296325092083","49.17771384909253","50.80022875078195","46.806886798257274","46.455187985256515","47.3449189133043"
"175000","51.07699345018976","50.57902431270166","51.57496258767787","47.20768388157336","47.08105227948961","47.3343154836571","49.946261900619156","49.1859709122904","51.30000899679589","47.17309326876415","46.78281167963472","47.52242481627329"
"176000","51.251075317445114","50.94501633444527","51.557134300444964","47.34299389764993","46.816540215056754","47.86944758024312","50.22049637249566","48.88179535430774","51.36040868728252","47.072055197592704","46.718828277406","47.629980484108415"
"177000","52.093383835276384","51.35640373914549","52.83036393140728","47.62893180665957","46.7042597998067","48.553603813512446","50.273575950427905","50.18299290102579","50.44180745287991","46.772158585352656","46.58741959289328","47.030202390571546"
"178000","47.07565635236502","44.41857746983061","49.73273523489944","46.716835558732654","45.98339544159665","47.45027567586867","50.35961942454582","49.18689342985895","51.711813757306025","47.14984003426867","46.17342134855955","48.803415373044345"
"179000","51.62624253002495","51.187099066330354","52.06538599371956","47.79961509314867","47.3334339064853","48.26579627981204","50.36346680111699","49.44614231403293","50.97615120571072","46.96562930026251","46.619321573383154","47.1552204126018"
"180000","47.69206446570118","45.16587106123092","50.21825787017144","47.66579042545554","46.94831807267604","48.38326277823504","50.020091726195375","49.49190331702573","50.845238592640804","46.92112804523589","46.795494468841135","47.16859898340087"
"181000","51.56934912441084","50.38229676493151","52.75640148389017","47.36586276156824","46.8727867158664","47.85893880727008","49.5575092242477","49.46112654548774","49.706956041673244","46.78328666577334","46.40181824675238","47.41456377645569"
"182000","51.66137023028138","50.453060953319095","52.86967950724366","47.49048469951255","47.320566810142","47.660402588883095","50.39801195328332","49.391896326872676","51.216066029051134","46.90285500621754","46.445435920333225","47.224706767934336"
"183000","51.56572137537184","50.60236881105469","52.52907393968898","47.51570064863887","47.00560148304901","48.02579981422873","50.82729327995684","49.316297108491945","51.86809161491765","46.806998426225846","46.379051827899836","47.09566028649319"
"184000","50.97175298200802","49.474861196666126","52.468644767349915","47.668731228957476","47.03205070213446","48.30541175578049","50.120474276063014","48.78110317559662","50.92706934311264","46.81552896399321","46.434517268672636","47.324942169725794"
"185000","48.84687655650774","48.764043923580964","48.92970918943451","46.52075512014525","46.01167510807412","47.02983513221638","50.03716112035139","48.863508172644316","50.848347864429286","46.47959267195827","46.18773895268619","46.750133615230965"
"186000","51.68575142957059","50.93437115020536","52.43713170893582","46.931401592051614","46.52466550228046","47.338137681822765","49.65404400385126","49.25598252189314","50.1229565343891","46.70974853466021","46.57514601390056","46.82140142471195"
"187000","51.718055328857","50.41343012144811","53.02268053626589","46.84016699159892","46.74507313593554","46.93526084726229","49.85168520758848","48.435627118691635","50.80263998604775","46.58564458850947","45.948187434310825","47.07433169309488"
"188000","48.65772384442118","46.692203674761814","50.62324401408054","46.779653358254635","46.030032452978666","47.529274263530596","50.208045805716345","49.47455872500603","50.69355440939268","46.663209479951796","46.43777915116836","46.77971163653721"
"189000","52.13988754879502","51.424199114860095","52.85557598272995","47.05231849737965","46.46611914314869","47.638517851610615","50.4107001024339","50.103575386332956","50.597124889734836","46.90242792112468","46.75123198708831","47.06292795660264"
"190000","51.43204430936555","51.22074373075289","51.643344887978216","47.05480739920475","46.8524527684084","47.257162030001105","49.989276407529054","49.889836906474564","50.08310290514943","47.04296089812025","46.81578681518416","47.45017233644932"
"191000","50.51631517011545","49.02757690714197","52.00505343308893","47.04698208154108","46.791611158161366","47.302353004920796","49.99274044269335","49.21309612251641","50.4116677123812","46.690724619088","46.40352780176178","47.11772285790802"
"192000","49.488201897812615","49.310718804870824","49.6656849907544","46.92096951414719","46.79117702531712","47.05076200297726","50.18865928196902","49.98298623778151","50.29835050837299","47.183472264244905","46.53175280370178","47.93081952557031"
"193000","52.0738440538227","51.7147481223705","52.432939985274885","47.28665760932302","46.925419916719704","47.64789530192634","49.53588612983049","49.1006369445966","50.378986274208884","46.74899320474285","46.51377704439342","47.03926966528431"
"194000","51.42154531677407","50.929940006221386","51.91315062732676","47.44849076559346","47.20430261448804","47.692678916698874","50.27458923490315","50.041750273652866","50.60849996079211","47.10765409549552","47.062609394402614","47.155067613180016"
"195000","52.76501977296989","52.10794926695891","53.422090278980875","47.713469446449565","46.9070582047339","48.51988068816522","50.8575036837534","50.202348148432364","51.999511364741444","47.24956753893249","46.71492997292512","48.17707448420326"
"196000","51.58131543241637","50.383252903692096","52.77937796114064","47.88980962801169","46.50236598596902","49.27725327005435","50.138783187261005","49.32538754404092","51.29949282685645","46.69968883711427","46.48509838477624","46.93890374960858"
"197000","52.444186025397556","51.64898662652736","53.23938542426775","47.59706401755291","47.38580034721362","47.8083276878922","49.99870140266847","49.5842828190952","50.36174949321537","47.21164478949472","46.84872281981166","47.75708116071452"
"198000","50.650482211686096","49.07445457215288","52.22650985121932","47.34663986399869","47.304487298477056","47.388792429520315","49.86873075118805","48.59338654245559","51.37245373128076","47.024304205021956","46.84930832577602","47.370349194211684"
"199000","50.936682741984036","50.13521952157761","51.73814596239046","47.16317387307416","46.3647428645951","47.961604881553214","50.28049642690403","49.07536927872116","51.88465786908723","47.09307424890701","46.732880857837195","47.35010284233644"
"200000","50.05720165935759","48.055983629550006","52.05841968916517","47.26701278234443","46.98979859744054","47.54422696724832","50.75848267174218","50.280722052677916","51.461884441692895","46.97108854663131","46.81150762073364","47.26902325557677"
"201000","52.43109909643674","51.85754779842393","53.00465039444955","47.44484280694084","47.06725518324983","47.82243043063186","50.63256652243043","50.15505517806744","51.370395072315056","47.23298371201211","46.94862034300694","47.6818241861205"
"202000","50.884158686594134","49.364424666735296","52.40389270645297","47.38412630904982","47.16179625244038","47.60645636565926","50.11797298494157","49.19878721879826","51.116555486750606","46.83975027883188","46.13034646652385","47.31573169432119"
"203000","52.20640985727205","51.8596590494422","52.553160665101906","47.89425719466628","47.69319097385671","48.095323415475846","50.83252474090884","50.581957876444775","50.977727526482916","46.83744378927423","46.496634013811146","47.153084646439716"
"204000","51.580397843353325","49.80189631525442","53.35889937145223","47.45541367652778","47.08413327396235","47.82669407909321","50.34842409948322","48.89144742519232","51.141428478866914","46.75465252676605","46.446743460336116","47.13661689488485"
"205000","52.62390097592842","52.233682926738275","53.01411902511857","47.84946835738202","47.7693072527283","47.929629462035756","50.150605122744444","49.798550738488004","50.62692624373142","47.159608044144655","46.86321997941239","47.424288760558746"
"206000","52.07701367231968","50.284427309685356","53.86960003495401","47.974410032708505","47.86928627143986","48.079533793977156","49.797731162700245","49.05391062093696","50.89297425480521","47.29333120989629","46.90176303602688","47.8848695718426"
"207000","51.721763271487966","51.08134929294641","52.36217725002952","47.540604003608536","46.89622577946279","48.184982227754276","50.28572355795143","49.991074123511005","50.81948152402337","46.951145776711314","46.731875316916074","47.359996209212305"
"208000","52.033083766121706","51.74253493769949","52.32363259454392","48.055103746258794","47.504171976815954","48.60603551570163","49.99993321181744","49.755617756862314","50.25389080734435","47.11133323744968","46.68968585287459","47.64529498103349"
"209000","49.7988814034662","47.497807934985644","52.09995487194674","47.23112760018468","46.88180897611097","47.58044622425838","50.67571864112424","50.17435535582666","51.34604298653933","46.8150129977569","46.273705183082235","47.61955901135501"
"210000","51.81255626659018","50.72869958141265","52.896412951767715","47.96806959744531","47.71548655576658","48.220652639124026","50.86508900258517","50.64631337482576","51.03403041860617","47.354879590911985","46.953284417244724","47.7853605220798"
"211000","52.739128048776195","52.51131068336085","52.966945414191535","47.69208123690819","47.22594144724377","48.158221026572605","50.59968343988685","50.196606400634394","50.873332666728984","47.0683827139888","46.877895038401974","47.3406099150089"
"212000","52.6312085114309","52.30678942026603","52.95562760259577","47.251712069515776","46.96136902222437","47.54205511680719","50.71588256392408","49.8811083187496","51.29786192933312","47.019509411641586","46.855681491274645","47.23160890792021"
"213000","51.58431094425881","51.56754518898665","51.60107669953097","46.77627157239036","46.77155006465084","46.78099308012988","51.513155255799234","51.23600036473223","51.92555622617198","47.27561864483929","46.45853289405496","48.26994591882525"
"214000","52.73794531395879","52.670100986583336","52.805789641334236","47.36887777440411","47.03059829229753","47.7071572565107","50.843677694090765","50.11932973311346","51.78070842447359","46.98078811439944","46.17596095337724","47.74227068294428"
"215000","52.486039322024425","52.44204362068662","52.53003502336223","47.195866234099284","47.09702999850035","47.29470246969822","50.3375910393702","49.98510721217625","50.71855817699199","46.95679415179799","46.51972026995943","47.43286421384734"
"216000","52.463734074600495","52.0350894955036","52.89237865369739","48.222636137375815","47.850768490037865","48.59450378471376","51.23591725741471","50.58372025029202","51.95905889946372","47.29604061189395","47.00111273545442","47.78024191593925"
"217000","51.73781236021527","50.489963944683105","52.98566077574745","47.17491192512662","46.881827823400734","47.46799602685252","50.26876723998785","50.05060609290074","50.458261833803384","46.73478474847554","46.22220031618096","47.04100933276052"
"218000","52.26908709182287","52.147242821564056","52.39093136208167","46.58767879948368","46.37665190906158","46.79870568990578","50.33189963639651","50.04070916779365","50.610038931143805","46.71478804867953","46.39867884686699","46.92816980155067"
"219000","51.913755956612896","51.80186503736181","52.025646875863984","47.588257030712825","47.17534097253459","48.00117308889105","50.333968627050545","50.08848221766099","50.60616232483004","47.15815409098274","46.63350658602394","47.44298047081057"
"220000","49.40962059718305","49.34316025498241","49.476080939383685","46.91800542880012","46.42736976074377","47.40864109685647","50.389591585001064","49.51434529709768","51.37370509199069","47.156741244361164","46.87100932536755","47.66225536301763"
"221000","53.39175728662761","53.13463974858017","53.648874824675055","47.85149338809947","47.804761492565426","47.89822528363351","50.70648719952101","49.22770783674245","51.808511966644446","47.605650568792065","47.1305469970057","48.15396815256883"
"222000","50.983957232045896","50.657777619002196","51.3101368450896","46.76697336579723","46.67159255440763","46.86235417718682","50.74098136456669","50.117596938626754","51.24484230525621","47.02991655907582","46.78982658391912","47.2862201819045"
"223000","51.1244925023065","51.105148887248454","51.14383611736455","46.98708120228273","46.824900759503954","47.14926164506151","50.73752053564684","50.14373704522483","51.75975514869041","47.17719709157253","46.82646886011304","47.51689172938716"
"224000","52.96449507449357","52.48686091703073","53.442129231956415","47.47223725324956","47.01693486323961","47.9275396432595","50.836521109381785","49.98704251680305","51.38463772242403","47.0350644099272","46.56519752589666","47.29789284638193"
"225000","52.938902770650465","52.685557150607075","53.192248390693855","47.52535310640211","47.501270874062755","47.54943533874146","50.61389340252907","49.58800793770123","51.61386748024063","47.08193490927703","46.97147950045664","47.295053382474"
"226000","52.552528491951605","52.55014825351928","52.55490873038393","49.122671806900534","48.859696835470515","49.38564677833055","50.95037524357735","49.65725156896969","52.07106756877481","47.15253716637009","46.195056935951264","48.53467111218176"
"227000","50.96178522767592","50.86846878419908","51.055101671152755","46.94644079492889","46.88946063902512","47.003420950832655","50.159748813261096","48.570662792963915","51.17598033378602","47.10848834038444","46.873181914483006","47.31409388134641"
"228000","51.84830027369945","50.744418111075795","52.95218243632311","47.3477788975146","46.838087283424834","47.85747051160437","50.81057068223282","50.2257013555364","51.69860065859764","47.05945160258117","46.87745191039481","47.177713653275795"
"229000","51.29511386796222","50.899421185657545","51.6908065502669","47.72808485795839","46.29303451186796","49.16313520404882","50.448229394356986","49.631719269504046","50.95663032581717","46.97118172894506","46.70058542442311","47.14491873903723"
"230000","52.31290728251399","51.959140903820774","52.666673661207206","47.83489868388577","47.20557381387033","48.464223553901206","50.82976015951626","50.259945553406524","51.72329596967595","47.09838518026688","46.91070148548109","47.43309400737767"
"231000","52.80434798780134","51.77609535564529","53.8326006199574","47.63522968927644","47.53259667089216","47.737862707660724","50.44431088872624","50.11659730912316","50.98123937096427","47.01619440119697","46.609755451557874","47.67837198879123"
"232000","52.87557182756399","52.360976989071176","53.39016666605679","47.53719652458373","46.791846174624595","48.28254687454286","50.73023853558012","49.847333491331696","51.81662744043304","47.39600835534745","47.126025523635455","47.93015377495316"
"233000","51.40921697764131","50.78334879273822","52.035085162544405","47.303150951154095","47.09838991156464","47.50791199074355","50.748750370722725","49.83760252794826","51.869102919668606","46.98711667955743","46.56093014878171","47.46098832446709"
"234000","49.66753112681482","47.5688574159756","51.76620483765404","47.056079647203966","46.87491585436129","47.23724344004664","50.67202250281476","50.27726057132947","50.96982004865416","47.565972904674595","46.98229723765971","48.35367619059399"
"235000","52.83779466383408","51.798311896020024","53.87727743164814","47.89220901215157","47.65159276809282","48.13282525621032","51.04929050911219","50.40663954073764","51.82587360100782","47.43384119036495","47.03261008678708","47.855469162264"
"236000","53.8613827896389","53.0790796125884","54.643685966689404","48.06819960656907","47.16798792522221","48.96841128791592","51.17869864957937","50.12755152490336","52.42946622827268","47.59230334365952","47.28133873092358","47.974229891152845"
"237000","53.07618837549218","52.41601225825351","53.73636449273085","46.95192127688709","46.52674376078576","47.37709879298842","50.952571426519626","50.658972697841264","51.385008234546014","46.81237941697834","46.511041458487476","47.12367997881142"
"238000","52.029923322608596","50.86636946511738","53.193477180099805","47.12590228163757","47.03727289798035","47.21453166529479","51.04090491945137","50.78645073681823","51.34193896875073","47.17144011663765","47.001862519630215","47.34693245471947"
"239000","51.89653483867417","51.63673436959966","52.15633530774869","48.057417964879846","47.83219457405331","48.28264135570638","50.71982045011847","50.371400431998204","51.04836411796276","47.8713614637632","47.28941376657178","48.62603766805153"
"240000","49.65968824821561","46.723411750576226","52.59596474585499","47.513593065693215","46.774030928989376","48.253155202397046","50.55255900408093","50.220045313958394","51.05361267103192","46.7756352541127","46.507354555950435","46.95407826037911"
"241000","51.55625389738468","50.731280509931","52.38122728483836","47.20916475646008","46.92172168096992","47.49660783195026","51.370926893109605","50.952015994496605","51.88042901812422","47.216541697609564","46.93353582225115","47.52753619833154"
"242000","52.078586777561924","50.94106024167012","53.21611331345372","46.83597348381034","46.54370169810586","47.12824526951482","50.48371285518942","50.22475377278498","50.90547019492556","47.04101433566344","46.904744036106024","47.13035511390906"
"243000","52.27136562701901","51.91295337190739","52.62977788213063","46.92566894167423","46.6083765388432","47.24296134450527","50.2372616871779","49.44214003931632","51.498329959647734","47.2586375872447","47.0354072003898","47.62767496413594"
"244000","52.89995208206528","51.61103580161055","54.188868362520026","48.13497506965932","47.42112178981277","48.84882834950586","50.77131887644713","50.23040459343407","51.568204541342574","46.91542455009111","46.72264417519698","47.10934284462052"
"245000","52.44165980948716","52.43300013129508","52.45031948767925","47.14221569010005","46.787637207546425","47.49679417265368","50.36588074828066","49.73751042248674","51.42568455786112","47.09791260398081","46.89438911791983","47.30433303637747"
"246000","52.85028749174613","52.16066847791476","53.53990650557749","47.74865694363616","47.331739476838116","48.16557441043422","50.24154324540322","49.98387975597769","50.505264347350554","47.021974028652004","46.86924128435406","47.12698375177602"
"247000","52.771359682811465","51.518258181340634","54.0244611842823","47.12696697112609","46.98006012406011","47.273873818192065","50.09520852251649","49.78346000231174","50.41309794057618","46.95290182627188","46.57370010002341","47.47897763699309"
"248000","52.16401078872538","51.3886023517089","52.939419225741865","46.902346242132396","46.26619482155119","47.53849766271361","50.754555193903094","49.88608865299357","51.861067254379186","47.017608853884575","46.68291199054594","47.22983451663647"
"249000","52.5397506020813","51.15616558862387","53.923335615538726","47.20580296191221","46.17892104705327","48.23268487677116","50.33303292426757","49.78981469741454","50.90064089715279","47.210396272870334","46.326821505752406","47.868732893331185"
"250000","53.51077742745434","53.48062511380371","53.54092974110498","47.82954562850797","47.58665028498871","48.072440972027245","50.521616905538245","50.09407190534964","51.090702480325135","46.87290172744563","46.615680836019614","47.33325760522524"
"251000","52.14106319367984","51.11354843421552","53.16857795314416","46.90487570424622","46.65754434730509","47.152207061187354","50.750551466359646","50.71886951677421","50.80159202068318","47.09978203266987","46.76072445107262","47.38310588907325"
"252000","52.18367318325536","51.916131355389474","52.45121501112124","46.861375104091536","46.64135927160867","47.0813909365744","49.37914296503072","45.47837720968863","51.54307789601689","47.187663948955276","47.05429757899467","47.42279801542662"
"253000","53.18518849901905","52.940603183465775","53.42977381457232","48.554133442912565","48.22968161079564","48.878585275029494","51.17482274000755","50.57491535239153","51.54341933020651","47.76424676496577","47.12489860875433","48.742032538283695"
"254000","52.68875321004917","52.13160445637497","53.24590196372336","47.245526389595454","46.99594581198932","47.49510696720159","51.33804082679669","50.873719547974936","51.70484718729976","47.163503125740895","46.85310624663456","47.50837697703566"
"255000","52.68282775384761","52.366509271971196","52.99914623572403","47.033854168775775","46.78417335217195","47.283534985379596","51.058522916687785","50.372101163410164","52.164958042814845","47.20567632692022","46.986657115639055","47.315853097042215"
"256000","52.000185156093586","51.87051762456297","52.1298526876242","47.49118679206809","47.162652978296705","47.819720605839485","50.94686598169392","49.57475832882837","52.022911533511774","47.26391239721203","46.91275941123937","47.62912864484525"
"257000","52.412821472957006","51.3002401438837","53.52540280203032","47.57910108184346","46.76179322134934","48.39640894233758","50.43435217202718","49.59977236147965","51.04268263576011","47.110033957722784","46.705146386050735","47.37062192102758"
"258000","52.631635086492494","51.20147798931113","54.06179218367386","47.955636979012375","47.244302025074305","48.666971932950446","50.88002027334223","50.04982364316093","51.724156817828714","47.512820155193246","47.351068297932805","47.830657852609306"
"259000","52.450848912528265","51.55799767190703","53.3437001531495","47.673402691709036","47.43374280291928","47.913062580498796","50.4951939412376","50.08647570872724","50.74213031104093","46.888973508399225","46.619926483595144","47.32763251736715"
"260000","51.7501022588213","51.26097594171206","52.23922857593053","49.31379461403076","48.794200252748524","49.833388975313","51.41057787648308","50.692244152469655","51.96550553576639","47.65088444559233","46.577010127003405","48.28231638013549"
"261000","52.700916527823665","52.396743130856606","53.005089924790724","47.896926518541534","47.326536606415935","48.467316430667125","50.90237989697234","50.13209903128122","51.423166143115104","47.079930336275936","46.78571173755625","47.49183480886545"
"262000","52.850136939465244","51.37296050995796","54.32731336897253","47.722967253400824","47.426531344581065","48.019403162220584","50.82645628754287","49.594810815088316","52.32975786142431","47.214644768421444","46.84531632640191","47.41446939260525"
"263000","53.131465097326114","53.051458827078754","53.21147136757347","47.90079840717851","47.80991462848603","47.99168218587099","51.3516705393381","50.6457711645644","51.92524521148708","47.51913974933549","46.94754476282179","48.09624298025957"
"264000","53.737235055917644","52.04127956395944","55.433190547875846","48.739406392986446","47.556504385784685","49.92230840018821","50.8968089857405","50.66484954765605","51.287719638184434","47.26117077273117","47.11706417349324","47.50190684277119"
"265000","53.86993425952807","53.36590922945845","54.37395928959769","47.886952823635454","47.45904903523319","48.314856612037715","51.09059256420688","50.604614802845326","52.04639259542269","47.65612683557481","47.02505165384765","48.23663240378002"
"266000","52.05847703345073","51.98628872796595","52.1306653389355","48.263853772560005","47.90526391125654","48.62244363386347","50.82603842748748","50.30319326359255","51.659446542404986","47.4744396539135","47.131780689722085","47.68606056170711"
"267000","52.9257956705807","52.50455712345602","53.34703421770538","48.03786545069825","47.532848663331905","48.542882238064585","51.309572980757025","50.78253352705329","51.99263949569433","47.592830051208715","46.97316103214627","48.31779485749587"
"268000","53.90344187874297","52.115434041554856","55.69144971593107","47.756377006093444","47.14742762958139","48.3653263826055","50.69453773578012","50.37480171989668","50.96235564168244","47.719759649773415","47.31874632439704","48.35169038067658"
"269000","52.76053891077834","52.07598301094094","53.44509481061574","48.46688600575445","48.308326684376446","48.62544532713246","51.27655056462163","50.77427800614598","51.63247000120167","47.36196757076559","46.97346183713727","47.88827419142302"
"270000","53.541431986294974","52.40748841199236","54.67537556059759","47.410486282405174","47.25066721703915","47.57030534777119","50.813353611210424","49.64140972433367","51.96358473207315","46.936365147945175","46.64972774983497","47.315386325419404"
"271000","52.21203341947529","51.751026169423994","52.673040669526586","47.830776339472","47.66472761553888","47.996825063405126","50.86589668062956","50.04414315552486","51.56614513854547","47.30609809653649","46.588313387012754","48.02712747991495"
"272000","53.00211569343492","50.469986046475334","55.53424534039449","48.43025144460161","48.322576920185476","48.53792596901775","50.49568063768396","49.57980521632731","50.987419402898624","47.40190120672728","46.83349084069779","48.010011379173775"
"273000","53.15209724832505","51.98411737893468","54.320077117715414","48.41045778161078","47.74263778309459","49.078277780126975","51.279205062684376","51.23682970056006","51.35719733503391","47.39920591185978","47.25827870793767","47.57667176371541"
"274000","53.296064614688774","52.19424668206207","54.397882547315476","48.12952747849704","47.902494606947485","48.35656035004659","51.812240126671234","51.21731232475685","52.703917289973504","47.51613474319867","47.20763687826533","47.96373669153"
"275000","53.13696223266608","52.61366386546536","53.660260599866795","47.54600804329259","47.083926510672846","48.00808957591233","51.71879236361921","51.58834671258339","51.86199133007744","47.38501030321492","47.09459998012608","47.77596832050007"
"276000","53.59940727766717","53.2693436569228","53.929470898411545","48.33891695436897","47.91599933564124","48.761834573096706","51.11162198433289","50.80749895810067","51.690203386796796","47.837488223970574","47.41027508988109","48.21840481563321"
"277000","53.004159375370335","52.400562169866674","53.60775658087399","48.77498846697204","47.95284715833724","49.59712977560684","51.605618252862875","51.204186653911506","52.29943098871518","47.768211345907936","47.50371201741622","48.26808864262134"
"278000","53.474459149226064","52.148879283438006","54.80003901501412","47.95479317124918","47.78259321607272","48.126993126425646","51.402507128797","50.50178898513651","52.48317714662998","47.22196777310517","46.81722327102162","47.54743298052042"
"279000","53.19670485074916","53.02220860998887","53.371201091509434","48.45907857986912","48.13327995335986","48.78487720637838","51.125050033258084","50.45989640857111","51.740946619238095","47.07489790752516","46.957842199862256","47.13351964118215"
"280000","52.17484154888808","51.01862535574262","53.33105774203355","47.783251869448925","46.77830441323877","48.78819932565908","50.797379524448644","50.242862491477105","51.60492105020084","47.22098014264544","46.99471817283462","47.48653686927602"
"281000","52.88849840661868","52.56996684631166","53.2070299669257","48.01937203215594","47.34111135877847","48.69763270553341","51.516947792339636","51.353206955053786","51.73318354699921","47.247250506020066","47.16498416899861","47.33893140130832"
"282000","51.99321934232401","51.623150733790844","52.36328795085717","47.27236265073148","47.00970871664787","47.5350165848151","51.76825831899555","51.17346025221279","52.455796527733476","47.7376334867601","47.568380255425105","47.8874754439797"
"283000","52.58832787675742","52.00638823188788","53.170267521626954","47.26994233303472","47.10739023498077","47.43249443108868","51.37811036713591","50.87520033695457","52.03245057775837","47.115715213085856","46.83282572908931","47.313785609526995"
"284000","53.247917206208","53.181521209803364","53.31431320261263","47.47908079443608","47.10929919051554","47.848862398356616","51.726654811317694","51.47219456386998","52.2034451253021","47.35985507586432","46.80504075564877","47.929218109859846"
"285000","52.727679936647014","52.28516538139522","53.17019449189881","47.53765629746066","47.26285444899066","47.81245814593066","50.874437638437534","49.789419609937816","51.925289780528594","47.3690425842139","46.93404350522011","47.60272762509247"
"286000","53.11259206231887","51.548579706536046","54.67660441810168","48.1777285326464","47.06384073744138","49.291616327851415","50.94316502779634","50.04316648625583","51.63775448299908","47.18629054988788","46.97464603466079","47.3524250531346"
"287000","53.299108808121076","51.79691212611011","54.80130549013204","46.76065029709798","45.870146343705834","47.65115425049012","50.81822127456121","49.59902129263781","52.02916880785455","46.857520063509696","46.721439059237355","47.007256385937225"
"288000","53.98614745191534","52.943057931488134","55.029236972342545","47.51512947997351","47.22723041123429","47.80302854871273","51.29595418179003","51.06104164567478","51.5721271807137","47.26963088338957","46.873080055886554","47.918005740157845"
"289000","52.515379248737126","51.94708250174126","53.083675995732996","47.13713112363574","46.8212099098383","47.45305233743317","51.053128939391094","50.59847103590176","51.302354846426745","47.167570607390395","46.87217304930553","47.49501328770862"
"290000","52.62214916069584","52.42441191953971","52.81988640185198","47.6809301294231","47.67701817645617","47.68484208239004","51.402203094641095","50.26472982362442","52.19248477486536","47.41378804473913","47.26994975561272","47.53671012812215"
"291000","52.60080870669883","52.248444333236385","52.953173080161264","47.68372416842347","47.027362416351075","48.34008592049586","51.40272256217102","50.90274794255609","51.71089904687383","47.31324462284888","47.171115444691786","47.466128667567396"
"292000","52.155613987298395","51.710112702923816","52.601115271672974","48.05521359095494","46.97709465930889","49.133332522600995","51.63683073938626","51.14060657839652","52.05863728213876","47.29477065955303","46.78772168954296","47.75570614013767"
"293000","52.95282974824243","52.65859094660959","53.247068549875266","47.75603335418728","46.92802284846655","48.584043859908014","51.615382414362216","51.59381970766566","51.65468573384832","47.5048091805495","47.43165236441583","47.61190445467737"
"294000","52.855935876081446","51.983244919822845","53.728626832340055","47.98939556115059","47.42607014780846","48.552720974492715","51.657891394373074","51.2265993436517","52.26346666641025","47.51266464045347","47.073556193342874","47.83432664099445"
"295000","53.15447383908799","52.775635488429906","53.53331218974608","48.160947986286985","47.76479609644259","48.55709987613138","51.73424498581978","50.361927859260724","52.77345599125247","47.77100714526359","47.54668254460003","47.917307998919306"
"296000","53.4190260399084","52.18335710610168","54.654694973715124","48.03921217823715","47.53246679778498","48.54595755868933","51.21973219770458","50.58378353302271","52.142115070576935","47.29133443538148","47.0956087861854","47.45627038464889"
"297000","53.56801371017056","53.21268028868354","53.92334713165757","48.072672655151706","47.966671314337106","48.1786739959663","51.33215291386941","50.8083725517325","52.0879432632613","47.39826993788778","46.52675333314307","47.877562596940535"
"298000","53.72089046500448","53.5612161938873","53.88056473612166","47.84875364923295","47.666758444297514","48.03074885416837","51.72010070502562","51.052885673277125","52.46916847914756","47.644845434552686","47.269139613707374","47.96294258128404"
"299000","52.85546565060604","51.83428077375193","53.87665052746016","48.29111994912961","48.01294721618337","48.56929268207585","51.36805669513411","50.96823951299031","51.79656658196545","47.46565662719286","47.32549211868603","47.63409194510099"
"300000","51.64401263252144","50.83614538931817","52.45187987572471","48.0387742516954","47.38617697638377","48.691371527007036","51.25935973935042","50.81781027391455","51.90169888855786","47.79708355823453","47.34659144617609","48.61024580316582"