"Step","Prod-TD3-BC-alpha5-noLN-walker2d-medium-v2-634b08d9 - d4rl_normalized_score","Prod-TD3-BC-alpha5-noLN-walker2d-medium-v2-634b08d9 - d4rl_normalized_score__MIN","Prod-TD3-BC-alpha5-noLN-walker2d-medium-v2-634b08d9 - d4rl_normalized_score__MAX","Prod-TD3-BC-alpha5-walker2d-medium-v2-8c373562 - d4rl_normalized_score","Prod-TD3-BC-alpha5-walker2d-medium-v2-8c373562 - d4rl_normalized_score__MIN","Prod-TD3-BC-alpha5-walker2d-medium-v2-8c373562 - d4rl_normalized_score__MAX","Prod-TD3-BC-pretrainBC10k-alpha5-walker2d-medium-v2-114d8a5a - d4rl_normalized_score","Prod-TD3-BC-pretrainBC10k-alpha5-walker2d-medium-v2-114d8a5a - d4rl_normalized_score__MIN","Prod-TD3-BC-pretrainBC10k-alpha5-walker2d-medium-v2-114d8a5a - d4rl_normalized_score__MAX","Prod-TD3-BC-pretrainAC10k-alpha5--walker2d-medium-v2-2f4a305d - d4rl_normalized_score","Prod-TD3-BC-pretrainAC10k-alpha5--walker2d-medium-v2-2f4a305d - d4rl_normalized_score__MIN","Prod-TD3-BC-pretrainAC10k-alpha5--walker2d-medium-v2-2f4a305d - d4rl_normalized_score__MAX"
"1000","-0.3167946667987793","-0.3167946667987793","-0.3167946667987793","-0.41086596152025967","-0.41086596152025967","-0.41086596152025967","70.666710712939","70.666710712939","70.666710712939","70.666710712939","70.666710712939","70.666710712939"
"2000","-0.35909099670460376","-0.35909099670460376","-0.35909099670460376","16.321060751522783","16.321060751522783","16.321060751522783","42.43723035991226","42.43723035991226","42.43723035991226","42.43723035991226","42.43723035991226","42.43723035991226"
"3000","-0.7661762284893195","-0.7661762284893195","-0.7661762284893195","28.704103650064777","28.704103650064777","28.704103650064777","62.09814766319157","62.09814766319157","62.09814766319157","62.09814766319157","62.09814766319157","62.09814766319157"
"4000","4.396618382153569","4.396618382153569","4.396618382153569","37.341253908034","37.341253908034","37.341253908034","79.0669451309839","79.0669451309839","79.0669451309839","79.0669451309839","79.0669451309839","79.0669451309839"
"5000","67.99496489719374","67.99496489719374","67.99496489719374","46.924027063727955","46.924027063727955","46.924027063727955","69.39530120705841","69.39530120705841","69.39530120705841","69.39530120705841","69.39530120705841","69.39530120705841"
"6000","35.212921008411996","35.212921008411996","35.212921008411996","50.54177547449646","50.54177547449646","50.54177547449646","26.372689816658934","26.372689816658934","26.372689816658934","26.372689816658934","26.372689816658934","26.372689816658934"
"7000","11.432121801695741","11.432121801695741","11.432121801695741","59.4065105666928","59.4065105666928","59.4065105666928","70.91626486949745","70.91626486949745","70.91626486949745","70.91626486949745","70.91626486949745","70.91626486949745"
"8000","27.90804657275356","27.90804657275356","27.90804657275356","64.84280746831362","64.84280746831362","64.84280746831362","62.470109376942126","62.470109376942126","62.470109376942126","62.470109376942126","62.470109376942126","62.470109376942126"
"9000","72.00157341787157","72.00157341787157","72.00157341787157","62.98868875818046","62.98868875818046","62.98868875818046","68.68732146956926","68.68732146956926","68.68732146956926","68.68732146956926","68.68732146956926","68.68732146956926"
"10000","67.5023331819808","67.5023331819808","67.5023331819808","62.570697784069495","62.570697784069495","62.570697784069495","68.16340888244085","68.16340888244085","68.16340888244085","68.16340888244085","68.16340888244085","68.16340888244085"
"11000","12.391794913773596","12.391794913773596","12.391794913773596","56.90281441569894","56.90281441569894","56.90281441569894","55.79928248782628","55.79928248782628","55.79928248782628","55.79928248782628","55.79928248782628","55.79928248782628"
"12000","40.115073592632115","40.115073592632115","40.115073592632115","69.01314154381049","69.01314154381049","69.01314154381049","69.32548744861695","69.32548744861695","69.32548744861695","69.32548744861695","69.32548744861695","69.32548744861695"
"13000","76.2667251213269","76.2667251213269","76.2667251213269","38.448483134897124","38.448483134897124","38.448483134897124","66.59914345777295","66.59914345777295","66.59914345777295","66.59914345777295","66.59914345777295","66.59914345777295"
"14000","56.12420119230097","56.12420119230097","56.12420119230097","32.10223631726406","32.10223631726406","32.10223631726406","64.18398570542811","64.18398570542811","64.18398570542811","64.18398570542811","64.18398570542811","64.18398570542811"
"15000","65.65427346971919","65.65427346971919","65.65427346971919","54.33910217354916","54.33910217354916","54.33910217354916","71.17697375306052","71.17697375306052","71.17697375306052","71.17697375306052","71.17697375306052","71.17697375306052"
"16000","78.15110402781794","78.15110402781794","78.15110402781794","61.89888193808477","61.89888193808477","61.89888193808477","72.58948781323149","72.58948781323149","72.58948781323149","72.58948781323149","72.58948781323149","72.58948781323149"
"17000","62.04551595463398","62.04551595463398","62.04551595463398","4.844349336703666","4.844349336703666","4.844349336703666","66.00147473209809","66.00147473209809","66.00147473209809","66.00147473209809","66.00147473209809","66.00147473209809"
"18000","63.21779216224376","63.21779216224376","63.21779216224376","4.163255126053622","4.163255126053622","4.163255126053622","66.95157108023712","66.95157108023712","66.95157108023712","66.95157108023712","66.95157108023712","66.95157108023712"
"19000","70.52538813302934","70.52538813302934","70.52538813302934","7.861852426917383","7.861852426917383","7.861852426917383","70.53100126393981","70.53100126393981","70.53100126393981","70.53100126393981","70.53100126393981","70.53100126393981"
"20000","44.61731899683812","44.61731899683812","44.61731899683812","4.748598865011615","4.748598865011615","4.748598865011615","70.96016384325145","70.96016384325145","70.96016384325145","70.96016384325145","70.96016384325145","70.96016384325145"
"21000","20.098032976876382","20.098032976876382","20.098032976876382","28.10657902452372","28.10657902452372","28.10657902452372","47.351128388105394","47.351128388105394","47.351128388105394","86.20846247245531","86.20846247245531","86.20846247245531"
"22000","27.607007756865137","27.607007756865137","27.607007756865137","4.990142229800068","4.990142229800068","4.990142229800068","17.855562750247714","17.855562750247714","17.855562750247714","72.14401488904518","72.14401488904518","72.14401488904518"
"23000","27.188060918206453","27.188060918206453","27.188060918206453","73.3919498700515","73.3919498700515","73.3919498700515","37.267713511421995","37.267713511421995","37.267713511421995","84.9128353340666","84.9128353340666","84.9128353340666"
"24000","5.654020861203263","5.654020861203263","5.654020861203263","24.75973298496218","24.75973298496218","24.75973298496218","28.98012127564829","28.98012127564829","28.98012127564829","83.30014783144088","83.30014783144088","83.30014783144088"
"25000","-0.11491720716285322","-0.11491720716285322","-0.11491720716285322","10.652339231567161","10.652339231567161","10.652339231567161","65.51304945221491","65.51304945221491","65.51304945221491","84.69604902020924","84.69604902020924","84.69604902020924"
"26000","-0.11008709249781781","-0.11008709249781781","-0.11008709249781781","5.673931053268821","5.673931053268821","5.673931053268821","65.29415753084602","65.29415753084602","65.29415753084602","82.98649102991826","82.98649102991826","82.98649102991826"
"27000","-0.11266281179303297","-0.11266281179303297","-0.11266281179303297","66.0381711953564","66.0381711953564","66.0381711953564","71.35856455678334","71.35856455678334","71.35856455678334","81.15458984288234","81.15458984288234","81.15458984288234"
"28000","-0.13760054371907185","-0.13760054371907185","-0.13760054371907185","9.23977338916388","9.23977338916388","9.23977338916388","52.749873459330544","52.749873459330544","52.749873459330544","80.41786601247316","80.41786601247316","80.41786601247316"
"29000","2.859449564161124","2.859449564161124","2.859449564161124","43.27274025901814","43.27274025901814","43.27274025901814","52.77243523794155","52.77243523794155","52.77243523794155","76.26071666728893","76.26071666728893","76.26071666728893"
"30000","1.6152189987159373","1.6152189987159373","1.6152189987159373","27.14488414595948","27.14488414595948","27.14488414595948","66.31116468458364","66.31116468458364","66.31116468458364","84.9744353530435","84.9744353530435","84.9744353530435"
"31000","2.570509486927536","2.570509486927536","2.570509486927536","60.31944255974664","60.31944255974664","60.31944255974664","54.06246322219891","54.06246322219891","54.06246322219891","84.32325439215606","84.32325439215606","84.32325439215606"
"32000","3.0140380970106713","3.0140380970106713","3.0140380970106713","61.43508572686829","61.43508572686829","61.43508572686829","67.2344753706589","67.2344753706589","67.2344753706589","81.97963181582199","81.97963181582199","81.97963181582199"
"33000","3.8161825543407293","3.8161825543407293","3.8161825543407293","74.93256458571875","74.93256458571875","74.93256458571875","75.97526175989606","75.97526175989606","75.97526175989606","81.87965189946888","81.87965189946888","81.87965189946888"
"34000","3.195065867385982","3.195065867385982","3.195065867385982","78.51462948205148","78.51462948205148","78.51462948205148","54.1414461280862","54.1414461280862","54.1414461280862","82.75534764693997","82.75534764693997","82.75534764693997"
"35000","1.3296381149069285","1.3296381149069285","1.3296381149069285","68.80048154273167","68.80048154273167","68.80048154273167","47.068932517047195","47.068932517047195","47.068932517047195","81.94859285195332","81.94859285195332","81.94859285195332"
"36000","0.9549558819113048","0.9549558819113048","0.9549558819113048","61.70535839279396","61.70535839279396","61.70535839279396","27.017117286379786","27.017117286379786","27.017117286379786","79.74131054346608","79.74131054346608","79.74131054346608"
"37000","0.9295453426780099","0.9295453426780099","0.9295453426780099","76.60022995982699","76.60022995982699","76.60022995982699","72.35946779138163","72.35946779138163","72.35946779138163","79.36352379591","79.36352379591","79.36352379591"
"38000","0.8103397994820398","0.8103397994820398","0.8103397994820398","56.203939205728204","56.203939205728204","56.203939205728204","47.14163558767807","47.14163558767807","47.14163558767807","80.7700709766356","80.7700709766356","80.7700709766356"
"39000","0.6282319987876285","0.6282319987876285","0.6282319987876285","71.26454510077468","71.26454510077468","71.26454510077468","11.524420486903681","11.524420486903681","11.524420486903681","85.39925429900562","85.39925429900562","85.39925429900562"
"40000","0.6942557262914048","0.6942557262914048","0.6942557262914048","54.96449977119878","54.96449977119878","54.96449977119878","47.94289676482809","47.94289676482809","47.94289676482809","67.91507083433842","67.91507083433842","67.91507083433842"
"41000","2.333349737875239","2.333349737875239","2.333349737875239","71.11308564035653","71.11308564035653","71.11308564035653","70.49938256742516","70.49938256742516","70.49938256742516","67.20284335853236","67.20284335853236","67.20284335853236"
"42000","0.6244796161108573","0.6244796161108573","0.6244796161108573","81.17018934421931","81.17018934421931","81.17018934421931","69.27915847314267","69.27915847314267","69.27915847314267","82.98135114334555","82.98135114334555","82.98135114334555"
"43000","0.6205163819552608","0.6205163819552608","0.6205163819552608","72.86986492478829","72.86986492478829","72.86986492478829","74.82791745583144","74.82791745583144","74.82791745583144","78.34438630779317","78.34438630779317","78.34438630779317"
"44000","0.29808947399565094","0.29808947399565094","0.29808947399565094","21.903410510903374","21.903410510903374","21.903410510903374","68.93887323151546","68.93887323151546","68.93887323151546","83.77209879287021","83.77209879287021","83.77209879287021"
"45000","0.41002816802254993","0.41002816802254993","0.41002816802254993","68.80520336067725","68.80520336067725","68.80520336067725","70.90536810830712","70.90536810830712","70.90536810830712","80.94888196141301","80.94888196141301","80.94888196141301"
"46000","0.2547142095722824","0.2547142095722824","0.2547142095722824","76.02786780369925","76.02786780369925","76.02786780369925","69.71501357804568","69.71501357804568","69.71501357804568","79.90565834200468","79.90565834200468","79.90565834200468"
"47000","5.339351556248166","5.339351556248166","5.339351556248166","76.35542170207098","76.35542170207098","76.35542170207098","67.46497194153636","67.46497194153636","67.46497194153636","82.26024824174273","82.26024824174273","82.26024824174273"
"48000","0.36294838881546865","0.36294838881546865","0.36294838881546865","66.71180519263758","66.71180519263758","66.71180519263758","72.27118429078266","72.27118429078266","72.27118429078266","74.97896461083108","74.97896461083108","74.97896461083108"
"49000","4.117337846150424","4.117337846150424","4.117337846150424","85.32608922912127","85.32608922912127","85.32608922912127","74.08787112233765","74.08787112233765","74.08787112233765","82.38621322048299","82.38621322048299","82.38621322048299"
"50000","13.701597227817516","13.701597227817516","13.701597227817516","77.06897141988657","77.06897141988657","77.06897141988657","82.63979203275069","82.63979203275069","82.63979203275069","83.37474340086595","83.37474340086595","83.37474340086595"
"51000","12.37658866443561","12.37658866443561","12.37658866443561","70.71826211855429","70.71826211855429","70.71826211855429","61.213239373495966","61.213239373495966","61.213239373495966","79.34595587080304","79.34595587080304","79.34595587080304"
"52000","9.90729212785997","9.90729212785997","9.90729212785997","82.12522029668307","82.12522029668307","82.12522029668307","59.34762133294406","59.34762133294406","59.34762133294406","82.7891972254499","82.7891972254499","82.7891972254499"
"53000","67.97767324436839","67.97767324436839","67.97767324436839","73.47263907861533","73.47263907861533","73.47263907861533","62.73247286891917","62.73247286891917","62.73247286891917","86.51978406997351","86.51978406997351","86.51978406997351"
"54000","62.24558219401622","62.24558219401622","62.24558219401622","65.57560096273241","65.57560096273241","65.57560096273241","70.9656641194431","70.9656641194431","70.9656641194431","82.95369767233989","82.95369767233989","82.95369767233989"
"55000","16.931682348910115","16.931682348910115","16.931682348910115","77.7835752168341","77.7835752168341","77.7835752168341","72.92069640126388","72.92069640126388","72.92069640126388","82.37202555815874","82.37202555815874","82.37202555815874"
"56000","69.1650985638196","69.1650985638196","69.1650985638196","84.97692359577783","84.97692359577783","84.97692359577783","80.61758089603023","80.61758089603023","80.61758089603023","84.20779631735756","84.20779631735756","84.20779631735756"
"57000","52.43543072888779","52.43543072888779","52.43543072888779","70.41012976585615","70.41012976585615","70.41012976585615","80.92701143189527","80.92701143189527","80.92701143189527","81.03178736394537","81.03178736394537","81.03178736394537"
"58000","46.49717930374827","46.49717930374827","46.49717930374827","70.88903290318837","70.88903290318837","70.88903290318837","60.078684314057206","60.078684314057206","60.078684314057206","84.5809200820944","84.5809200820944","84.5809200820944"
"59000","51.54788546643405","51.54788546643405","51.54788546643405","70.33359077403209","70.33359077403209","70.33359077403209","75.40580667922275","75.40580667922275","75.40580667922275","82.74142794962624","82.74142794962624","82.74142794962624"
"60000","59.10435878572644","59.10435878572644","59.10435878572644","84.76223505096875","84.76223505096875","84.76223505096875","81.75893320768212","81.75893320768212","81.75893320768212","80.31062107143426","80.31062107143426","80.31062107143426"
"61000","42.02403593591215","42.02403593591215","42.02403593591215","77.95312895849179","77.95312895849179","77.95312895849179","65.83956106389041","65.83956106389041","65.83956106389041","73.12353434286892","73.12353434286892","73.12353434286892"
"62000","42.06094306769626","42.06094306769626","42.06094306769626","76.36878463719451","76.36878463719451","76.36878463719451","74.34328495530833","74.34328495530833","74.34328495530833","81.18653320758116","81.18653320758116","81.18653320758116"
"63000","52.43532552417823","52.43532552417823","52.43532552417823","79.77751946386898","79.77751946386898","79.77751946386898","81.68055878315351","81.68055878315351","81.68055878315351","78.21612206051375","78.21612206051375","78.21612206051375"
"64000","35.31322107042421","35.31322107042421","35.31322107042421","84.79584852134195","84.79584852134195","84.79584852134195","73.92595765500648","73.92595765500648","73.92595765500648","80.96343615866513","80.96343615866513","80.96343615866513"
"65000","39.193069265730784","39.193069265730784","39.193069265730784","77.81479084140042","77.81479084140042","77.81479084140042","72.13050676022392","72.13050676022392","72.13050676022392","82.95490968790023","82.95490968790023","82.95490968790023"
"66000","54.28033437314023","54.28033437314023","54.28033437314023","73.73780503165884","73.73780503165884","73.73780503165884","80.57122997637582","80.57122997637582","80.57122997637582","84.39714979407741","84.39714979407741","84.39714979407741"
"67000","23.50453217829875","23.50453217829875","23.50453217829875","72.59943483316391","72.59943483316391","72.59943483316391","81.04087073307778","81.04087073307778","81.04087073307778","78.08010447397076","78.08010447397076","78.08010447397076"
"68000","54.388132830310234","54.388132830310234","54.388132830310234","78.22560627583694","78.22560627583694","78.22560627583694","80.22437762404596","80.22437762404596","80.22437762404596","82.42681543601532","82.42681543601532","82.42681543601532"
"69000","47.87573824452364","47.87573824452364","47.87573824452364","76.51050407415477","76.51050407415477","76.51050407415477","75.2313474603155","75.2313474603155","75.2313474603155","80.4657669860041","80.4657669860041","80.4657669860041"
"70000","61.28910764319825","61.28910764319825","61.28910764319825","79.04966691916427","79.04966691916427","79.04966691916427","79.71785065865022","79.71785065865022","79.71785065865022","86.28480323294025","86.28480323294025","86.28480323294025"
"71000","42.53273786577296","42.53273786577296","42.53273786577296","79.7472445290607","79.7472445290607","79.7472445290607","37.172465675132415","37.172465675132415","37.172465675132415","84.68098022529293","84.68098022529293","84.68098022529293"
"72000","50.60472837125209","50.60472837125209","50.60472837125209","65.87752454616121","65.87752454616121","65.87752454616121","70.08815384501857","70.08815384501857","70.08815384501857","75.46662881853383","75.46662881853383","75.46662881853383"
"73000","60.93326447669002","60.93326447669002","60.93326447669002","77.18910272553215","77.18910272553215","77.18910272553215","77.34184606299114","77.34184606299114","77.34184606299114","78.27399993903362","78.27399993903362","78.27399993903362"
"74000","62.86923005709622","62.86923005709622","62.86923005709622","84.82034541693267","84.82034541693267","84.82034541693267","82.73102410609545","82.73102410609545","82.73102410609545","84.66961298688774","84.66961298688774","84.66961298688774"
"75000","44.97866513206243","44.97866513206243","44.97866513206243","77.78273925516578","77.78273925516578","77.78273925516578","79.71893490638239","79.71893490638239","79.71893490638239","84.29989643347359","84.29989643347359","84.29989643347359"
"76000","57.84701367953742","57.84701367953742","57.84701367953742","67.03160294978733","67.03160294978733","67.03160294978733","67.3922165030233","67.3922165030233","67.3922165030233","70.79326311898339","70.79326311898339","70.79326311898339"
"77000","42.14468201952159","42.14468201952159","42.14468201952159","80.01098283295146","80.01098283295146","80.01098283295146","76.43692521898461","76.43692521898461","76.43692521898461","78.7251859576118","78.7251859576118","78.7251859576118"
"78000","78.27623666602412","78.27623666602412","78.27623666602412","78.17121061701243","78.17121061701243","78.17121061701243","75.63529669115584","75.63529669115584","75.63529669115584","56.80210984666159","56.80210984666159","56.80210984666159"
"79000","56.04711176744913","56.04711176744913","56.04711176744913","81.14214816544859","81.14214816544859","81.14214816544859","74.27340710853076","74.27340710853076","74.27340710853076","79.81140686079122","79.81140686079122","79.81140686079122"
"80000","69.31594324548954","69.31594324548954","69.31594324548954","71.5787405500187","71.5787405500187","71.5787405500187","74.72700864130292","74.72700864130292","74.72700864130292","86.42533710992296","86.42533710992296","86.42533710992296"
"81000","76.79876983061257","76.79876983061257","76.79876983061257","83.06583195341969","83.06583195341969","83.06583195341969","83.20605537224341","83.20605537224341","83.20605537224341","73.80416653331532","73.80416653331532","73.80416653331532"
"82000","57.13040294760919","57.13040294760919","57.13040294760919","63.817938406626936","63.817938406626936","63.817938406626936","71.70412359882945","71.70412359882945","71.70412359882945","80.89352987879498","80.89352987879498","80.89352987879498"
"83000","77.39454108216398","77.39454108216398","77.39454108216398","83.43827184319132","83.43827184319132","83.43827184319132","85.11899730503845","85.11899730503845","85.11899730503845","81.82234057338349","81.82234057338349","81.82234057338349"
"84000","69.10410289645745","69.10410289645745","69.10410289645745","78.55709295683934","78.55709295683934","78.55709295683934","83.2422580991701","83.2422580991701","83.2422580991701","80.56358314762723","80.56358314762723","80.56358314762723"
"85000","64.36466492794789","64.36466492794789","64.36466492794789","76.10134771191214","76.10134771191214","76.10134771191214","81.13667872928451","81.13667872928451","81.13667872928451","77.32889369038325","77.32889369038325","77.32889369038325"
"86000","57.44835790856836","57.44835790856836","57.44835790856836","75.83613586593982","75.83613586593982","75.83613586593982","74.77233058768716","74.77233058768716","74.77233058768716","86.02394206930369","86.02394206930369","86.02394206930369"
"87000","70.56000798645633","70.56000798645633","70.56000798645633","75.96336499999903","75.96336499999903","75.96336499999903","82.35543890947865","82.35543890947865","82.35543890947865","83.90961139198704","83.90961139198704","83.90961139198704"
"88000","75.07026185856137","75.07026185856137","75.07026185856137","77.44088231061727","77.44088231061727","77.44088231061727","69.27694820067465","69.27694820067465","69.27694820067465","84.61340467722418","84.61340467722418","84.61340467722418"
"89000","68.456178050766","68.456178050766","68.456178050766","84.68496400914188","84.68496400914188","84.68496400914188","82.34764004428361","82.34764004428361","82.34764004428361","77.96369069378775","77.96369069378775","77.96369069378775"
"90000","4.376386927950785","4.376386927950785","4.376386927950785","70.55147911403876","70.55147911403876","70.55147911403876","80.34512506933027","80.34512506933027","80.34512506933027","84.1425912644406","84.1425912644406","84.1425912644406"
"91000","5.079376095547934","5.079376095547934","5.079376095547934","69.79634582625401","69.79634582625401","69.79634582625401","69.82683953625474","69.82683953625474","69.82683953625474","86.02160983524799","86.02160983524799","86.02160983524799"
"92000","7.247098653151121","7.247098653151121","7.247098653151121","76.21926713556306","76.21926713556306","76.21926713556306","79.87839849659778","79.87839849659778","79.87839849659778","76.96645828870857","76.96645828870857","76.96645828870857"
"93000","7.1330627221384875","7.1330627221384875","7.1330627221384875","73.20186238606057","73.20186238606057","73.20186238606057","78.96527844125016","78.96527844125016","78.96527844125016","77.76620185724009","77.76620185724009","77.76620185724009"
"94000","8.21054139799888","8.21054139799888","8.21054139799888","85.87113746254244","85.87113746254244","85.87113746254244","80.35368740637647","80.35368740637647","80.35368740637647","82.05231642038311","82.05231642038311","82.05231642038311"
"95000","4.70883376257328","4.70883376257328","4.70883376257328","79.93063782551951","79.93063782551951","79.93063782551951","79.6880657087997","79.6880657087997","79.6880657087997","80.06079152896619","80.06079152896619","80.06079152896619"
"96000","16.09250757949135","16.09250757949135","16.09250757949135","76.10841449483276","76.10841449483276","76.10841449483276","75.75726074182863","75.75726074182863","75.75726074182863","85.35224339336882","85.35224339336882","85.35224339336882"
"97000","0.5532636139116215","0.5532636139116215","0.5532636139116215","80.00226973268094","80.00226973268094","80.00226973268094","77.58332873498235","77.58332873498235","77.58332873498235","85.16718811258673","85.16718811258673","85.16718811258673"
"98000","5.153847783904324","5.153847783904324","5.153847783904324","80.77965821158264","80.77965821158264","80.77965821158264","82.39752539274096","82.39752539274096","82.39752539274096","82.63208880461647","82.63208880461647","82.63208880461647"
"99000","5.130021380331871","5.130021380331871","5.130021380331871","81.64804476421308","81.64804476421308","81.64804476421308","74.83651014445596","74.83651014445596","74.83651014445596","81.68885840042454","81.68885840042454","81.68885840042454"
"100000","5.523096944548617","5.523096944548617","5.523096944548617","82.91738539854188","82.91738539854188","82.91738539854188","83.46463761370157","83.46463761370157","83.46463761370157","80.90869573662981","80.90869573662981","80.90869573662981"
"101000","5.740142825745856","5.740142825745856","5.740142825745856","75.43656981648667","75.43656981648667","75.43656981648667","84.28156091666342","84.28156091666342","84.28156091666342","84.5713695584428","84.5713695584428","84.5713695584428"
"102000","5.742307376689681","5.742307376689681","5.742307376689681","86.55607590088356","86.55607590088356","86.55607590088356","84.1575167532082","84.1575167532082","84.1575167532082","84.73515360628836","84.73515360628836","84.73515360628836"
"103000","5.736536242090251","5.736536242090251","5.736536242090251","76.34338435582028","76.34338435582028","76.34338435582028","74.09014313697186","74.09014313697186","74.09014313697186","80.97989241247517","80.97989241247517","80.97989241247517"
"104000","10.000245580239364","10.000245580239364","10.000245580239364","83.13725940570754","83.13725940570754","83.13725940570754","79.56046735189932","79.56046735189932","79.56046735189932","81.81795839426096","81.81795839426096","81.81795839426096"
"105000","8.992022470422976","8.992022470422976","8.992022470422976","84.37478714817979","84.37478714817979","84.37478714817979","83.51060544610951","83.51060544610951","83.51060544610951","85.43120492218668","85.43120492218668","85.43120492218668"
"106000","19.862963020948406","19.862963020948406","19.862963020948406","79.28283745520261","79.28283745520261","79.28283745520261","80.83519172560504","80.83519172560504","80.83519172560504","72.76460047988527","72.76460047988527","72.76460047988527"
"107000","10.15253888138179","10.15253888138179","10.15253888138179","83.71639859398222","83.71639859398222","83.71639859398222","83.33491944107114","83.33491944107114","83.33491944107114","80.41251385785306","80.41251385785306","80.41251385785306"
"108000","10.700482835347021","10.700482835347021","10.700482835347021","85.54146534800799","85.54146534800799","85.54146534800799","82.01914572108755","82.01914572108755","82.01914572108755","84.66265058297557","84.66265058297557","84.66265058297557"
"109000","4.847962144066947","4.847962144066947","4.847962144066947","83.46734910082219","83.46734910082219","83.46734910082219","68.61828512940858","68.61828512940858","68.61828512940858","84.99122215795549","84.99122215795549","84.99122215795549"
"110000","70.01411016413593","70.01411016413593","70.01411016413593","78.89523379328641","78.89523379328641","78.89523379328641","74.30779780170877","74.30779780170877","74.30779780170877","79.76167031161584","79.76167031161584","79.76167031161584"
"111000","28.24852937539768","28.24852937539768","28.24852937539768","81.44720200052969","81.44720200052969","81.44720200052969","81.59826194430259","81.59826194430259","81.59826194430259","80.94480134610413","80.94480134610413","80.94480134610413"
"112000","44.566887528295126","44.566887528295126","44.566887528295126","88.04700071129764","88.04700071129764","88.04700071129764","83.43447655071368","83.43447655071368","83.43447655071368","87.42521591715737","87.42521591715737","87.42521591715737"
"113000","54.69935485976857","54.69935485976857","54.69935485976857","75.71954948144433","75.71954948144433","75.71954948144433","82.43125215136962","82.43125215136962","82.43125215136962","81.71378094746554","81.71378094746554","81.71378094746554"
"114000","70.35569052931993","70.35569052931993","70.35569052931993","77.8417427685827","77.8417427685827","77.8417427685827","73.96045606076423","73.96045606076423","73.96045606076423","80.25767413959689","80.25767413959689","80.25767413959689"
"115000","63.28745045194955","63.28745045194955","63.28745045194955","71.41540138410521","71.41540138410521","71.41540138410521","61.406249316512884","61.406249316512884","61.406249316512884","80.85018566187753","80.85018566187753","80.85018566187753"
"116000","52.14651805826909","52.14651805826909","52.14651805826909","77.3201916373895","77.3201916373895","77.3201916373895","77.4565028084896","77.4565028084896","77.4565028084896","85.54387792407466","85.54387792407466","85.54387792407466"
"117000","67.89612420757875","67.89612420757875","67.89612420757875","71.53039050231158","71.53039050231158","71.53039050231158","81.73509821842393","81.73509821842393","81.73509821842393","83.67010197511303","83.67010197511303","83.67010197511303"
"118000","57.68322382696671","57.68322382696671","57.68322382696671","82.37430143025018","82.37430143025018","82.37430143025018","80.922116824864","80.922116824864","80.922116824864","80.61589254254277","80.61589254254277","80.61589254254277"
"119000","78.13061077617415","78.13061077617415","78.13061077617415","83.21280017433189","83.21280017433189","83.21280017433189","80.31699745111223","80.31699745111223","80.31699745111223","84.18158793006334","84.18158793006334","84.18158793006334"
"120000","77.75923202094145","77.75923202094145","77.75923202094145","79.12830324980655","79.12830324980655","79.12830324980655","80.20964677761665","80.20964677761665","80.20964677761665","77.90645593161351","77.90645593161351","77.90645593161351"
"121000","79.21152594372217","79.21152594372217","79.21152594372217","82.34138676177591","82.34138676177591","82.34138676177591","84.08140680284157","84.08140680284157","84.08140680284157","85.16274420502661","85.16274420502661","85.16274420502661"
"122000","76.82168285148825","76.82168285148825","76.82168285148825","76.88009502490145","76.88009502490145","76.88009502490145","79.53751579422048","79.53751579422048","79.53751579422048","84.5881393519674","84.5881393519674","84.5881393519674"
"123000","72.07456939883984","72.07456939883984","72.07456939883984","86.80846928776515","86.80846928776515","86.80846928776515","85.36399523996083","85.36399523996083","85.36399523996083","85.69141924719005","85.69141924719005","85.69141924719005"
"124000","72.4772238962981","72.4772238962981","72.4772238962981","80.33095559395352","80.33095559395352","80.33095559395352","78.59732700812512","78.59732700812512","78.59732700812512","81.54447952987651","81.54447952987651","81.54447952987651"
"125000","74.41062998569198","74.41062998569198","74.41062998569198","86.10190779221195","86.10190779221195","86.10190779221195","78.37778903886098","78.37778903886098","78.37778903886098","75.69546989904667","75.69546989904667","75.69546989904667"
"126000","74.9326984388466","74.9326984388466","74.9326984388466","81.25053886450966","81.25053886450966","81.25053886450966","72.020449246122","72.020449246122","72.020449246122","84.92698854399772","84.92698854399772","84.92698854399772"
"127000","72.26777850748476","72.26777850748476","72.26777850748476","58.570350605134514","58.570350605134514","58.570350605134514","79.74654527712295","79.74654527712295","79.74654527712295","84.84040876500055","84.84040876500055","84.84040876500055"
"128000","77.2201570508186","77.2201570508186","77.2201570508186","80.67597407779665","80.67597407779665","80.67597407779665","82.52769477577522","82.52769477577522","82.52769477577522","82.42301246798337","82.42301246798337","82.42301246798337"
"129000","77.92099301096759","77.92099301096759","77.92099301096759","79.09563421864459","79.09563421864459","79.09563421864459","74.71044751709027","74.71044751709027","74.71044751709027","81.67241196136426","81.67241196136426","81.67241196136426"
"130000","75.07956227043756","75.07956227043756","75.07956227043756","84.88813529277746","84.88813529277746","84.88813529277746","73.98526948402278","73.98526948402278","73.98526948402278","82.01138594331763","82.01138594331763","82.01138594331763"
"131000","78.19603648863793","78.19603648863793","78.19603648863793","82.6522442461899","82.6522442461899","82.6522442461899","79.7316779774631","79.7316779774631","79.7316779774631","83.52114280248921","83.52114280248921","83.52114280248921"
"132000","78.60431697848982","78.60431697848982","78.60431697848982","84.4786351231673","84.4786351231673","84.4786351231673","77.62915098721905","77.62915098721905","77.62915098721905","84.37896100520882","84.37896100520882","84.37896100520882"
"133000","77.74308700787367","77.74308700787367","77.74308700787367","78.8629808446499","78.8629808446499","78.8629808446499","79.63948457712556","79.63948457712556","79.63948457712556","84.75025003779024","84.75025003779024","84.75025003779024"
"134000","73.53222416935131","73.53222416935131","73.53222416935131","80.5788685311486","80.5788685311486","80.5788685311486","73.79043045927519","73.79043045927519","73.79043045927519","83.05853303378096","83.05853303378096","83.05853303378096"
"135000","68.80633653303586","68.80633653303586","68.80633653303586","60.83852163437488","60.83852163437488","60.83852163437488","71.56702950042431","71.56702950042431","71.56702950042431","82.97892562901497","82.97892562901497","82.97892562901497"
"136000","67.51397430120937","67.51397430120937","67.51397430120937","83.40574343383857","83.40574343383857","83.40574343383857","75.66988724997286","75.66988724997286","75.66988724997286","85.57339260342846","85.57339260342846","85.57339260342846"
"137000","73.89433413384606","73.89433413384606","73.89433413384606","76.56427858923365","76.56427858923365","76.56427858923365","84.28628278332859","84.28628278332859","84.28628278332859","84.31267124749631","84.31267124749631","84.31267124749631"
"138000","76.00806246385697","76.00806246385697","76.00806246385697","69.45762082244309","69.45762082244309","69.45762082244309","76.69800931716392","76.69800931716392","76.69800931716392","81.64023385352003","81.64023385352003","81.64023385352003"
"139000","70.83846127389644","70.83846127389644","70.83846127389644","66.63372491038668","66.63372491038668","66.63372491038668","73.27094449994867","73.27094449994867","73.27094449994867","75.7322606258009","75.7322606258009","75.7322606258009"
"140000","77.71645092404405","77.71645092404405","77.71645092404405","85.81691768164863","85.81691768164863","85.81691768164863","82.35139219483982","82.35139219483982","82.35139219483982","85.54261771107845","85.54261771107845","85.54261771107845"
"141000","77.51372834688569","77.51372834688569","77.51372834688569","83.85499552245004","83.85499552245004","83.85499552245004","79.15618353672436","79.15618353672436","79.15618353672436","84.31223199003102","84.31223199003102","84.31223199003102"
"142000","74.67153469838443","74.67153469838443","74.67153469838443","82.83036432268923","82.83036432268923","82.83036432268923","76.81848421121845","76.81848421121845","76.81848421121845","85.36487184720465","85.36487184720465","85.36487184720465"
"143000","80.84018824413533","80.84018824413533","80.84018824413533","78.75171370106466","78.75171370106466","78.75171370106466","72.81373006641493","72.81373006641493","72.81373006641493","81.23555880032794","81.23555880032794","81.23555880032794"
"144000","76.67488810562749","76.67488810562749","76.67488810562749","81.8432366818709","81.8432366818709","81.8432366818709","77.49001763687978","77.49001763687978","77.49001763687978","84.35286045652227","84.35286045652227","84.35286045652227"
"145000","77.2953621819514","77.2953621819514","77.2953621819514","76.13715968929571","76.13715968929571","76.13715968929571","79.69488877152241","79.69488877152241","79.69488877152241","80.54457386159494","80.54457386159494","80.54457386159494"
"146000","70.44871734974045","70.44871734974045","70.44871734974045","81.98158070902053","81.98158070902053","81.98158070902053","72.0641781204056","72.0641781204056","72.0641781204056","72.79409416280524","72.79409416280524","72.79409416280524"
"147000","74.55120959937321","74.55120959937321","74.55120959937321","63.52065609300983","63.52065609300983","63.52065609300983","82.83583248687295","82.83583248687295","82.83583248687295","81.85921100848286","81.85921100848286","81.85921100848286"
"148000","76.87841628282872","76.87841628282872","76.87841628282872","60.007739071660474","60.007739071660474","60.007739071660474","75.64126406527406","75.64126406527406","75.64126406527406","76.48250364826426","76.48250364826426","76.48250364826426"
"149000","76.13963529480941","76.13963529480941","76.13963529480941","84.47119918747252","84.47119918747252","84.47119918747252","78.01086829143915","78.01086829143915","78.01086829143915","84.9509743072285","84.9509743072285","84.9509743072285"
"150000","75.5645463149381","75.5645463149381","75.5645463149381","80.89978800141985","80.89978800141985","80.89978800141985","70.67693401051353","70.67693401051353","70.67693401051353","87.08575815471978","87.08575815471978","87.08575815471978"
"151000","74.11846843074512","74.11846843074512","74.11846843074512","67.01640344341358","67.01640344341358","67.01640344341358","74.72447814301661","74.72447814301661","74.72447814301661","75.98580550658535","75.98580550658535","75.98580550658535"
"152000","77.66219666350358","77.66219666350358","77.66219666350358","76.94918211223953","76.94918211223953","76.94918211223953","67.74841629033044","67.74841629033044","67.74841629033044","79.86129613862994","79.86129613862994","79.86129613862994"
"153000","74.87752318293542","74.87752318293542","74.87752318293542","74.93209762259292","74.93209762259292","74.93209762259292","75.40971232359726","75.40971232359726","75.40971232359726","79.94768438556937","79.94768438556937","79.94768438556937"
"154000","70.13566567294153","70.13566567294153","70.13566567294153","71.96350687341778","71.96350687341778","71.96350687341778","76.90562512032889","76.90562512032889","76.90562512032889","77.4152184642551","77.4152184642551","77.4152184642551"
"155000","76.00464671924814","76.00464671924814","76.00464671924814","79.16077113109336","79.16077113109336","79.16077113109336","81.82735262200683","81.82735262200683","81.82735262200683","85.3613473239822","85.3613473239822","85.3613473239822"
"156000","76.92050974768651","76.92050974768651","76.92050974768651","60.6809345326628","60.6809345326628","60.6809345326628","70.29808448642595","70.29808448642595","70.29808448642595","85.20789338401096","85.20789338401096","85.20789338401096"
"157000","62.85744142866705","62.85744142866705","62.85744142866705","69.51227847194609","69.51227847194609","69.51227847194609","76.73497899309153","76.73497899309153","76.73497899309153","86.19215715942376","86.19215715942376","86.19215715942376"
"158000","75.40647085158324","75.40647085158324","75.40647085158324","78.34527048269419","78.34527048269419","78.34527048269419","78.82821566816752","78.82821566816752","78.82821566816752","84.64852926293686","84.64852926293686","84.64852926293686"
"159000","76.91980571110855","76.91980571110855","76.91980571110855","82.38578005316339","82.38578005316339","82.38578005316339","60.682446120643775","60.682446120643775","60.682446120643775","83.43357219948629","83.43357219948629","83.43357219948629"
"160000","71.39351413765725","71.39351413765725","71.39351413765725","76.29217258787698","76.29217258787698","76.29217258787698","72.69531013698273","72.69531013698273","72.69531013698273","79.66165593671676","79.66165593671676","79.66165593671676"
"161000","63.54222959984087","63.54222959984087","63.54222959984087","69.68478154584797","69.68478154584797","69.68478154584797","71.79216428428224","71.79216428428224","71.79216428428224","82.10468182602543","82.10468182602543","82.10468182602543"
"162000","73.5655626577655","73.5655626577655","73.5655626577655","74.97634468731928","74.97634468731928","74.97634468731928","82.71464601579225","82.71464601579225","82.71464601579225","83.65133768123256","83.65133768123256","83.65133768123256"
"163000","80.07774811296204","80.07774811296204","80.07774811296204","70.99293985482994","70.99293985482994","70.99293985482994","80.34300912958254","80.34300912958254","80.34300912958254","78.16748821660237","78.16748821660237","78.16748821660237"
"164000","80.6726489114519","80.6726489114519","80.6726489114519","73.43816763745038","73.43816763745038","73.43816763745038","64.93531264172088","64.93531264172088","64.93531264172088","79.06718155797239","79.06718155797239","79.06718155797239"
"165000","63.74709018730602","63.74709018730602","63.74709018730602","68.10927649812916","68.10927649812916","68.10927649812916","78.93788521246738","78.93788521246738","78.93788521246738","85.30182467048463","85.30182467048463","85.30182467048463"
"166000","78.24025152627256","78.24025152627256","78.24025152627256","77.88509674695952","77.88509674695952","77.88509674695952","72.2565796691196","72.2565796691196","72.2565796691196","79.45061563215354","79.45061563215354","79.45061563215354"
"167000","71.09055624070501","71.09055624070501","71.09055624070501","72.46875314249827","72.46875314249827","72.46875314249827","82.84869286247198","82.84869286247198","82.84869286247198","78.2704882849474","78.2704882849474","78.2704882849474"
"168000","72.38714002872587","72.38714002872587","72.38714002872587","68.65268598990289","68.65268598990289","68.65268598990289","75.65334691471027","75.65334691471027","75.65334691471027","79.3647043320111","79.3647043320111","79.3647043320111"
"169000","77.45850653040723","77.45850653040723","77.45850653040723","86.61375979564502","86.61375979564502","86.61375979564502","70.77321013833682","70.77321013833682","70.77321013833682","81.21191776141157","81.21191776141157","81.21191776141157"
"170000","77.49225816550323","77.49225816550323","77.49225816550323","85.42170630170189","85.42170630170189","85.42170630170189","84.4034459001937","84.4034459001937","84.4034459001937","85.3801602846396","85.3801602846396","85.3801602846396"
"171000","77.7001511187131","77.7001511187131","77.7001511187131","85.4056713939063","85.4056713939063","85.4056713939063","76.73269065207396","76.73269065207396","76.73269065207396","84.69991469986469","84.69991469986469","84.69991469986469"
"172000","73.98158141345655","73.98158141345655","73.98158141345655","58.43682571056051","58.43682571056051","58.43682571056051","72.61595343848136","72.61595343848136","72.61595343848136","84.12696899743682","84.12696899743682","84.12696899743682"
"173000","81.02320383320338","81.02320383320338","81.02320383320338","73.10198653333853","73.10198653333853","73.10198653333853","74.82856767562488","74.82856767562488","74.82856767562488","84.83685646446483","84.83685646446483","84.83685646446483"
"174000","76.62656137495235","76.62656137495235","76.62656137495235","65.75427373180884","65.75427373180884","65.75427373180884","67.7081805012618","67.7081805012618","67.7081805012618","77.84067979372813","77.84067979372813","77.84067979372813"
"175000","54.64831903415713","54.64831903415713","54.64831903415713","67.03436998452584","67.03436998452584","67.03436998452584","78.25985117720434","78.25985117720434","78.25985117720434","82.63981550890016","82.63981550890016","82.63981550890016"
"176000","73.31766483093887","73.31766483093887","73.31766483093887","80.21141431596057","80.21141431596057","80.21141431596057","75.89801100193627","75.89801100193627","75.89801100193627","80.50405388626996","80.50405388626996","80.50405388626996"
"177000","66.93080304283411","66.93080304283411","66.93080304283411","74.13232995355293","74.13232995355293","74.13232995355293","71.78737741266863","71.78737741266863","71.78737741266863","85.8255145626863","85.8255145626863","85.8255145626863"
"178000","77.08520192532487","77.08520192532487","77.08520192532487","78.28343955194929","78.28343955194929","78.28343955194929","56.54897309626499","56.54897309626499","56.54897309626499","75.1497997357414","75.1497997357414","75.1497997357414"
"179000","72.15442354436131","72.15442354436131","72.15442354436131","74.19861182102197","74.19861182102197","74.19861182102197","77.48201963145422","77.48201963145422","77.48201963145422","87.32216598981488","87.32216598981488","87.32216598981488"
"180000","74.19668703707833","74.19668703707833","74.19668703707833","71.08250110744007","71.08250110744007","71.08250110744007","83.69150830330764","83.69150830330764","83.69150830330764","86.15312050792267","86.15312050792267","86.15312050792267"
"181000","83.40115304774518","83.40115304774518","83.40115304774518","74.66222551200981","74.66222551200981","74.66222551200981","79.18331767380035","79.18331767380035","79.18331767380035","85.89166069082009","85.89166069082009","85.89166069082009"
"182000","74.17507969675597","74.17507969675597","74.17507969675597","74.4984001957008","74.4984001957008","74.4984001957008","74.46168872320497","74.46168872320497","74.46168872320497","82.46066147494815","82.46066147494815","82.46066147494815"
"183000","77.58075757477847","77.58075757477847","77.58075757477847","74.50069406528061","74.50069406528061","74.50069406528061","76.7849914119799","76.7849914119799","76.7849914119799","81.8509722291784","81.8509722291784","81.8509722291784"
"184000","77.72673724895995","77.72673724895995","77.72673724895995","84.15435383089724","84.15435383089724","84.15435383089724","82.34102862838397","82.34102862838397","82.34102862838397","80.05185500581365","80.05185500581365","80.05185500581365"
"185000","81.66760390570958","81.66760390570958","81.66760390570958","78.10978474571752","78.10978474571752","78.10978474571752","83.42946035178998","83.42946035178998","83.42946035178998","85.27212483728054","85.27212483728054","85.27212483728054"
"186000","77.64101389027427","77.64101389027427","77.64101389027427","70.54857262766365","70.54857262766365","70.54857262766365","81.82873730126427","81.82873730126427","81.82873730126427","77.29945095810518","77.29945095810518","77.29945095810518"
"187000","76.60744650112625","76.60744650112625","76.60744650112625","72.9426077421221","72.9426077421221","72.9426077421221","63.19394037195462","63.19394037195462","63.19394037195462","86.3730419359555","86.3730419359555","86.3730419359555"
"188000","70.36153519529304","70.36153519529304","70.36153519529304","75.18387092167728","75.18387092167728","75.18387092167728","70.52175101156763","70.52175101156763","70.52175101156763","85.92364527212526","85.92364527212526","85.92364527212526"
"189000","81.11737478243111","81.11737478243111","81.11737478243111","66.31012672273921","66.31012672273921","66.31012672273921","78.56135263655416","78.56135263655416","78.56135263655416","81.01044643609441","81.01044643609441","81.01044643609441"
"190000","71.41270807793607","71.41270807793607","71.41270807793607","82.28076049293041","82.28076049293041","82.28076049293041","69.12168315492141","69.12168315492141","69.12168315492141","76.80493802390194","76.80493802390194","76.80493802390194"
"191000","71.70661191240796","71.70661191240796","71.70661191240796","80.70296391435303","80.70296391435303","80.70296391435303","79.95814666120512","79.95814666120512","79.95814666120512","83.32333094317163","83.32333094317163","83.32333094317163"
"192000","84.57562111332241","84.57562111332241","84.57562111332241","69.80901326070786","69.80901326070786","69.80901326070786","77.82292582437111","77.82292582437111","77.82292582437111","78.3445033588956","78.3445033588956","78.3445033588956"
"193000","78.45223750980762","78.45223750980762","78.45223750980762","86.56794199491196","86.56794199491196","86.56794199491196","67.72874532264515","67.72874532264515","67.72874532264515","86.2337160740846","86.2337160740846","86.2337160740846"
"194000","75.7159635789131","75.7159635789131","75.7159635789131","82.73218732930093","82.73218732930093","82.73218732930093","78.90679294829455","78.90679294829455","78.90679294829455","83.72384637121185","83.72384637121185","83.72384637121185"
"195000","80.86403640983254","80.86403640983254","80.86403640983254","88.10913548355511","88.10913548355511","88.10913548355511","73.27841076180893","73.27841076180893","73.27841076180893","85.66432747468461","85.66432747468461","85.66432747468461"
"196000","63.03185004631815","63.03185004631815","63.03185004631815","74.21473658932565","74.21473658932565","74.21473658932565","67.74210970200711","67.74210970200711","67.74210970200711","83.15984290661675","83.15984290661675","83.15984290661675"
"197000","69.95450262283582","69.95450262283582","69.95450262283582","79.82460353527327","79.82460353527327","79.82460353527327","78.82388042403498","78.82388042403498","78.82388042403498","86.07814686841384","86.07814686841384","86.07814686841384"
"198000","74.59991563954169","74.59991563954169","74.59991563954169","72.91820489756915","72.91820489756915","72.91820489756915","78.28561467176344","78.28561467176344","78.28561467176344","82.13428737428397","82.13428737428397","82.13428737428397"
"199000","78.211106091096","78.211106091096","78.211106091096","75.37230230139542","75.37230230139542","75.37230230139542","64.34131321599217","64.34131321599217","64.34131321599217","85.49886194958823","85.49886194958823","85.49886194958823"
"200000","72.09830292788443","72.09830292788443","72.09830292788443","71.15691531526618","71.15691531526618","71.15691531526618","66.65061444258205","66.65061444258205","66.65061444258205","83.47678023553445","83.47678023553445","83.47678023553445"
"201000","84.26288417488917","84.26288417488917","84.26288417488917","80.78854703667861","80.78854703667861","80.78854703667861","72.56604201046814","72.56604201046814","72.56604201046814","85.92833487887643","85.92833487887643","85.92833487887643"
"202000","82.05653095844082","82.05653095844082","82.05653095844082","78.65764633993305","78.65764633993305","78.65764633993305","78.18881008098339","78.18881008098339","78.18881008098339","85.56846305270878","85.56846305270878","85.56846305270878"
"203000","82.05455472355597","82.05455472355597","82.05455472355597","84.26654329784245","84.26654329784245","84.26654329784245","70.3491848438959","70.3491848438959","70.3491848438959","84.77604266609706","84.77604266609706","84.77604266609706"
"204000","65.71906632629849","65.71906632629849","65.71906632629849","67.71908371527998","67.71908371527998","67.71908371527998","72.10959611404257","72.10959611404257","72.10959611404257","75.5635750064763","75.5635750064763","75.5635750064763"
"205000","71.89099558648593","71.89099558648593","71.89099558648593","83.161813097319","83.161813097319","83.161813097319","74.3901398091776","74.3901398091776","74.3901398091776","79.07336946753432","79.07336946753432","79.07336946753432"
"206000","68.64427075971294","68.64427075971294","68.64427075971294","84.2297820061566","84.2297820061566","84.2297820061566","84.145717228018","84.145717228018","84.145717228018","78.18190750427836","78.18190750427836","78.18190750427836"
"207000","74.37403426737504","74.37403426737504","74.37403426737504","81.10180140163791","81.10180140163791","81.10180140163791","74.72006964208676","74.72006964208676","74.72006964208676","85.19872741948471","85.19872741948471","85.19872741948471"
"208000","71.18951457414755","71.18951457414755","71.18951457414755","77.8404487514168","77.8404487514168","77.8404487514168","80.5881811707005","80.5881811707005","80.5881811707005","85.85856673758423","85.85856673758423","85.85856673758423"
"209000","64.55278783745322","64.55278783745322","64.55278783745322","81.39538165307238","81.39538165307238","81.39538165307238","83.09272447914198","83.09272447914198","83.09272447914198","84.64342936451952","84.64342936451952","84.64342936451952"
"210000","68.97421961977189","68.97421961977189","68.97421961977189","71.77146948862094","71.77146948862094","71.77146948862094","80.4460120438596","80.4460120438596","80.4460120438596","84.67077961912149","84.67077961912149","84.67077961912149"
"211000","74.13737271240873","74.13737271240873","74.13737271240873","85.91629347904862","85.91629347904862","85.91629347904862","82.96595770702862","82.96595770702862","82.96595770702862","82.63495748220693","82.63495748220693","82.63495748220693"
"212000","74.78670210831677","74.78670210831677","74.78670210831677","81.04139787628111","81.04139787628111","81.04139787628111","69.21970004962331","69.21970004962331","69.21970004962331","85.14906926498412","85.14906926498412","85.14906926498412"
"213000","71.78694540925326","71.78694540925326","71.78694540925326","69.2705074421788","69.2705074421788","69.2705074421788","83.44824096659652","83.44824096659652","83.44824096659652","82.31522849195395","82.31522849195395","82.31522849195395"
"214000","76.42749829799969","76.42749829799969","76.42749829799969","83.96712051310404","83.96712051310404","83.96712051310404","85.31590253322426","85.31590253322426","85.31590253322426","86.19932903922961","86.19932903922961","86.19932903922961"
"215000","72.01500146352072","72.01500146352072","72.01500146352072","73.70498276663263","73.70498276663263","73.70498276663263","77.10503456667254","77.10503456667254","77.10503456667254","82.63976582205329","82.63976582205329","82.63976582205329"
"216000","67.66294988517708","67.66294988517708","67.66294988517708","76.8362692416495","76.8362692416495","76.8362692416495","71.94653381238784","71.94653381238784","71.94653381238784","84.87662333964921","84.87662333964921","84.87662333964921"
"217000","73.39122848977512","73.39122848977512","73.39122848977512","78.2577643276375","78.2577643276375","78.2577643276375","69.51158454880165","69.51158454880165","69.51158454880165","87.0826389610573","87.0826389610573","87.0826389610573"
"218000","80.55263769867742","80.55263769867742","80.55263769867742","73.4058742464765","73.4058742464765","73.4058742464765","81.43035182945712","81.43035182945712","81.43035182945712","85.9012270127301","85.9012270127301","85.9012270127301"
"219000","68.33447199068694","68.33447199068694","68.33447199068694","79.6346090557855","79.6346090557855","79.6346090557855","78.94293854722346","78.94293854722346","78.94293854722346","81.32416878824534","81.32416878824534","81.32416878824534"
"220000","65.03364415075202","65.03364415075202","65.03364415075202","75.77447540710884","75.77447540710884","75.77447540710884","67.63170242059311","67.63170242059311","67.63170242059311","84.97013295821804","84.97013295821804","84.97013295821804"
"221000","79.91800884025292","79.91800884025292","79.91800884025292","71.90938073120749","71.90938073120749","71.90938073120749","82.09742728693054","82.09742728693054","82.09742728693054","83.40867033187871","83.40867033187871","83.40867033187871"
"222000","71.25743455676327","71.25743455676327","71.25743455676327","71.68924876949202","71.68924876949202","71.68924876949202","77.93471839745469","77.93471839745469","77.93471839745469","82.86101409978063","82.86101409978063","82.86101409978063"
"223000","69.33349540929231","69.33349540929231","69.33349540929231","72.73287492015208","72.73287492015208","72.73287492015208","79.8861228405201","79.8861228405201","79.8861228405201","85.82155760728348","85.82155760728348","85.82155760728348"
"224000","75.51394502393448","75.51394502393448","75.51394502393448","68.88436301137509","68.88436301137509","68.88436301137509","82.72363350834635","82.72363350834635","82.72363350834635","86.6548646830109","86.6548646830109","86.6548646830109"
"225000","72.56753083666847","72.56753083666847","72.56753083666847","54.797712348487515","54.797712348487515","54.797712348487515","74.99544707678368","74.99544707678368","74.99544707678368","79.74810510875422","79.74810510875422","79.74810510875422"
"226000","82.5253916907501","82.5253916907501","82.5253916907501","82.96476308469067","82.96476308469067","82.96476308469067","70.6752053284061","70.6752053284061","70.6752053284061","86.28010581739767","86.28010581739767","86.28010581739767"
"227000","66.28436694484708","66.28436694484708","66.28436694484708","76.63905459754893","76.63905459754893","76.63905459754893","77.31319855213353","77.31319855213353","77.31319855213353","76.19773701887702","76.19773701887702","76.19773701887702"
"228000","80.6046294396794","80.6046294396794","80.6046294396794","84.35147122750547","84.35147122750547","84.35147122750547","83.62866176427504","83.62866176427504","83.62866176427504","84.82789275464881","84.82789275464881","84.82789275464881"
"229000","78.39722896200527","78.39722896200527","78.39722896200527","63.50596466738014","63.50596466738014","63.50596466738014","74.08248534853485","74.08248534853485","74.08248534853485","86.24530301466801","86.24530301466801","86.24530301466801"
"230000","75.42927639013263","75.42927639013263","75.42927639013263","77.53171298793349","77.53171298793349","77.53171298793349","72.34832967695117","72.34832967695117","72.34832967695117","83.05173175589061","83.05173175589061","83.05173175589061"
"231000","68.19997197452142","68.19997197452142","68.19997197452142","79.81339276179743","79.81339276179743","79.81339276179743","41.21439289309035","41.21439289309035","41.21439289309035","85.30529441385359","85.30529441385359","85.30529441385359"
"232000","83.09602806896778","83.09602806896778","83.09602806896778","71.66250646459793","71.66250646459793","71.66250646459793","78.54885726452348","78.54885726452348","78.54885726452348","82.15238091565382","82.15238091565382","82.15238091565382"
"233000","72.28570270630041","72.28570270630041","72.28570270630041","73.09288473205164","73.09288473205164","73.09288473205164","86.1470005603434","86.1470005603434","86.1470005603434","80.08789956070667","80.08789956070667","80.08789956070667"
"234000","80.00823359609754","80.00823359609754","80.00823359609754","84.87194048770333","84.87194048770333","84.87194048770333","76.88291435472831","76.88291435472831","76.88291435472831","85.14448016819972","85.14448016819972","85.14448016819972"
"235000","72.11338307679472","72.11338307679472","72.11338307679472","78.75649617736264","78.75649617736264","78.75649617736264","82.60053367224509","82.60053367224509","82.60053367224509","84.96295647988428","84.96295647988428","84.96295647988428"
"236000","75.37704180545414","75.37704180545414","75.37704180545414","82.5569568228992","82.5569568228992","82.5569568228992","57.020446046952685","57.020446046952685","57.020446046952685","70.65105254401736","70.65105254401736","70.65105254401736"
"237000","83.5857605052856","83.5857605052856","83.5857605052856","72.47560241576835","72.47560241576835","72.47560241576835","68.1625466987853","68.1625466987853","68.1625466987853","87.81685715940337","87.81685715940337","87.81685715940337"
"238000","63.15328211925168","63.15328211925168","63.15328211925168","72.87844477109051","72.87844477109051","72.87844477109051","75.34667581360988","75.34667581360988","75.34667581360988","87.3503385780694","87.3503385780694","87.3503385780694"
"239000","60.56448577879083","60.56448577879083","60.56448577879083","65.38464220770676","65.38464220770676","65.38464220770676","81.87760818597641","81.87760818597641","81.87760818597641","83.02363815682763","83.02363815682763","83.02363815682763"
"240000","78.03035064578181","78.03035064578181","78.03035064578181","81.41725952800317","81.41725952800317","81.41725952800317","82.46862490981519","82.46862490981519","82.46862490981519","83.33378963379248","83.33378963379248","83.33378963379248"
"241000","63.31690052507899","63.31690052507899","63.31690052507899","77.11405362714837","77.11405362714837","77.11405362714837","72.42058790573567","72.42058790573567","72.42058790573567","85.39474505756287","85.39474505756287","85.39474505756287"
"242000","74.66385652604104","74.66385652604104","74.66385652604104","80.32596136610228","80.32596136610228","80.32596136610228","80.2214935126738","80.2214935126738","80.2214935126738","85.66568008263317","85.66568008263317","85.66568008263317"
"243000","78.92451858195118","78.92451858195118","78.92451858195118","78.71580742252351","78.71580742252351","78.71580742252351","83.66239349127244","83.66239349127244","83.66239349127244","85.538969343906","85.538969343906","85.538969343906"
"244000","68.86169050130823","68.86169050130823","68.86169050130823","84.85852524793623","84.85852524793623","84.85852524793623","44.5048683696191","44.5048683696191","44.5048683696191","82.84728856633052","82.84728856633052","82.84728856633052"
"245000","80.89266965376297","80.89266965376297","80.89266965376297","79.87782554234302","79.87782554234302","79.87782554234302","72.30211401082818","72.30211401082818","72.30211401082818","86.75527877821689","86.75527877821689","86.75527877821689"
"246000","63.2699882547929","63.2699882547929","63.2699882547929","81.12743361233386","81.12743361233386","81.12743361233386","79.663978019793","79.663978019793","79.663978019793","82.90413724214766","82.90413724214766","82.90413724214766"
"247000","78.52177639016327","78.52177639016327","78.52177639016327","77.53324912584159","77.53324912584159","77.53324912584159","81.7654522241178","81.7654522241178","81.7654522241178","85.3372929565561","85.3372929565561","85.3372929565561"
"248000","80.65889467622112","80.65889467622112","80.65889467622112","76.97226288625627","76.97226288625627","76.97226288625627","72.19736197402271","72.19736197402271","72.19736197402271","83.43928841113251","83.43928841113251","83.43928841113251"
"249000","82.19832176377112","82.19832176377112","82.19832176377112","68.3646471982455","68.3646471982455","68.3646471982455","72.89180608247936","72.89180608247936","72.89180608247936","84.49572227340406","84.49572227340406","84.49572227340406"
"250000","74.56823669921863","74.56823669921863","74.56823669921863","75.37266335892528","75.37266335892528","75.37266335892528","73.73309831639847","73.73309831639847","73.73309831639847","84.77295080314255","84.77295080314255","84.77295080314255"
"251000","79.39943501758847","79.39943501758847","79.39943501758847","79.6278407346982","79.6278407346982","79.6278407346982","63.981832933152724","63.981832933152724","63.981832933152724","85.53467824780063","85.53467824780063","85.53467824780063"
"252000","65.57532160709468","65.57532160709468","65.57532160709468","72.80780153014874","72.80780153014874","72.80780153014874","69.65839264110731","69.65839264110731","69.65839264110731","78.56460432537591","78.56460432537591","78.56460432537591"
"253000","79.86261435241191","79.86261435241191","79.86261435241191","82.93467168158716","82.93467168158716","82.93467168158716","70.59813960773545","70.59813960773545","70.59813960773545","85.17166055058732","85.17166055058732","85.17166055058732"
"254000","78.88470496362268","78.88470496362268","78.88470496362268","76.90674862335","76.90674862335","76.90674862335","70.47415726837642","70.47415726837642","70.47415726837642","76.50758127434877","76.50758127434877","76.50758127434877"
"255000","74.19570622138514","74.19570622138514","74.19570622138514","76.21475711727066","76.21475711727066","76.21475711727066","75.69835097702541","75.69835097702541","75.69835097702541","73.88485777040435","73.88485777040435","73.88485777040435"
"256000","84.0682215468587","84.0682215468587","84.0682215468587","76.87906528149324","76.87906528149324","76.87906528149324","80.52210623847007","80.52210623847007","80.52210623847007","82.7602552647588","82.7602552647588","82.7602552647588"
"257000","81.07095839673522","81.07095839673522","81.07095839673522","86.13160162645254","86.13160162645254","86.13160162645254","70.83489196827742","70.83489196827742","70.83489196827742","85.05099008759267","85.05099008759267","85.05099008759267"
"258000","72.59887998687796","72.59887998687796","72.59887998687796","80.70836022013907","80.70836022013907","80.70836022013907","68.03036480929028","68.03036480929028","68.03036480929028","82.64165869759198","82.64165869759198","82.64165869759198"
"259000","67.4440907036318","67.4440907036318","67.4440907036318","80.5390718760383","80.5390718760383","80.5390718760383","76.52178727111111","76.52178727111111","76.52178727111111","84.8336517191867","84.8336517191867","84.8336517191867"
"260000","73.15571517328733","73.15571517328733","73.15571517328733","77.58917171143842","77.58917171143842","77.58917171143842","74.33912158763908","74.33912158763908","74.33912158763908","84.19288034427805","84.19288034427805","84.19288034427805"
"261000","73.7491257008034","73.7491257008034","73.7491257008034","69.84356981206594","69.84356981206594","69.84356981206594","80.96231025571709","80.96231025571709","80.96231025571709","82.40794922213396","82.40794922213396","82.40794922213396"
"262000","67.99678132120845","67.99678132120845","67.99678132120845","82.17406301179001","82.17406301179001","82.17406301179001","70.42004964837702","70.42004964837702","70.42004964837702","86.65755862540156","86.65755862540156","86.65755862540156"
"263000","62.20040579774284","62.20040579774284","62.20040579774284","74.71181647686042","74.71181647686042","74.71181647686042","71.62783918979582","71.62783918979582","71.62783918979582","79.94232900568736","79.94232900568736","79.94232900568736"
"264000","81.29258401856355","81.29258401856355","81.29258401856355","72.9188595047437","72.9188595047437","72.9188595047437","82.83286983166194","82.83286983166194","82.83286983166194","83.19370715433288","83.19370715433288","83.19370715433288"
"265000","79.96167318254138","79.96167318254138","79.96167318254138","81.94942367254106","81.94942367254106","81.94942367254106","82.05790602594043","82.05790602594043","82.05790602594043","85.4783501364097","85.4783501364097","85.4783501364097"
"266000","81.33777916948696","81.33777916948696","81.33777916948696","80.93658493689132","80.93658493689132","80.93658493689132","81.75395076368127","81.75395076368127","81.75395076368127","81.9513737060036","81.9513737060036","81.9513737060036"
"267000","76.56218622568336","76.56218622568336","76.56218622568336","85.28300821791063","85.28300821791063","85.28300821791063","73.31459468579908","73.31459468579908","73.31459468579908","82.9263888856098","82.9263888856098","82.9263888856098"
"268000","64.15617816912851","64.15617816912851","64.15617816912851","83.75591777096628","83.75591777096628","83.75591777096628","72.13456454833963","72.13456454833963","72.13456454833963","83.53060435338323","83.53060435338323","83.53060435338323"
"269000","75.64545516229107","75.64545516229107","75.64545516229107","73.63282848994555","73.63282848994555","73.63282848994555","68.70799494866388","68.70799494866388","68.70799494866388","77.10109016311267","77.10109016311267","77.10109016311267"
"270000","72.69377448894846","72.69377448894846","72.69377448894846","77.02140511974031","77.02140511974031","77.02140511974031","71.62487446391773","71.62487446391773","71.62487446391773","77.7209154057288","77.7209154057288","77.7209154057288"
"271000","78.59692962229894","78.59692962229894","78.59692962229894","77.22005094172853","77.22005094172853","77.22005094172853","83.26998083240547","83.26998083240547","83.26998083240547","84.23428462255207","84.23428462255207","84.23428462255207"
"272000","78.22590805346219","78.22590805346219","78.22590805346219","70.67302143803686","70.67302143803686","70.67302143803686","65.93088821322834","65.93088821322834","65.93088821322834","85.4346038341251","85.4346038341251","85.4346038341251"
"273000","74.21665712013234","74.21665712013234","74.21665712013234","76.9150654495477","76.9150654495477","76.9150654495477","79.77677072978024","79.77677072978024","79.77677072978024","77.2891864290852","77.2891864290852","77.2891864290852"
"274000","83.95998698113196","83.95998698113196","83.95998698113196","77.66391317737613","77.66391317737613","77.66391317737613","76.39493541221792","76.39493541221792","76.39493541221792","84.87971045732895","84.87971045732895","84.87971045732895"
"275000","82.05796346436625","82.05796346436625","82.05796346436625","78.76543169905315","78.76543169905315","78.76543169905315","80.37916385252247","80.37916385252247","80.37916385252247","85.88435564228742","85.88435564228742","85.88435564228742"
"276000","85.66671995809735","85.66671995809735","85.66671995809735","82.25573264841988","82.25573264841988","82.25573264841988","61.288379947828176","61.288379947828176","61.288379947828176","78.84713153812008","78.84713153812008","78.84713153812008"
"277000","66.03144504157082","66.03144504157082","66.03144504157082","72.50500342126814","72.50500342126814","72.50500342126814","84.21489307331592","84.21489307331592","84.21489307331592","84.84352798101025","84.84352798101025","84.84352798101025"
"278000","79.66925688772496","79.66925688772496","79.66925688772496","82.58039396819821","82.58039396819821","82.58039396819821","84.15878362244995","84.15878362244995","84.15878362244995","83.90196637167266","83.90196637167266","83.90196637167266"
"279000","84.03843601314254","84.03843601314254","84.03843601314254","84.7570039606178","84.7570039606178","84.7570039606178","62.797785559871144","62.797785559871144","62.797785559871144","81.32761117852912","81.32761117852912","81.32761117852912"
"280000","84.1498132155274","84.1498132155274","84.1498132155274","84.68079503301105","84.68079503301105","84.68079503301105","75.51256981928017","75.51256981928017","75.51256981928017","82.82980877152937","82.82980877152937","82.82980877152937"
"281000","82.84342110777845","82.84342110777845","82.84342110777845","79.34279588669355","79.34279588669355","79.34279588669355","66.32066910118935","66.32066910118935","66.32066910118935","86.97992937315951","86.97992937315951","86.97992937315951"
"282000","71.16896064674528","71.16896064674528","71.16896064674528","79.46868878610978","79.46868878610978","79.46868878610978","71.81073612549517","71.81073612549517","71.81073612549517","82.31893816117396","82.31893816117396","82.31893816117396"
"283000","79.51711050557888","79.51711050557888","79.51711050557888","75.0365543876819","75.0365543876819","75.0365543876819","81.11013028212601","81.11013028212601","81.11013028212601","76.26950317287286","76.26950317287286","76.26950317287286"
"284000","80.94362949786549","80.94362949786549","80.94362949786549","77.79848777386925","77.79848777386925","77.79848777386925","82.56258802923088","82.56258802923088","82.56258802923088","85.4463163358777","85.4463163358777","85.4463163358777"
"285000","80.76150369374969","80.76150369374969","80.76150369374969","76.1944365356247","76.1944365356247","76.1944365356247","77.78250278104039","77.78250278104039","77.78250278104039","87.26464415055821","87.26464415055821","87.26464415055821"
"286000","78.17006481343786","78.17006481343786","78.17006481343786","83.48354668117676","83.48354668117676","83.48354668117676","79.64369052957659","79.64369052957659","79.64369052957659","85.2591382583815","85.2591382583815","85.2591382583815"
"287000","72.05517906656199","72.05517906656199","72.05517906656199","74.3978812764422","74.3978812764422","74.3978812764422","67.64475295310227","67.64475295310227","67.64475295310227","82.50050379949704","82.50050379949704","82.50050379949704"
"288000","77.74433269334595","77.74433269334595","77.74433269334595","65.99506168205093","65.99506168205093","65.99506168205093","74.89838611669182","74.89838611669182","74.89838611669182","79.16252897902723","79.16252897902723","79.16252897902723"
"289000","73.81019183593837","73.81019183593837","73.81019183593837","81.70970160740602","81.70970160740602","81.70970160740602","73.13831878290726","73.13831878290726","73.13831878290726","87.85547167860615","87.85547167860615","87.85547167860615"
"290000","65.57277111793934","65.57277111793934","65.57277111793934","76.71250726644998","76.71250726644998","76.71250726644998","82.72876909303983","82.72876909303983","82.72876909303983","86.3607759859477","86.3607759859477","86.3607759859477"
"291000","77.58341331629424","77.58341331629424","77.58341331629424","84.95390220795885","84.95390220795885","84.95390220795885","78.72882243724796","78.72882243724796","78.72882243724796","85.60168230380482","85.60168230380482","85.60168230380482"
"292000","84.613143766973","84.613143766973","84.613143766973","83.74299117193962","83.74299117193962","83.74299117193962","77.08903524630539","77.08903524630539","77.08903524630539","85.96532741238407","85.96532741238407","85.96532741238407"
"293000","73.82941997814085","73.82941997814085","73.82941997814085","85.02087436544589","85.02087436544589","85.02087436544589","78.92789910114145","78.92789910114145","78.92789910114145","84.23214174337336","84.23214174337336","84.23214174337336"
"294000","77.97149752116907","77.97149752116907","77.97149752116907","61.30327245134192","61.30327245134192","61.30327245134192","74.43637767234668","74.43637767234668","74.43637767234668","85.98609842084738","85.98609842084738","85.98609842084738"
"295000","82.38823739163811","82.38823739163811","82.38823739163811","79.68970655285574","79.68970655285574","79.68970655285574","69.64682151166458","69.64682151166458","69.64682151166458","84.4760085237929","84.4760085237929","84.4760085237929"
"296000","74.31578888019804","74.31578888019804","74.31578888019804","85.53004751505449","85.53004751505449","85.53004751505449","75.18768221185391","75.18768221185391","75.18768221185391","86.50396107320144","86.50396107320144","86.50396107320144"
"297000","80.66441585261627","80.66441585261627","80.66441585261627","78.36772539003674","78.36772539003674","78.36772539003674","70.91350818921401","70.91350818921401","70.91350818921401","77.51949063877076","77.51949063877076","77.51949063877076"
"298000","83.1800215516203","83.1800215516203","83.1800215516203","87.86642859081435","87.86642859081435","87.86642859081435","73.29015343158285","73.29015343158285","73.29015343158285","84.7391798048218","84.7391798048218","84.7391798048218"
"299000","78.73336116852958","78.73336116852958","78.73336116852958","85.48318688387062","85.48318688387062","85.48318688387062","78.8704651315553","78.8704651315553","78.8704651315553","79.11278550443281","79.11278550443281","79.11278550443281"
"300000","85.43780735238515","85.43780735238515","85.43780735238515","75.37652183704073","75.37652183704073","75.37652183704073","72.11420723750825","72.11420723750825","72.11420723750825","85.78950639881793","85.78950639881793","85.78950639881793"