"Step","ProdTD3HCAC2 - d4rl_normalized_score","ProdTD3HCAC2 - d4rl_normalized_score__MIN","ProdTD3HCAC2 - d4rl_normalized_score__MAX","ProdTD3HCAC1 - d4rl_normalized_score","ProdTD3HCAC1 - d4rl_normalized_score__MIN","ProdTD3HCAC1 - d4rl_normalized_score__MAX","ProdTD3HCAC0 - d4rl_normalized_score","ProdTD3HCAC0 - d4rl_normalized_score__MIN","ProdTD3HCAC0 - d4rl_normalized_score__MAX"
"1000","35.58727659188365","35.58727659188365","35.58727659188365","36.38060875698771","36.38060875698771","36.38060875698771","30.291008824641796","30.291008824641796","30.291008824641796"
"2000","40.67017477941","40.67017477941","40.67017477941","42.359329434614814","42.359329434614814","42.359329434614814","42.76982333740864","42.76982333740864","42.76982333740864"
"3000","40.322011203491904","40.322011203491904","40.322011203491904","38.61793229547422","38.61793229547422","38.61793229547422","42.49151835650333","42.49151835650333","42.49151835650333"
"4000","41.47598096291614","41.47598096291614","41.47598096291614","42.112147407774174","42.112147407774174","42.112147407774174","43.098650735253564","43.098650735253564","43.098650735253564"
"5000","37.44221804567769","37.44221804567769","37.44221804567769","40.41227370871831","40.41227370871831","40.41227370871831","42.94666899211009","42.94666899211009","42.94666899211009"
"6000","42.751802190760365","42.751802190760365","42.751802190760365","42.37942733901833","42.37942733901833","42.37942733901833","33.856345685694684","33.856345685694684","33.856345685694684"
"7000","39.37626145154115","39.37626145154115","39.37626145154115","42.72829580240505","42.72829580240505","42.72829580240505","42.75883541724995","42.75883541724995","42.75883541724995"
"8000","40.0460373436011","40.0460373436011","40.0460373436011","39.84532605570821","39.84532605570821","39.84532605570821","37.925525258877","37.925525258877","37.925525258877"
"9000","42.51085904073605","42.51085904073605","42.51085904073605","36.83774586885883","36.83774586885883","36.83774586885883","38.52265472239068","38.52265472239068","38.52265472239068"
"10000","42.792483026649215","42.792483026649215","42.792483026649215","42.02850372903522","42.02850372903522","42.02850372903522","42.649355049478","42.649355049478","42.649355049478"
"11000","42.77835247161166","42.77835247161166","42.77835247161166","42.438710964277185","42.438710964277185","42.438710964277185","42.920084809895044","42.920084809895044","42.920084809895044"
"12000","42.25722560401174","42.25722560401174","42.25722560401174","42.744166830277","42.744166830277","42.744166830277","39.78142879367734","39.78142879367734","39.78142879367734"
"13000","42.30726389004421","42.30726389004421","42.30726389004421","42.026701639763616","42.026701639763616","42.026701639763616","39.764684258169176","39.764684258169176","39.764684258169176"
"14000","33.611896193303565","33.611896193303565","33.611896193303565","41.83412407368351","41.83412407368351","41.83412407368351","42.05999444437214","42.05999444437214","42.05999444437214"
"15000","43.02200055765183","43.02200055765183","43.02200055765183","42.759247663287084","42.759247663287084","42.759247663287084","42.722996732872254","42.722996732872254","42.722996732872254"
"16000","39.479967509336774","39.479967509336774","39.479967509336774","41.92167342371033","41.92167342371033","41.92167342371033","36.98077423076719","36.98077423076719","36.98077423076719"
"17000","39.40367786742113","39.40367786742113","39.40367786742113","42.45696858189867","42.45696858189867","42.45696858189867","41.602656017753596","41.602656017753596","41.602656017753596"
"18000","40.748037723145394","40.748037723145394","40.748037723145394","42.87601857007443","42.87601857007443","42.87601857007443","40.3324377532586","40.3324377532586","40.3324377532586"
"19000","40.53049590350126","40.53049590350126","40.53049590350126","37.92006903900859","37.92006903900859","37.92006903900859","35.627599727224215","35.627599727224215","35.627599727224215"
"20000","42.731543929544046","42.731543929544046","42.731543929544046","42.13677555594896","42.13677555594896","42.13677555594896","42.057638775574944","42.057638775574944","42.057638775574944"
"21000","42.38234933416741","42.38234933416741","42.38234933416741","38.59864259968381","38.59864259968381","38.59864259968381","33.41227519262602","33.41227519262602","33.41227519262602"
"22000","41.69990269238316","41.69990269238316","41.69990269238316","41.97485594014289","41.97485594014289","41.97485594014289","35.92777173232472","35.92777173232472","35.92777173232472"
"23000","41.02055715028374","41.02055715028374","41.02055715028374","40.72807498932479","40.72807498932479","40.72807498932479","39.36473160302387","39.36473160302387","39.36473160302387"
"24000","42.25041304858046","42.25041304858046","42.25041304858046","37.46108516165229","37.46108516165229","37.46108516165229","42.37969115060372","42.37969115060372","42.37969115060372"
"25000","39.96987454808227","39.96987454808227","39.96987454808227","29.20717355975872","29.20717355975872","29.20717355975872","17.017546223903967","17.017546223903967","17.017546223903967"
"26000","39.03294442822899","39.03294442822899","39.03294442822899","37.156730771178985","37.156730771178985","37.156730771178985","42.34585055034497","42.34585055034497","42.34585055034497"
"27000","41.48940980103376","41.48940980103376","41.48940980103376","40.90360125145646","40.90360125145646","40.90360125145646","37.61581355615785","37.61581355615785","37.61581355615785"
"28000","33.8664980268024","33.8664980268024","33.8664980268024","40.70032733362448","40.70032733362448","40.70032733362448","39.85689024614481","39.85689024614481","39.85689024614481"
"29000","40.65194353950968","40.65194353950968","40.65194353950968","41.736975435129985","41.736975435129985","41.736975435129985","41.389345740191","41.389345740191","41.389345740191"
"30000","40.7283792999453","40.7283792999453","40.7283792999453","37.40517430507433","37.40517430507433","37.40517430507433","40.963777506663746","40.963777506663746","40.963777506663746"
"31000","40.2812149283054","40.2812149283054","40.2812149283054","39.485796853996916","39.485796853996916","39.485796853996916","41.655613708665165","41.655613708665165","41.655613708665165"
"32000","42.59817889045572","42.59817889045572","42.59817889045572","39.67932668834461","39.67932668834461","39.67932668834461","41.10700144243528","41.10700144243528","41.10700144243528"
"33000","40.12687030681759","40.12687030681759","40.12687030681759","39.13759089808831","39.13759089808831","39.13759089808831","41.76677340449168","41.76677340449168","41.76677340449168"
"34000","39.88657919465946","39.88657919465946","39.88657919465946","40.207352957920634","40.207352957920634","40.207352957920634","42.94592272128481","42.94592272128481","42.94592272128481"
"35000","41.61303390593287","41.61303390593287","41.61303390593287","33.964991543209756","33.964991543209756","33.964991543209756","42.434436054393615","42.434436054393615","42.434436054393615"
"36000","40.65048561383059","40.65048561383059","40.65048561383059","42.48741198080982","42.48741198080982","42.48741198080982","40.70931742483654","40.70931742483654","40.70931742483654"
"37000","41.084952430211544","41.084952430211544","41.084952430211544","41.73127052043076","41.73127052043076","41.73127052043076","37.36637618222456","37.36637618222456","37.36637618222456"
"38000","42.316837328804354","42.316837328804354","42.316837328804354","42.44928924526627","42.44928924526627","42.44928924526627","42.06820339916645","42.06820339916645","42.06820339916645"
"39000","39.89798058397057","39.89798058397057","39.89798058397057","41.92152595193409","41.92152595193409","41.92152595193409","42.983760971250526","42.983760971250526","42.983760971250526"
"40000","42.9010453340083","42.9010453340083","42.9010453340083","41.29270452401069","41.29270452401069","41.29270452401069","39.734168865501914","39.734168865501914","39.734168865501914"
"41000","40.843867183949186","40.843867183949186","40.843867183949186","42.15677333709129","42.15677333709129","42.15677333709129","42.54707443150101","42.54707443150101","42.54707443150101"
"42000","43.008106470369135","43.008106470369135","43.008106470369135","40.54367906316946","40.54367906316946","40.54367906316946","43.30443066265094","43.30443066265094","43.30443066265094"
"43000","43.0924706135081","43.0924706135081","43.0924706135081","43.364955321553495","43.364955321553495","43.364955321553495","44.12963796593532","44.12963796593532","44.12963796593532"
"44000","38.81720220080446","38.81720220080446","38.81720220080446","43.48842295398113","43.48842295398113","43.48842295398113","39.87080162608268","39.87080162608268","39.87080162608268"
"45000","43.07304781113419","43.07304781113419","43.07304781113419","42.44141044938996","42.44141044938996","42.44141044938996","44.15084869641357","44.15084869641357","44.15084869641357"
"46000","43.257848830805486","43.257848830805486","43.257848830805486","43.108023408856795","43.108023408856795","43.108023408856795","39.88003768869655","39.88003768869655","39.88003768869655"
"47000","43.13046293334576","43.13046293334576","43.13046293334576","41.574393319884365","41.574393319884365","41.574393319884365","43.25822245966314","43.25822245966314","43.25822245966314"
"48000","41.80289247671362","41.80289247671362","41.80289247671362","43.22833793053654","43.22833793053654","43.22833793053654","42.314071864798144","42.314071864798144","42.314071864798144"
"49000","43.44052241422085","43.44052241422085","43.44052241422085","43.076531344189014","43.076531344189014","43.076531344189014","44.315664361488224","44.315664361488224","44.315664361488224"
"50000","44.09507094025349","44.09507094025349","44.09507094025349","43.309988058211054","43.309988058211054","43.309988058211054","42.99718268345184","42.99718268345184","42.99718268345184"
"51000","44.10227593395161","44.10227593395161","44.10227593395161","41.448538740899956","41.448538740899956","41.448538740899956","43.98014084579372","43.98014084579372","43.98014084579372"
"52000","44.251383128353964","44.251383128353964","44.251383128353964","43.779776052255336","43.779776052255336","43.779776052255336","44.04196581393857","44.04196581393857","44.04196581393857"
"53000","44.298984932128334","44.298984932128334","44.298984932128334","43.369597205494706","43.369597205494706","43.369597205494706","44.475441857836294","44.475441857836294","44.475441857836294"
"54000","41.73593034236954","41.73593034236954","41.73593034236954","43.66068548436823","43.66068548436823","43.66068548436823","43.40663557373189","43.40663557373189","43.40663557373189"
"55000","39.996423214735096","39.996423214735096","39.996423214735096","38.95278597294152","38.95278597294152","38.95278597294152","45.013372546491546","45.013372546491546","45.013372546491546"
"56000","44.79191864396855","44.79191864396855","44.79191864396855","44.31520976090073","44.31520976090073","44.31520976090073","42.11407079899219","42.11407079899219","42.11407079899219"
"57000","42.358667332516994","42.358667332516994","42.358667332516994","44.54865742725834","44.54865742725834","44.54865742725834","45.31712412389726","45.31712412389726","45.31712412389726"
"58000","44.85514201004746","44.85514201004746","44.85514201004746","44.39088075595009","44.39088075595009","44.39088075595009","44.73662745705034","44.73662745705034","44.73662745705034"
"59000","38.54587220876992","38.54587220876992","38.54587220876992","44.670637178472035","44.670637178472035","44.670637178472035","44.42573095959763","44.42573095959763","44.42573095959763"
"60000","44.551754193980194","44.551754193980194","44.551754193980194","44.363175620350276","44.363175620350276","44.363175620350276","45.021834338157866","45.021834338157866","45.021834338157866"
"61000","44.181824614011894","44.181824614011894","44.181824614011894","45.7994443359898","45.7994443359898","45.7994443359898","44.492937338243415","44.492937338243415","44.492937338243415"
"62000","45.32460224588368","45.32460224588368","45.32460224588368","44.964882880198985","44.964882880198985","44.964882880198985","45.57021816443317","45.57021816443317","45.57021816443317"
"63000","44.823938845656954","44.823938845656954","44.823938845656954","45.312169661658494","45.312169661658494","45.312169661658494","44.91629336377403","44.91629336377403","44.91629336377403"
"64000","45.006067444783206","45.006067444783206","45.006067444783206","45.44221055446596","45.44221055446596","45.44221055446596","45.1763922559628","45.1763922559628","45.1763922559628"
"65000","44.746777156692055","44.746777156692055","44.746777156692055","45.05032713928162","45.05032713928162","45.05032713928162","45.58203638023856","45.58203638023856","45.58203638023856"
"66000","45.63066857670136","45.63066857670136","45.63066857670136","44.74256250490134","44.74256250490134","44.74256250490134","45.55907900474116","45.55907900474116","45.55907900474116"
"67000","45.418113847602285","45.418113847602285","45.418113847602285","45.50305290661005","45.50305290661005","45.50305290661005","45.707170506794334","45.707170506794334","45.707170506794334"
"68000","45.13277304864927","45.13277304864927","45.13277304864927","44.860601103755876","44.860601103755876","44.860601103755876","45.134968682050484","45.134968682050484","45.134968682050484"
"69000","45.6576712172648","45.6576712172648","45.6576712172648","45.26654741847855","45.26654741847855","45.26654741847855","45.084675116646636","45.084675116646636","45.084675116646636"
"70000","45.43764213553387","45.43764213553387","45.43764213553387","44.862254334533745","44.862254334533745","44.862254334533745","46.25720064575581","46.25720064575581","46.25720064575581"
"71000","45.73927631306557","45.73927631306557","45.73927631306557","45.80557938999709","45.80557938999709","45.80557938999709","44.96214380026588","44.96214380026588","44.96214380026588"
"72000","45.61562197947563","45.61562197947563","45.61562197947563","45.28435999820713","45.28435999820713","45.28435999820713","45.185575674924934","45.185575674924934","45.185575674924934"
"73000","45.90294062047299","45.90294062047299","45.90294062047299","45.65098897938588","45.65098897938588","45.65098897938588","45.10418732061226","45.10418732061226","45.10418732061226"
"74000","45.418615552941404","45.418615552941404","45.418615552941404","45.73663476966556","45.73663476966556","45.73663476966556","45.68040517031117","45.68040517031117","45.68040517031117"
"75000","45.88927360691985","45.88927360691985","45.88927360691985","45.46995182151621","45.46995182151621","45.46995182151621","45.818669611444506","45.818669611444506","45.818669611444506"
"76000","45.92096268524192","45.92096268524192","45.92096268524192","45.60297284652723","45.60297284652723","45.60297284652723","45.10443869137365","45.10443869137365","45.10443869137365"
"77000","45.884325703951426","45.884325703951426","45.884325703951426","45.34578516448817","45.34578516448817","45.34578516448817","45.679021960973955","45.679021960973955","45.679021960973955"
"78000","46.072224319806296","46.072224319806296","46.072224319806296","45.92131165757837","45.92131165757837","45.92131165757837","46.03749382892553","46.03749382892553","46.03749382892553"
"79000","41.45642611945545","41.45642611945545","41.45642611945545","45.40287628161335","45.40287628161335","45.40287628161335","46.072489021093936","46.072489021093936","46.072489021093936"
"80000","46.449281626566716","46.449281626566716","46.449281626566716","46.24792858064908","46.24792858064908","46.24792858064908","46.34409832990306","46.34409832990306","46.34409832990306"
"81000","45.97914570049305","45.97914570049305","45.97914570049305","45.26986701882429","45.26986701882429","45.26986701882429","45.75453734083974","45.75453734083974","45.75453734083974"
"82000","46.656899810928024","46.656899810928024","46.656899810928024","45.7557264313828","45.7557264313828","45.7557264313828","45.69649578358664","45.69649578358664","45.69649578358664"
"83000","46.29314447656011","46.29314447656011","46.29314447656011","46.13723052024607","46.13723052024607","46.13723052024607","45.61336133753634","45.61336133753634","45.61336133753634"
"84000","46.520485939231435","46.520485939231435","46.520485939231435","46.61469075876758","46.61469075876758","46.61469075876758","46.12587187854157","46.12587187854157","46.12587187854157"
"85000","46.12972471345756","46.12972471345756","46.12972471345756","45.06283191194838","45.06283191194838","45.06283191194838","45.54784024525593","45.54784024525593","45.54784024525593"
"86000","46.284997418980694","46.284997418980694","46.284997418980694","46.18369767440457","46.18369767440457","46.18369767440457","45.581420387461755","45.581420387461755","45.581420387461755"
"87000","46.34519584881922","46.34519584881922","46.34519584881922","45.52669247672681","45.52669247672681","45.52669247672681","45.37248183038972","45.37248183038972","45.37248183038972"
"88000","46.81979826516176","46.81979826516176","46.81979826516176","45.31046297825056","45.31046297825056","45.31046297825056","46.042740300109","46.042740300109","46.042740300109"
"89000","46.17802565640706","46.17802565640706","46.17802565640706","45.88550188042627","45.88550188042627","45.88550188042627","45.76264352436005","45.76264352436005","45.76264352436005"
"90000","46.05440382945885","46.05440382945885","46.05440382945885","44.94191006337092","44.94191006337092","44.94191006337092","45.88180870534108","45.88180870534108","45.88180870534108"
"91000","46.00868625530003","46.00868625530003","46.00868625530003","45.39390651129166","45.39390651129166","45.39390651129166","45.90292136634336","45.90292136634336","45.90292136634336"
"92000","46.597005651273484","46.597005651273484","46.597005651273484","45.69098101605428","45.69098101605428","45.69098101605428","46.39382694433536","46.39382694433536","46.39382694433536"
"93000","46.22004915632244","46.22004915632244","46.22004915632244","45.48585040859267","45.48585040859267","45.48585040859267","45.43644930731237","45.43644930731237","45.43644930731237"
"94000","45.77171734595284","45.77171734595284","45.77171734595284","45.496954445147914","45.496954445147914","45.496954445147914","45.12015159677054","45.12015159677054","45.12015159677054"
"95000","46.5141670601033","46.5141670601033","46.5141670601033","46.86758581208089","46.86758581208089","46.86758581208089","45.10984359775588","45.10984359775588","45.10984359775588"
"96000","46.54932736300635","46.54932736300635","46.54932736300635","46.118750727978615","46.118750727978615","46.118750727978615","45.63153173681169","45.63153173681169","45.63153173681169"
"97000","46.407668969718486","46.407668969718486","46.407668969718486","46.20420122732728","46.20420122732728","46.20420122732728","45.874546061621984","45.874546061621984","45.874546061621984"
"98000","46.08396556300484","46.08396556300484","46.08396556300484","46.43991126932209","46.43991126932209","46.43991126932209","45.78821803903588","45.78821803903588","45.78821803903588"
"99000","46.45481555546484","46.45481555546484","46.45481555546484","45.07565932663967","45.07565932663967","45.07565932663967","46.92679201147829","46.92679201147829","46.92679201147829"
"100000","46.2034063107232","46.2034063107232","46.2034063107232","45.60396841347127","45.60396841347127","45.60396841347127","46.288364256668615","46.288364256668615","46.288364256668615"
"101000","46.13295548404072","46.13295548404072","46.13295548404072","44.95432821120266","44.95432821120266","44.95432821120266","45.4320787920204","45.4320787920204","45.4320787920204"
"102000","46.47768280847856","46.47768280847856","46.47768280847856","45.68275927638822","45.68275927638822","45.68275927638822","46.77862699823695","46.77862699823695","46.77862699823695"
"103000","46.13223208387229","46.13223208387229","46.13223208387229","45.33270040444648","45.33270040444648","45.33270040444648","45.234592031052856","45.234592031052856","45.234592031052856"
"104000","45.800262653932926","45.800262653932926","45.800262653932926","45.16464635080038","45.16464635080038","45.16464635080038","46.01909547109761","46.01909547109761","46.01909547109761"
"105000","47.107026193220214","47.107026193220214","47.107026193220214","45.25993165829743","45.25993165829743","45.25993165829743","46.05031455528814","46.05031455528814","46.05031455528814"
"106000","45.874317743764266","45.874317743764266","45.874317743764266","46.13234739352238","46.13234739352238","46.13234739352238","44.992522976920554","44.992522976920554","44.992522976920554"
"107000","46.471465977283025","46.471465977283025","46.471465977283025","45.816069579712234","45.816069579712234","45.816069579712234","45.83901684543028","45.83901684543028","45.83901684543028"
"108000","45.90316400577259","45.90316400577259","45.90316400577259","45.91291544642928","45.91291544642928","45.91291544642928","45.86719875552304","45.86719875552304","45.86719875552304"
"109000","46.28287803737355","46.28287803737355","46.28287803737355","45.01403301331213","45.01403301331213","45.01403301331213","46.50235853254328","46.50235853254328","46.50235853254328"
"110000","45.86850611058084","45.86850611058084","45.86850611058084","46.26740361358947","46.26740361358947","46.26740361358947","45.25844273434671","45.25844273434671","45.25844273434671"
"111000","46.16390939853462","46.16390939853462","46.16390939853462","44.30405475106507","44.30405475106507","44.30405475106507","46.44172637308265","46.44172637308265","46.44172637308265"
"112000","46.83295782156359","46.83295782156359","46.83295782156359","46.18436410098546","46.18436410098546","46.18436410098546","45.39783030922438","45.39783030922438","45.39783030922438"
"113000","46.553935440467534","46.553935440467534","46.553935440467534","46.155260253263904","46.155260253263904","46.155260253263904","46.396712901355315","46.396712901355315","46.396712901355315"
"114000","46.262167337420784","46.262167337420784","46.262167337420784","45.97128348961987","45.97128348961987","45.97128348961987","45.62114362507374","45.62114362507374","45.62114362507374"
"115000","45.97368251990815","45.97368251990815","45.97368251990815","45.471216896627524","45.471216896627524","45.471216896627524","46.02016801521624","46.02016801521624","46.02016801521624"
"116000","47.21244736722809","47.21244736722809","47.21244736722809","45.21002307024528","45.21002307024528","45.21002307024528","46.811039893585786","46.811039893585786","46.811039893585786"
"117000","46.4594184197952","46.4594184197952","46.4594184197952","46.1660352074722","46.1660352074722","46.1660352074722","46.17933267676339","46.17933267676339","46.17933267676339"
"118000","45.752295571148096","45.752295571148096","45.752295571148096","45.32738683457095","45.32738683457095","45.32738683457095","46.73770022054838","46.73770022054838","46.73770022054838"
"119000","45.61817595838048","45.61817595838048","45.61817595838048","46.097127910340326","46.097127910340326","46.097127910340326","46.30159492086912","46.30159492086912","46.30159492086912"
"120000","45.70977756499215","45.70977756499215","45.70977756499215","46.290734475603536","46.290734475603536","46.290734475603536","47.092279728839564","47.092279728839564","47.092279728839564"
"121000","46.21441745024765","46.21441745024765","46.21441745024765","46.116792042874444","46.116792042874444","46.116792042874444","46.214312723262736","46.214312723262736","46.214312723262736"
"122000","47.25031847162435","47.25031847162435","47.25031847162435","45.88041341466712","45.88041341466712","45.88041341466712","47.37862311834162","47.37862311834162","47.37862311834162"
"123000","46.269931437175764","46.269931437175764","46.269931437175764","45.133690236473065","45.133690236473065","45.133690236473065","45.75766893872023","45.75766893872023","45.75766893872023"
"124000","47.50529609842516","47.50529609842516","47.50529609842516","45.95774079890064","45.95774079890064","45.95774079890064","46.56102455658386","46.56102455658386","46.56102455658386"
"125000","47.10518580505645","47.10518580505645","47.10518580505645","46.06342795534555","46.06342795534555","46.06342795534555","46.23021753992235","46.23021753992235","46.23021753992235"
"126000","46.36674312258217","46.36674312258217","46.36674312258217","46.004478257593505","46.004478257593505","46.004478257593505","45.42967522525297","45.42967522525297","45.42967522525297"
"127000","46.92764265159369","46.92764265159369","46.92764265159369","45.88783555745817","45.88783555745817","45.88783555745817","46.07123721170168","46.07123721170168","46.07123721170168"
"128000","47.0042120122116","47.0042120122116","47.0042120122116","46.4060108815421","46.4060108815421","46.4060108815421","47.4677834224387","47.4677834224387","47.4677834224387"
"129000","46.189832444596","46.189832444596","46.189832444596","46.218304492903684","46.218304492903684","46.218304492903684","46.148721822683996","46.148721822683996","46.148721822683996"
"130000","46.793003396829114","46.793003396829114","46.793003396829114","46.246948498385436","46.246948498385436","46.246948498385436","46.127749880594614","46.127749880594614","46.127749880594614"
"131000","47.449662244330895","47.449662244330895","47.449662244330895","45.80251291271903","45.80251291271903","45.80251291271903","46.83009023268115","46.83009023268115","46.83009023268115"
"132000","47.114981306778304","47.114981306778304","47.114981306778304","46.13055063626689","46.13055063626689","46.13055063626689","46.85928487889224","46.85928487889224","46.85928487889224"
"133000","46.394395184446765","46.394395184446765","46.394395184446765","46.021760628952855","46.021760628952855","46.021760628952855","46.41947398695765","46.41947398695765","46.41947398695765"
"134000","46.83984057466633","46.83984057466633","46.83984057466633","46.28330074990692","46.28330074990692","46.28330074990692","46.366859194224084","46.366859194224084","46.366859194224084"
"135000","46.4928180863387","46.4928180863387","46.4928180863387","46.298243270049156","46.298243270049156","46.298243270049156","46.64269519063023","46.64269519063023","46.64269519063023"
"136000","46.74994345786423","46.74994345786423","46.74994345786423","45.38706298626497","45.38706298626497","45.38706298626497","46.33627656341982","46.33627656341982","46.33627656341982"
"137000","46.45221478152586","46.45221478152586","46.45221478152586","46.832939829843006","46.832939829843006","46.832939829843006","47.30563273337387","47.30563273337387","47.30563273337387"
"138000","47.119519156494384","47.119519156494384","47.119519156494384","46.49500238174927","46.49500238174927","46.49500238174927","46.43979378497482","46.43979378497482","46.43979378497482"
"139000","46.56940855891145","46.56940855891145","46.56940855891145","46.574009598033825","46.574009598033825","46.574009598033825","46.12009730440521","46.12009730440521","46.12009730440521"
"140000","47.658396134994405","47.658396134994405","47.658396134994405","47.39868039227367","47.39868039227367","47.39868039227367","46.00423837914132","46.00423837914132","46.00423837914132"
"141000","46.46310046533156","46.46310046533156","46.46310046533156","46.31508744620159","46.31508744620159","46.31508744620159","46.644296391556985","46.644296391556985","46.644296391556985"
"142000","47.52761389857561","47.52761389857561","47.52761389857561","45.93400567986784","45.93400567986784","45.93400567986784","46.19583978301415","46.19583978301415","46.19583978301415"
"143000","46.523410801416894","46.523410801416894","46.523410801416894","46.23008485841932","46.23008485841932","46.23008485841932","47.201248141090076","47.201248141090076","47.201248141090076"
"144000","47.40052230869094","47.40052230869094","47.40052230869094","46.26394895774029","46.26394895774029","46.26394895774029","46.316627880646024","46.316627880646024","46.316627880646024"
"145000","46.9466042149552","46.9466042149552","46.9466042149552","47.46331315099883","47.46331315099883","47.46331315099883","47.26816009324901","47.26816009324901","47.26816009324901"
"146000","47.304304673384905","47.304304673384905","47.304304673384905","46.08977132879835","46.08977132879835","46.08977132879835","46.512049154791704","46.512049154791704","46.512049154791704"
"147000","47.60271260003652","47.60271260003652","47.60271260003652","45.49105581718085","45.49105581718085","45.49105581718085","46.67074062740274","46.67074062740274","46.67074062740274"
"148000","47.007804134661825","47.007804134661825","47.007804134661825","45.23525169225317","45.23525169225317","45.23525169225317","46.86089215553017","46.86089215553017","46.86089215553017"
"149000","46.38744143005298","46.38744143005298","46.38744143005298","46.570713940970485","46.570713940970485","46.570713940970485","47.45508879233069","47.45508879233069","47.45508879233069"
"150000","46.558167627940136","46.558167627940136","46.558167627940136","45.55054637939383","45.55054637939383","45.55054637939383","46.33758319029924","46.33758319029924","46.33758319029924"
"151000","47.628277389384735","47.628277389384735","47.628277389384735","46.4591131686272","46.4591131686272","46.4591131686272","46.07504687647404","46.07504687647404","46.07504687647404"
"152000","47.501739435977605","47.501739435977605","47.501739435977605","45.460267526964444","45.460267526964444","45.460267526964444","47.3410739421021","47.3410739421021","47.3410739421021"
"153000","47.1692443768565","47.1692443768565","47.1692443768565","45.94246646249768","45.94246646249768","45.94246646249768","46.54015245337128","46.54015245337128","46.54015245337128"
"154000","47.93388392962317","47.93388392962317","47.93388392962317","46.66005167563619","46.66005167563619","46.66005167563619","46.17972902787679","46.17972902787679","46.17972902787679"
"155000","47.46866337217482","47.46866337217482","47.46866337217482","46.06376192537216","46.06376192537216","46.06376192537216","46.82575710007452","46.82575710007452","46.82575710007452"
"156000","46.24992468733104","46.24992468733104","46.24992468733104","45.881053376562456","45.881053376562456","45.881053376562456","46.054831569009714","46.054831569009714","46.054831569009714"
"157000","46.376239189661796","46.376239189661796","46.376239189661796","46.60249153883761","46.60249153883761","46.60249153883761","45.840218423517214","45.840218423517214","45.840218423517214"
"158000","46.615376095019236","46.615376095019236","46.615376095019236","45.648711839944575","45.648711839944575","45.648711839944575","47.106784446753814","47.106784446753814","47.106784446753814"
"159000","46.32195463777647","46.32195463777647","46.32195463777647","46.727919675056064","46.727919675056064","46.727919675056064","47.32095915783931","47.32095915783931","47.32095915783931"
"160000","46.99233905536264","46.99233905536264","46.99233905536264","46.20318582063168","46.20318582063168","46.20318582063168","47.3279130820975","47.3279130820975","47.3279130820975"
"161000","46.51184030369694","46.51184030369694","46.51184030369694","46.80692933393987","46.80692933393987","46.80692933393987","46.59118110779196","46.59118110779196","46.59118110779196"
"162000","47.1453026886294","47.1453026886294","47.1453026886294","46.20868295767696","46.20868295767696","46.20868295767696","46.57777088364823","46.57777088364823","46.57777088364823"
"163000","47.20428869966924","47.20428869966924","47.20428869966924","47.114848238078196","47.114848238078196","47.114848238078196","46.94190101834182","46.94190101834182","46.94190101834182"
"164000","47.518507361933956","47.518507361933956","47.518507361933956","46.67975250655022","46.67975250655022","46.67975250655022","48.720962546836176","48.720962546836176","48.720962546836176"
"165000","46.77272758745962","46.77272758745962","46.77272758745962","46.146497442619825","46.146497442619825","46.146497442619825","46.618776654243504","46.618776654243504","46.618776654243504"
"166000","47.402255798449254","47.402255798449254","47.402255798449254","45.70690265162322","45.70690265162322","45.70690265162322","47.24096019275927","47.24096019275927","47.24096019275927"
"167000","46.443879911156614","46.443879911156614","46.443879911156614","45.98777287143043","45.98777287143043","45.98777287143043","45.48568982728005","45.48568982728005","45.48568982728005"
"168000","47.668264688857384","47.668264688857384","47.668264688857384","45.82293633764502","45.82293633764502","45.82293633764502","48.094908121963776","48.094908121963776","48.094908121963776"
"169000","46.95037170917334","46.95037170917334","46.95037170917334","46.00942238793395","46.00942238793395","46.00942238793395","46.58282171006628","46.58282171006628","46.58282171006628"
"170000","46.17488751093384","46.17488751093384","46.17488751093384","46.03115945279414","46.03115945279414","46.03115945279414","46.77514957490736","46.77514957490736","46.77514957490736"
"171000","46.039599309260005","46.039599309260005","46.039599309260005","46.75293562150326","46.75293562150326","46.75293562150326","48.14796568809632","48.14796568809632","48.14796568809632"
"172000","46.835771943037756","46.835771943037756","46.835771943037756","46.39033399014223","46.39033399014223","46.39033399014223","47.099849766138014","47.099849766138014","47.099849766138014"
"173000","46.906385983501266","46.906385983501266","46.906385983501266","47.080256555527704","47.080256555527704","47.080256555527704","48.51046127480213","48.51046127480213","48.51046127480213"
"174000","46.87989873521095","46.87989873521095","46.87989873521095","46.07528679698386","46.07528679698386","46.07528679698386","47.78661570701051","47.78661570701051","47.78661570701051"
"175000","47.200060557307424","47.200060557307424","47.200060557307424","46.85750124357341","46.85750124357341","46.85750124357341","47.40139450372636","47.40139450372636","47.40139450372636"
"176000","46.7558555287561","46.7558555287561","46.7558555287561","46.97993952671296","46.97993952671296","46.97993952671296","46.728516990262165","46.728516990262165","46.728516990262165"
"177000","47.3975053973403","47.3975053973403","47.3975053973403","46.283160910284764","46.283160910284764","46.283160910284764","47.29700846224547","47.29700846224547","47.29700846224547"
"178000","46.61028308222092","46.61028308222092","46.61028308222092","46.2963500828393","46.2963500828393","46.2963500828393","49.663641726848645","49.663641726848645","49.663641726848645"
"179000","47.37479467268066","47.37479467268066","47.37479467268066","46.44492558956823","46.44492558956823","46.44492558956823","46.32045584283075","46.32045584283075","46.32045584283075"
"180000","46.7892374714047","46.7892374714047","46.7892374714047","46.44815611899259","46.44815611899259","46.44815611899259","47.247489167006876","47.247489167006876","47.247489167006876"
"181000","46.51352109674057","46.51352109674057","46.51352109674057","45.898900239152695","45.898900239152695","45.898900239152695","48.362497560003156","48.362497560003156","48.362497560003156"
"182000","47.458886293071565","47.458886293071565","47.458886293071565","46.22434276286788","46.22434276286788","46.22434276286788","47.439355997921005","47.439355997921005","47.439355997921005"
"183000","46.82260064683923","46.82260064683923","46.82260064683923","45.96562856812146","45.96562856812146","45.96562856812146","47.34508850798052","47.34508850798052","47.34508850798052"
"184000","46.722274721904455","46.722274721904455","46.722274721904455","45.15560554802873","45.15560554802873","45.15560554802873","48.24696494372729","48.24696494372729","48.24696494372729"
"185000","46.35839940619634","46.35839940619634","46.35839940619634","46.03342482564825","46.03342482564825","46.03342482564825","47.46557916632347","47.46557916632347","47.46557916632347"
"186000","47.32456699974228","47.32456699974228","47.32456699974228","45.66531875700871","45.66531875700871","45.66531875700871","47.17357280131407","47.17357280131407","47.17357280131407"
"187000","45.99614144179806","45.99614144179806","45.99614144179806","47.27151991829828","47.27151991829828","47.27151991829828","47.27518316841113","47.27518316841113","47.27518316841113"
"188000","46.80551893036064","46.80551893036064","46.80551893036064","46.090499047640535","46.090499047640535","46.090499047640535","47.299745666915406","47.299745666915406","47.299745666915406"
"189000","47.10081018738436","47.10081018738436","47.10081018738436","46.616768914729654","46.616768914729654","46.616768914729654","46.75863237327568","46.75863237327568","46.75863237327568"
"190000","47.27056013947392","47.27056013947392","47.27056013947392","46.46492295144714","46.46492295144714","46.46492295144714","46.80103571150069","46.80103571150069","46.80103571150069"
"191000","46.55156390618319","46.55156390618319","46.55156390618319","46.51836322383496","46.51836322383496","46.51836322383496","47.24506500015448","47.24506500015448","47.24506500015448"
"192000","46.68541976458276","46.68541976458276","46.68541976458276","47.85877016080513","47.85877016080513","47.85877016080513","46.76792510110355","46.76792510110355","46.76792510110355"
"193000","47.04574138688379","47.04574138688379","47.04574138688379","46.75015564023624","46.75015564023624","46.75015564023624","46.42466232781588","46.42466232781588","46.42466232781588"
"194000","47.80614227123431","47.80614227123431","47.80614227123431","46.56445441854181","46.56445441854181","46.56445441854181","46.57792308687188","46.57792308687188","46.57792308687188"
"195000","49.09312367812925","49.09312367812925","49.09312367812925","46.17579299659912","46.17579299659912","46.17579299659912","47.5667487605473","47.5667487605473","47.5667487605473"
"196000","47.28959531610393","47.28959531610393","47.28959531610393","46.25815495416797","46.25815495416797","46.25815495416797","46.49174621383089","46.49174621383089","46.49174621383089"
"197000","46.70632247388124","46.70632247388124","46.70632247388124","46.5071771745664","46.5071771745664","46.5071771745664","48.002865413567086","48.002865413567086","48.002865413567086"
"198000","46.66696530948797","46.66696530948797","46.66696530948797","46.42390701370102","46.42390701370102","46.42390701370102","47.94838743305447","47.94838743305447","47.94838743305447"
"199000","46.186996093591844","46.186996093591844","46.186996093591844","46.41367527143497","46.41367527143497","46.41367527143497","47.10377654650995","47.10377654650995","47.10377654650995"
"200000","47.39567269744913","47.39567269744913","47.39567269744913","46.73899451933297","46.73899451933297","46.73899451933297","46.78232895221912","46.78232895221912","46.78232895221912"
"201000","47.87091057166262","47.87091057166262","47.87091057166262","46.52307718357073","46.52307718357073","46.52307718357073","46.89889376438743","46.89889376438743","46.89889376438743"
"202000","46.947095737647196","46.947095737647196","46.947095737647196","46.50659208072613","46.50659208072613","46.50659208072613","45.975347666596356","45.975347666596356","45.975347666596356"
"203000","47.35465590254164","47.35465590254164","47.35465590254164","46.65857037398404","46.65857037398404","46.65857037398404","46.65394126399165","46.65394126399165","46.65394126399165"
"204000","46.92520955585409","46.92520955585409","46.92520955585409","45.99381284434181","45.99381284434181","45.99381284434181","47.52618204860772","47.52618204860772","47.52618204860772"
"205000","47.45124827898185","47.45124827898185","47.45124827898185","47.0367213326487","47.0367213326487","47.0367213326487","47.02326338995833","47.02326338995833","47.02326338995833"
"206000","48.96507857831887","48.96507857831887","48.96507857831887","46.14340743963734","46.14340743963734","46.14340743963734","47.80301437004944","47.80301437004944","47.80301437004944"
"207000","46.67726842617192","46.67726842617192","46.67726842617192","46.809264114259804","46.809264114259804","46.809264114259804","47.94379211417091","47.94379211417091","47.94379211417091"
"208000","47.86520539025727","47.86520539025727","47.86520539025727","46.793583389020895","46.793583389020895","46.793583389020895","47.81089228469202","47.81089228469202","47.81089228469202"
"209000","47.703243312319046","47.703243312319046","47.703243312319046","46.087722153822334","46.087722153822334","46.087722153822334","48.352775037816656","48.352775037816656","48.352775037816656"
"210000","47.51339386890253","47.51339386890253","47.51339386890253","46.18502515112492","46.18502515112492","46.18502515112492","47.20321973467619","47.20321973467619","47.20321973467619"
"211000","47.09118384784591","47.09118384784591","47.09118384784591","46.55656865561046","46.55656865561046","46.55656865561046","48.3518907719275","48.3518907719275","48.3518907719275"
"212000","47.014508324989485","47.014508324989485","47.014508324989485","46.90355893427988","46.90355893427988","46.90355893427988","47.465232367921196","47.465232367921196","47.465232367921196"
"213000","47.9436494911802","47.9436494911802","47.9436494911802","46.30002392495218","46.30002392495218","46.30002392495218","49.61732224132297","49.61732224132297","49.61732224132297"
"214000","47.890044949799766","47.890044949799766","47.890044949799766","46.357876931160845","46.357876931160845","46.357876931160845","45.60680463447231","45.60680463447231","45.60680463447231"
"215000","47.10775801593157","47.10775801593157","47.10775801593157","46.25091157921658","46.25091157921658","46.25091157921658","48.10537177388273","48.10537177388273","48.10537177388273"
"216000","48.202313800265216","48.202313800265216","48.202313800265216","47.42500046594398","47.42500046594398","47.42500046594398","47.42925969482961","47.42925969482961","47.42925969482961"
"217000","46.61128838073129","46.61128838073129","46.61128838073129","45.843534671620624","45.843534671620624","45.843534671620624","48.47311958526086","48.47311958526086","48.47311958526086"
"218000","47.23489626275934","47.23489626275934","47.23489626275934","47.24642607637259","47.24642607637259","47.24642607637259","46.60209272225132","46.60209272225132","46.60209272225132"
"219000","47.7068509600137","47.7068509600137","47.7068509600137","46.50861348483981","46.50861348483981","46.50861348483981","46.541493871172996","46.541493871172996","46.541493871172996"
"220000","46.80335008675028","46.80335008675028","46.80335008675028","46.296109612371986","46.296109612371986","46.296109612371986","48.23963311180767","48.23963311180767","48.23963311180767"
"221000","47.61292546680369","47.61292546680369","47.61292546680369","46.663901547951504","46.663901547951504","46.663901547951504","47.54284123774007","47.54284123774007","47.54284123774007"
"222000","47.34197297751044","47.34197297751044","47.34197297751044","46.523599104337656","46.523599104337656","46.523599104337656","48.16725427070063","48.16725427070063","48.16725427070063"
"223000","48.48851223630442","48.48851223630442","48.48851223630442","47.15147972449009","47.15147972449009","47.15147972449009","48.120650418077496","48.120650418077496","48.120650418077496"
"224000","47.06644510852325","47.06644510852325","47.06644510852325","46.18580853897857","46.18580853897857","46.18580853897857","47.18414746929463","47.18414746929463","47.18414746929463"
"225000","48.81581498482848","48.81581498482848","48.81581498482848","46.19474530497661","46.19474530497661","46.19474530497661","47.014364426741025","47.014364426741025","47.014364426741025"
"226000","48.88235454227897","48.88235454227897","48.88235454227897","46.76955800707393","46.76955800707393","46.76955800707393","47.006581159140595","47.006581159140595","47.006581159140595"
"227000","47.597994440412045","47.597994440412045","47.597994440412045","46.452434906246644","46.452434906246644","46.452434906246644","49.10544218085296","49.10544218085296","49.10544218085296"
"228000","47.5275792729357","47.5275792729357","47.5275792729357","46.2782005014975","46.2782005014975","46.2782005014975","48.02581432283688","48.02581432283688","48.02581432283688"
"229000","47.401328855158674","47.401328855158674","47.401328855158674","47.31234576682512","47.31234576682512","47.31234576682512","47.06941546007625","47.06941546007625","47.06941546007625"
"230000","47.873598183212884","47.873598183212884","47.873598183212884","47.26566574425708","47.26566574425708","47.26566574425708","46.91870551393206","46.91870551393206","46.91870551393206"
"231000","48.29310576090994","48.29310576090994","48.29310576090994","47.2727113181604","47.2727113181604","47.2727113181604","46.75315874778189","46.75315874778189","46.75315874778189"
"232000","47.175028106643964","47.175028106643964","47.175028106643964","46.70968972557661","46.70968972557661","46.70968972557661","48.20397219100748","48.20397219100748","48.20397219100748"
"233000","47.50740464656305","47.50740464656305","47.50740464656305","46.38588338906979","46.38588338906979","46.38588338906979","47.79787143809654","47.79787143809654","47.79787143809654"
"234000","48.23338870163959","48.23338870163959","48.23338870163959","47.536276887717165","47.536276887717165","47.536276887717165","47.086181496499954","47.086181496499954","47.086181496499954"
"235000","47.788952144865455","47.788952144865455","47.788952144865455","46.92272896322008","46.92272896322008","46.92272896322008","47.377371676815585","47.377371676815585","47.377371676815585"
"236000","47.36336284921453","47.36336284921453","47.36336284921453","46.81547070603392","46.81547070603392","46.81547070603392","46.69558251365968","46.69558251365968","46.69558251365968"
"237000","47.44055770231821","47.44055770231821","47.44055770231821","46.28081870036767","46.28081870036767","46.28081870036767","48.23690627441825","48.23690627441825","48.23690627441825"
"238000","47.87511522541967","47.87511522541967","47.87511522541967","46.71002410682539","46.71002410682539","46.71002410682539","47.06996893623613","47.06996893623613","47.06996893623613"
"239000","48.445889491811734","48.445889491811734","48.445889491811734","46.99123391232301","46.99123391232301","46.99123391232301","47.828888362640114","47.828888362640114","47.828888362640114"
"240000","46.32847288921012","46.32847288921012","46.32847288921012","46.7360921308422","46.7360921308422","46.7360921308422","48.34901924589694","48.34901924589694","48.34901924589694"
"241000","48.565581019170466","48.565581019170466","48.565581019170466","46.41254290743852","46.41254290743852","46.41254290743852","47.74787753038014","47.74787753038014","47.74787753038014"
"242000","47.54790257504656","47.54790257504656","47.54790257504656","46.7713738408836","46.7713738408836","46.7713738408836","47.78726962212719","47.78726962212719","47.78726962212719"
"243000","46.92668560391449","46.92668560391449","46.92668560391449","46.74996352012087","46.74996352012087","46.74996352012087","48.26109666472463","48.26109666472463","48.26109666472463"
"244000","47.005177618082264","47.005177618082264","47.005177618082264","46.13370517820961","46.13370517820961","46.13370517820961","46.61373980506958","46.61373980506958","46.61373980506958"
"245000","47.61143427453851","47.61143427453851","47.61143427453851","46.42100092214144","46.42100092214144","46.42100092214144","47.312866043617845","47.312866043617845","47.312866043617845"
"246000","48.463464696780214","48.463464696780214","48.463464696780214","45.7743478922747","45.7743478922747","45.7743478922747","47.149221299423665","47.149221299423665","47.149221299423665"
"247000","47.25822722707434","47.25822722707434","47.25822722707434","46.080878043428356","46.080878043428356","46.080878043428356","47.44996587027076","47.44996587027076","47.44996587027076"
"248000","46.441053277293825","46.441053277293825","46.441053277293825","46.46060823133003","46.46060823133003","46.46060823133003","47.43764028218552","47.43764028218552","47.43764028218552"
"249000","46.4128524678354","46.4128524678354","46.4128524678354","47.330694206858226","47.330694206858226","47.330694206858226","48.137567444892035","48.137567444892035","48.137567444892035"
"250000","46.914672176022584","46.914672176022584","46.914672176022584","46.02118823430401","46.02118823430401","46.02118823430401","47.58602117943809","47.58602117943809","47.58602117943809"
"251000","47.18075650478456","47.18075650478456","47.18075650478456","46.541532533674875","46.541532533674875","46.541532533674875","47.53548437625041","47.53548437625041","47.53548437625041"
"252000","47.1641708600763","47.1641708600763","47.1641708600763","46.76532189068278","46.76532189068278","46.76532189068278","47.445246365691624","47.445246365691624","47.445246365691624"
"253000","48.76795211338767","48.76795211338767","48.76795211338767","46.03334082859386","46.03334082859386","46.03334082859386","48.271361650854","48.271361650854","48.271361650854"
"254000","47.303070724486844","47.303070724486844","47.303070724486844","46.3049621581478","46.3049621581478","46.3049621581478","46.874139807834595","46.874139807834595","46.874139807834595"
"255000","47.86503956847816","47.86503956847816","47.86503956847816","46.74844814969349","46.74844814969349","46.74844814969349","47.36648039629795","47.36648039629795","47.36648039629795"
"256000","47.26744874711528","47.26744874711528","47.26744874711528","47.125336677429026","47.125336677429026","47.125336677429026","47.30749512323682","47.30749512323682","47.30749512323682"
"257000","47.43387907895395","47.43387907895395","47.43387907895395","46.84904435967","46.84904435967","46.84904435967","46.882752032323864","46.882752032323864","46.882752032323864"
"258000","47.285835003125044","47.285835003125044","47.285835003125044","47.11055706662758","47.11055706662758","47.11055706662758","48.09770196537366","48.09770196537366","48.09770196537366"
"259000","47.98598203889329","47.98598203889329","47.98598203889329","46.364318980816776","46.364318980816776","46.364318980816776","47.419610424600904","47.419610424600904","47.419610424600904"
"260000","49.5975211100939","49.5975211100939","49.5975211100939","45.575719548075696","45.575719548075696","45.575719548075696","50.18701283995526","50.18701283995526","50.18701283995526"
"261000","47.5156417818218","47.5156417818218","47.5156417818218","46.6032694551358","46.6032694551358","46.6032694551358","47.55928398596739","47.55928398596739","47.55928398596739"
"262000","48.53929940067335","48.53929940067335","48.53929940067335","46.50950627290042","46.50950627290042","46.50950627290042","47.74764643894848","47.74764643894848","47.74764643894848"
"263000","47.98776029751287","47.98776029751287","47.98776029751287","46.480397872565185","46.480397872565185","46.480397872565185","47.99541522206767","47.99541522206767","47.99541522206767"
"264000","47.33499602963466","47.33499602963466","47.33499602963466","47.19109472189002","47.19109472189002","47.19109472189002","47.476152687357484","47.476152687357484","47.476152687357484"
"265000","47.552622405744756","47.552622405744756","47.552622405744756","46.62390005587383","46.62390005587383","46.62390005587383","48.844193332631555","48.844193332631555","48.844193332631555"
"266000","48.14312371797486","48.14312371797486","48.14312371797486","46.22973112183361","46.22973112183361","46.22973112183361","47.74657416196602","47.74657416196602","47.74657416196602"
"267000","47.750426373821206","47.750426373821206","47.750426373821206","47.321924974062","47.321924974062","47.321924974062","48.08078948997906","48.08078948997906","48.08078948997906"
"268000","47.91497357222575","47.91497357222575","47.91497357222575","47.30013808788338","47.30013808788338","47.30013808788338","47.4197899852338","47.4197899852338","47.4197899852338"
"269000","49.31694736623723","49.31694736623723","49.31694736623723","47.09854429524377","47.09854429524377","47.09854429524377","48.86531110562708","48.86531110562708","48.86531110562708"
"270000","47.6068694647135","47.6068694647135","47.6068694647135","46.33641343771979","46.33641343771979","46.33641343771979","47.94216632944816","47.94216632944816","47.94216632944816"
"271000","48.333636666847426","48.333636666847426","48.333636666847426","46.219312284573355","46.219312284573355","46.219312284573355","47.83096638475038","47.83096638475038","47.83096638475038"
"272000","48.737347344730225","48.737347344730225","48.737347344730225","47.07275181498105","47.07275181498105","47.07275181498105","47.04737514107337","47.04737514107337","47.04737514107337"
"273000","47.84462665102888","47.84462665102888","47.84462665102888","46.604292888995914","46.604292888995914","46.604292888995914","47.674588464920475","47.674588464920475","47.674588464920475"
"274000","48.46083592599272","48.46083592599272","48.46083592599272","47.195800718240974","47.195800718240974","47.195800718240974","47.61602436662439","47.61602436662439","47.61602436662439"
"275000","47.25360966386724","47.25360966386724","47.25360966386724","47.65285309230443","47.65285309230443","47.65285309230443","47.71916783590821","47.71916783590821","47.71916783590821"
"276000","48.161844422050216","48.161844422050216","48.161844422050216","46.58288245833646","46.58288245833646","46.58288245833646","47.90294859629227","47.90294859629227","47.90294859629227"
"277000","49.4681723638466","49.4681723638466","49.4681723638466","47.05684959945507","47.05684959945507","47.05684959945507","47.9678055035149","47.9678055035149","47.9678055035149"
"278000","47.46619816742538","47.46619816742538","47.46619816742538","46.6805255241684","46.6805255241684","46.6805255241684","49.653802081235405","49.653802081235405","49.653802081235405"
"279000","47.04648542225239","47.04648542225239","47.04648542225239","46.7143489440344","46.7143489440344","46.7143489440344","47.497402877671774","47.497402877671774","47.497402877671774"
"280000","47.44005241321736","47.44005241321736","47.44005241321736","47.07080040025781","47.07080040025781","47.07080040025781","47.7298841311921","47.7298841311921","47.7298841311921"
"281000","48.30459390285485","48.30459390285485","48.30459390285485","47.207684198726334","47.207684198726334","47.207684198726334","48.045562989321716","48.045562989321716","48.045562989321716"
"282000","48.552341814181716","48.552341814181716","48.552341814181716","47.191468942313186","47.191468942313186","47.191468942313186","48.32794912476208","48.32794912476208","48.32794912476208"
"283000","47.25756891678907","47.25756891678907","47.25756891678907","46.91599666072477","46.91599666072477","46.91599666072477","47.755171029558724","47.755171029558724","47.755171029558724"
"284000","48.62555407638643","48.62555407638643","48.62555407638643","46.380947894322404","46.380947894322404","46.380947894322404","47.530748375221904","47.530748375221904","47.530748375221904"
"285000","48.1067820431209","48.1067820431209","48.1067820431209","46.94123357156737","46.94123357156737","46.94123357156737","46.80333165477485","46.80333165477485","46.80333165477485"
"286000","47.25307744892604","47.25307744892604","47.25307744892604","47.286694642322516","47.286694642322516","47.286694642322516","48.09590921144673","48.09590921144673","48.09590921144673"
"287000","47.37003723787753","47.37003723787753","47.37003723787753","46.520138425508584","46.520138425508584","46.520138425508584","47.11473651891492","47.11473651891492","47.11473651891492"
"288000","48.20634410680753","48.20634410680753","48.20634410680753","48.82958359694284","48.82958359694284","48.82958359694284","47.59333523054739","47.59333523054739","47.59333523054739"
"289000","47.442376955508294","47.442376955508294","47.442376955508294","47.64605051668215","47.64605051668215","47.64605051668215","47.416381306208926","47.416381306208926","47.416381306208926"
"290000","48.077463964013376","48.077463964013376","48.077463964013376","46.687520133737316","46.687520133737316","46.687520133737316","49.52642697611301","49.52642697611301","49.52642697611301"
"291000","47.63042710181516","47.63042710181516","47.63042710181516","46.89431172384386","46.89431172384386","46.89431172384386","48.341335707427916","48.341335707427916","48.341335707427916"
"292000","47.861365610130605","47.861365610130605","47.861365610130605","46.2573338422531","46.2573338422531","46.2573338422531","48.35409638936371","48.35409638936371","48.35409638936371"
"293000","47.99494974524065","47.99494974524065","47.99494974524065","47.18594281517976","47.18594281517976","47.18594281517976","49.191594261162905","49.191594261162905","49.191594261162905"
"294000","47.97613492878964","47.97613492878964","47.97613492878964","47.147190133262505","47.147190133262505","47.147190133262505","47.93035855979831","47.93035855979831","47.93035855979831"
"295000","47.971749363273794","47.971749363273794","47.971749363273794","47.35609890092087","47.35609890092087","47.35609890092087","47.61255975990738","47.61255975990738","47.61255975990738"
"296000","47.0740492321194","47.0740492321194","47.0740492321194","46.70098618507891","46.70098618507891","46.70098618507891","47.585047990019305","47.585047990019305","47.585047990019305"
"297000","48.399174360638156","48.399174360638156","48.399174360638156","46.01759798646682","46.01759798646682","46.01759798646682","48.58216535298299","48.58216535298299","48.58216535298299"
"298000","49.334755424318885","49.334755424318885","49.334755424318885","47.0846355698483","47.0846355698483","47.0846355698483","48.18092355635625","48.18092355635625","48.18092355635625"
"299000","48.510813910868244","48.510813910868244","48.510813910868244","46.724186082231704","46.724186082231704","46.724186082231704","47.71166031967963","47.71166031967963","47.71166031967963"
"300000","47.769852270571","47.769852270571","47.769852270571","47.72762950152449","47.72762950152449","47.72762950152449","47.17837617238116","47.17837617238116","47.17837617238116"