"Step","Name: ProdTD3HCAC - d4rl_normalized_score","Name: ProdTD3HCAC - d4rl_normalized_score__MIN","Name: ProdTD3HCAC - d4rl_normalized_score__MAX","Name: ProdTD3HCnoLN - d4rl_normalized_score","Name: ProdTD3HCnoLN - d4rl_normalized_score__MIN","Name: ProdTD3HCnoLN - d4rl_normalized_score__MAX","Name: ProdTD3HCBC - d4rl_normalized_score","Name: ProdTD3HCBC - d4rl_normalized_score__MIN","Name: ProdTD3HCBC - d4rl_normalized_score__MAX","Name: ProdTD3HC - d4rl_normalized_score","Name: ProdTD3HC - d4rl_normalized_score__MIN","Name: ProdTD3HC - d4rl_normalized_score__MAX"
"1000","35.501881090516115","34.537757922676974","36.38060875698771","-2.14856753319163","-4.738871804045506","2.702191727019151","34.086298057837716","30.291008824641796","36.38060875698771","0.08134340240214548","-2.2780535897593523","1.780098829373778"
"2000","40.429723385769684","38.25966594328424","42.359329434614814","-2.7889263054567786","-3.445315843774186","-2.4421532911260124","41.93310918381115","40.67017477941","42.76982333740864","0.5825069540415346","-0.32937279432678385","1.115327592072787"
"3000","38.4782984034313","36.49495171132779","40.322011203491904","-1.6898428110567332","-2.572328087282672","-1.0968335988876012","40.47715395182315","38.61793229547422","42.49151835650333","0.8809436723458073","-0.41834733116566086","2.2083820975842623"
"4000","40.51116726379644","37.945373420699","42.112147407774174","-1.612668236947141","-2.261638306148163","-1.0634315631988938","42.22892636864796","41.47598096291614","43.098650735253564","2.2629288372903735","0.7636651518967978","4.248942483626809"
"5000","38.96087267737311","37.44221804567769","40.41227370871831","-1.7734644522137575","-2.0329101983593145","-1.6101314308256638","40.2670535821687","37.44221804567769","42.94666899211009","4.161187701982537","0.8636469085734233","6.03054931331124"
"6000","42.49014496168446","42.33920535527469","42.751802190760365","-1.9772134657248115","-2.4800986100429063","-1.7028008016027243","39.66252507182446","33.856345685694684","42.751802190760365","3.258959133885044","-0.4984386217367554","5.446714023493974"
"7000","41.33087741814424","39.37626145154115","42.72829580240505","-2.2026675993488745","-2.5982898277030855","-1.8993726055007507","41.62113089039872","39.37626145154115","42.75883541724995","6.769161469343786","3.8775085684132105","11.047675728382501"
"8000","40.7409642466203","39.84532605570821","42.33152934055159","-2.531000576288003","-4.259482964484176","-1.020482423174885","39.272296219395436","37.925525258877","40.0460373436011","12.552490498275796","10.547379573040319","14.53565972159471"
"9000","40.64614570772219","36.83774586885883","42.58983221357169","-1.4336759087701985","-1.5439934449433448","-1.3669595936687655","39.290419877328524","36.83774586885883","42.51085904073605","10.8146633611068","4.9186672285885145","16.92504179193239"
"10000","42.55275494919632","42.02850372903522","42.8372780919045","-0.7903390054675169","-1.4094786883744934","-0.13904369629421154","42.49011393505415","42.02850372903522","42.792483026649215","18.29850804345851","1.1596195295489276","28.326412392538813"
"11000","34.39954836731588","27.682124617046604","43.56628478149095","-1.0847244564843441","-1.54070506586241","-0.5135267388673989","2.8662607405992055","1.1983230739849682","3.820059971046161","18.439707699556767","10.495568110207751","25.73717111453371"
"12000","34.467849155348794","30.78462217584148","37.11544832716023","-1.885226166212705","-3.803220996571239","-0.4445230752242688","2.2583301021328523","0.5774304394167841","4.614436025385028","25.800381831295834","16.600694996847558","38.6517138959249"
"13000","42.336687553483046","36.284099846340624","46.0402257153467","-1.7234146298417574","-2.5480943199914603","-0.9158721776819687","3.7601174143935467","0.3677537669269231","6.168267021656444","27.561434115838313","21.345991610868648","34.51723809775786"
"14000","43.39083202548872","39.97780773161211","45.99286477919424","-1.7557289268268876","-3.9285101379148646","0.17024382765370602","4.141332464898998","1.7402533970892455","6.461713175552617","35.333005788661076","32.618259829830784","38.99481824527156"
"15000","44.542118235696734","44.038508408533296","45.00386204516318","-1.2327169826586066","-3.9179487912980906","0.9574572949496102","7.741783497263505","6.073234340259881","10.489967234753045","37.86145985604603","35.02893954366449","42.21949616769183"
"16000","43.96232603915697","41.46241767108968","45.56960202810493","-0.963229280655665","-1.0751367020063056","-0.8649951019353653","4.273200478898663","3.31511205961207","5.304162438257736","40.50577683521024","39.639815830560096","41.202593589375056"
"17000","43.32476481244576","40.001052906941226","45.12193916668044","0.05045197533672182","-0.6206251582945215","0.7849268772605177","11.832621134841881","6.244293881761352","18.785838420166666","39.45506915488107","35.72938819946366","43.857773273798614"
"18000","45.39296959179044","44.579265416266765","46.42205853307203","1.3681105482949014","0.8210447429497657","1.96909197848836","12.921686802841185","3.3730066602138433","23.193309412223392","37.28919678363541","32.231067246596474","40.39343951258373"
"19000","44.7761085557533","43.759461256783","45.29048872343207","3.318129384771295","1.6941104977590087","6.379338291046964","16.31457894514979","14.274035753521982","18.64001534659459","42.18193869452958","37.613487348953996","45.674597747775294"
"20000","45.333272619824164","45.249933407820556","45.400336012979814","1.6063828258053932","0.31767522044336116","2.458595832462266","19.385244862602317","5.837604641386819","34.706785801638986","44.05459470392651","40.52442050225099","46.06620675999815"
"21000","43.901701257690775","41.49666299245374","45.62701149559519","7.3098595992628015","5.173994684454191","8.775198178937478","25.701459587954957","16.73931039017171","30.68418402137064","43.17977476241027","41.151129248000814","45.38889352097406"
"22000","45.197963382884154","44.61084348820773","45.6012089091678","6.6901569609514135","3.4224351468394554","8.972482913170667","38.51086560600097","31.86350290425445","42.28800643739136","43.92255527371091","43.2329736553899","45.266892830424624"
"23000","45.18521874236899","44.80545549493725","45.40820872488517","7.805542946657316","6.165342809107726","8.801437273185268","25.72881640655167","8.552639898335807","39.4921614735274","41.783987303939455","40.68515359676659","42.998018496177956"
"24000","45.51280536643693","45.315905489258306","45.728649309856415","10.397719861114055","6.0125872569428305","15.390696347502034","38.67066165194945","35.36888104694895","40.54923024903216","44.055001615345894","41.474480416797356","46.34687582804624"
"25000","45.37792455790708","45.124419382518944","45.62051980983648","9.315992115164095","7.348619406715205","10.943209296303156","38.35253232260011","34.729011819051365","43.72243848921974","44.56410537950396","42.9943706579721","45.378380451191866"
"26000","45.30257757808804","44.64640359898543","45.74081662294077","9.26380863763491","5.963733202256112","11.098269876118769","41.61275420364715","37.59790056853996","44.078188020270844","45.35164477694567","45.0439504406795","45.73441784093551"
"27000","45.44511042140558","45.04863882676885","46.03491049682156","9.456460941232102","7.633250507137808","10.542096176380955","43.9746054745189","40.851733987051965","45.78455620198094","43.83210691876013","41.4004497026144","45.70270902534265"
"28000","45.452648162773436","45.16489100242809","45.962542024362975","13.193493412987307","11.016524610099587","15.702859424684176","44.85483281979998","43.93504685767586","45.464940618478074","45.393387573158066","44.81957202180027","46.18456024504661"
"29000","45.49275866916406","45.16804167572107","45.98268981240139","13.473791964529605","9.54079507164813","18.043782934431775","43.158398969328154","40.778900641604146","45.74124372813141","45.63044144978554","44.983562016726","46.14393137867863"
"30000","45.39487066103374","45.11409551221442","45.72197883851319","12.414012738556258","10.96680061961823","13.658622579012675","44.75676481277305","44.16148337982444","45.05668471897413","45.368593299896396","45.15725979924864","45.650125717420984"
"31000","45.41171018874197","45.34046172877704","45.51703434867098","12.219377860864634","8.577214714019483","15.88544464887679","45.272443035787965","44.852568227784396","45.98968235966617","45.53614448578602","45.41564900579584","45.735722937944786"
"32000","45.46210522618427","44.98492724039224","45.9667617247079","15.72584268442744","12.549746110306504","19.067381629261728","45.31990291414065","45.12794569115254","45.53391760951379","42.769375651886925","36.90767398243756","45.70976922467104"
"33000","45.56511892574681","45.06771550272673","45.89775231147563","15.298471619277656","11.754566512359755","21.805687005806718","45.775062955167265","45.593093231285295","45.99881165221143","45.47330420221181","45.13407659455066","45.86446432818914"
"34000","45.59809152257068","44.816728149302904","46.519425705335735","12.925386612931979","10.402436588549248","15.896336317537282","45.278133282303905","44.61363066917495","45.743657106010446","45.31840090795847","44.746094257807215","46.12049617661617"
"35000","45.70115433884993","45.24952568535344","46.13639223785299","19.26488745728012","14.48411401743662","28.53483730813884","45.43405021866212","45.18140864744648","45.607849341890294","45.78675150433705","45.35354439833676","46.09099067252138"
"36000","45.65953354125481","44.45256861929235","46.460985258455516","12.752434495063985","8.947166076701354","17.997555990375417","45.39636557255335","45.05807551321121","45.71691741693395","45.73724262568834","44.73538978338127","46.25759551276866"
"37000","45.329121046951094","44.27220253189606","45.91796352676538","20.44718535746726","18.861492753647287","22.572847844919878","45.49648129171907","45.045023677679474","46.07174422985701","45.43521021103832","44.93824631879568","46.12996531926864"
"38000","45.64176869591362","45.29038781647668","45.927048875688314","14.395926924970103","6.901051469082595","19.477375634283298","45.76016488654537","45.45735295253095","46.2187545260661","46.05750288411443","45.76106711250113","46.46654347820863"
"39000","45.549896535460995","44.86568116491055","46.133274424281275","25.19113294031419","18.562205807697026","29.135528812192867","45.29989754202117","45.090266429526764","45.46393596064665","45.24845469545054","44.74704712361315","45.94832726338251"
"40000","46.31867072181311","46.13314464887437","46.62633842363184","22.599442543277153","20.349176686301206","23.80948433411868","45.974952246136674","45.487740879706465","46.434594775560946","46.07327501200112","45.919733729971895","46.328028463403854"
"41000","46.24144066807358","45.81135912739832","47.014730839526344","28.846113611564732","22.93527775060967","37.18583536559106","45.852249177185","45.036332332790394","46.334751126613845","46.03843705310127","45.44725221675156","46.42109968101806"
"42000","46.03165971377543","45.7040203934949","46.5875661282571","26.9223460902687","24.352047458647156","31.203851126164885","45.67207902159148","45.4706077378431","46.00693642861378","45.86233428223378","45.780309074645984","45.96537192220423"
"43000","45.88856507501035","45.76912437459675","46.10735875027827","26.57396888984566","21.150097455839468","29.914615938285888","45.69846816215081","45.43509902504622","45.88706118840539","45.82629612206687","45.51904291352616","46.16662946238562"
"44000","45.966590046875176","45.62158154866028","46.212875248683446","25.833483659885292","24.120969898829138","28.648509737908274","45.69640416795949","45.12037785644031","46.40282346529486","45.79587338667693","45.28205540403279","46.29275675221481"
"45000","45.587648056355","45.323596892297715","46.01659244481785","23.19799413328281","19.354291844203505","28.790743820704545","45.56462238297272","44.855717653051705","46.16709411883723","45.908905504661085","45.44969557762104","46.39417323422266"
"46000","45.7420222877634","45.17702070999163","46.26243090279008","36.08127360117277","35.07113812437041","38.091834359562235","45.73740708679777","45.42208096598179","45.97219280738674","45.80058324362267","45.35458259310196","46.52705171337443"
"47000","45.63504840565893","45.55933494845408","45.750795115055595","28.719531275466398","23.595409040933603","33.23949779942029","45.36194629747147","45.22417247170059","45.595556306772764","45.427804236789626","45.25582304821423","45.759684489142636"
"48000","45.69493250654782","45.39074825340105","45.941568958435866","23.585041634819508","15.620838749657162","38.37189830743141","45.55648544806677","45.34349985515942","45.89780798499717","45.465193123670794","45.15323454566844","45.65511923609941"
"49000","45.63641700078728","45.28800384014051","45.97026354516822","30.822363678806823","18.323270203220357","40.796129373774484","45.424176562932864","45.00566236110288","45.74032199079958","45.73194654561917","45.59754727398523","45.80610018166828"
"50000","45.74865444794282","45.31433112624554","46.41085891443427","42.123016774009784","40.67317189893636","43.47366841375288","45.622761467721055","45.22639861978986","46.32023245354262","45.86560990439836","45.49444332396661","46.35712197416995"
"51000","45.50470317638906","45.23135583312163","45.64969611002701","37.43943627050532","34.94235267944158","42.07015415362366","45.643256617336256","45.61224393785451","45.68613496099837","45.992762716897595","45.60997600103037","46.19590917451706"
"52000","46.11076517199344","45.46037835544362","46.98953345516196","39.28555744236472","36.935504095470826","40.53126296910367","45.64196870308905","45.20806070693135","46.07628614043932","46.116746905447684","45.22228635862597","46.584092359303646"
"53000","45.79543440681056","45.663096399098826","45.91194764149951","42.84451747296887","38.61210010487181","46.14990965383065","45.70390048678231","45.54215459061505","45.81085644417914","45.979784991178086","45.753684208422904","46.24349030545981"
"54000","46.048592426132274","45.65725808337311","46.76790189269281","36.70195725204835","32.859874855730126","42.17393896916829","45.93725315603581","45.70126031038706","46.40709557183694","45.95764011585995","45.358595531656306","46.4922582459029"
"55000","46.327336555930465","45.852420326694144","46.866095627933646","39.365377178596404","26.54860572750633","46.101382784426086","45.88508432629203","45.77548836335633","46.00773718689597","46.308499729989684","46.07691279413268","46.59553039006268"
"56000","45.96868264486051","45.737911760192","46.21923393973691","36.056984165085055","25.588367442325456","43.663918461281845","45.538791030902104","45.3006796856695","45.6761895941217","45.54281688740513","45.05387543194442","46.11349243779222"
"57000","45.773813898110085","45.643653395776525","45.92051380498435","41.0076575812345","38.284544216394","46.13349676335538","45.81255786720542","45.55166640506657","46.19040838277949","45.85489239142592","45.670850280252544","46.05191710920428"
"58000","45.79174449805671","45.67142955571025","45.95620665916908","37.628681338156234","22.836238182053833","45.571761115767636","45.82843576931052","45.685888255327214","46.053765396810896","46.07209931137536","45.943216579612226","46.29633065217059"
"59000","45.96490464881617","45.44535143462347","46.605080548779206","37.38509399162903","28.36472780559817","44.505141734808404","45.512003956019306","45.17221430643851","45.86238435227347","45.8203045649428","45.323550788597515","46.29545788053439"
"60000","45.606347484366985","45.123087023523894","46.286902656783134","35.38176827653759","24.454881916766606","41.77892429024224","45.637642369695136","45.31031627426217","46.03093440852524","46.074581139972416","45.87661644437043","46.39099046375449"
"61000","45.65571469055743","45.30666385736366","45.84999494751658","42.319784449586756","37.935915317659045","47.71655711782208","45.71351151848585","44.941970217451704","46.226255858008386","45.75908726018981","45.14286415318831","46.56427716099103"
"62000","46.16216153950018","45.915342151531","46.293503782023414","34.4110357641226","29.24314083149202","38.0911323560199","46.01363096099839","45.73321321708135","46.22181077510178","46.48046571422156","46.27013686713442","46.85301303192199"
"63000","46.30856372156905","45.7478749365022","46.607777564419806","41.5153963600543","35.62946576965943","47.51163654544837","45.90356949275576","45.54850031872357","46.10160292776943","46.017739556629294","45.87882317370129","46.12079982405192"
"64000","45.819626342766234","45.43353718596427","46.18918308378658","45.07338682175231","41.056922728699774","47.948626837808725","45.8820036496759","45.29158686698844","46.2700924065926","46.14542765790236","46.009171699932025","46.417231220504355"
"65000","46.61376756576462","46.192582030510955","47.27404554214322","44.49387698876722","40.77983933975557","46.490150667518634","45.85874252788941","45.46248133735995","46.56903494358609","46.11321703540125","45.782349010203845","46.697857122837675"
"66000","46.235709940988414","45.76372120032855","46.99554931363723","42.827628415878905","42.12166524777163","43.28617800756881","45.490240770264485","45.33750735373406","45.64766752822999","46.02824194755584","45.93185618179646","46.146525181868824"
"67000","46.38789359042221","45.85786400922657","46.953856113968214","47.77326312377367","46.605284116555524","49.08804634891492","46.13842954460924","45.32050434816051","46.8403119498048","46.315839169247134","45.877729680887455","46.733092211773716"
"68000","46.664855895257894","45.84708475396086","47.1987551688138","44.46780381721579","42.54274185991682","47.61684823346133","46.021827465920374","45.300628141150945","46.681383154032865","46.020817010700775","45.20388116989703","46.4620882919307"
"69000","46.27683004521555","46.09088885021237","46.442653327183834","47.17718145494636","45.40973451935725","48.362837448515954","45.81170456509315","45.5970085165326","46.00606987184987","46.01304798457884","45.730219483421095","46.18637829735054"
"70000","45.54291706492751","45.280344880925654","45.738729493455835","46.71502897843968","44.475066874429565","48.28919076794732","45.717067707731694","45.574425203813846","45.926370989683555","46.16161975865531","45.64350041836739","46.48544079273607"
"71000","46.109320770688704","45.641745629682475","46.56873733245882","47.387102264844714","45.9072250761525","48.351314473821766","46.00560039812814","45.772042692998184","46.26969621183905","46.03280620482235","45.67825907389847","46.500954055768204"
"72000","46.241533331859976","45.85564830717238","46.932465148336696","46.824313860628386","45.00426058535796","49.24135974337246","46.14167289741607","45.77339473392723","46.749959815629026","46.194505240555564","45.68270787494282","47.11136073394424"
"73000","46.074062747855265","45.544468415961184","46.35332027884388","47.85695234888854","46.96919866101203","48.515691758588616","46.12089313081477","45.88212312735753","46.51274771190763","46.045692050513345","45.66508760185503","46.28250701391122"
"74000","46.01097294230244","45.71350715979657","46.23677694166057","47.57372509611881","46.845858814065224","48.1414392601214","46.11185721468015","45.24760441107424","47.07536156559797","46.35954209347148","45.46680089676053","47.04469881338381"
"75000","46.5463222327823","45.916760897135454","47.66281115825189","46.91604574448994","44.25269809144049","48.739897178225405","46.329265022604915","46.04308537034162","46.5199532655886","46.15660871735935","45.72598093644553","46.74878147680847"
"76000","45.788009245095814","45.439058653116085","46.301983499227916","48.396209362756395","48.215396452338354","48.5279091406354","45.978095062334056","45.88650941802109","46.161252022498886","46.16537643763633","45.68726320120091","46.55787619995082"
"77000","46.00336883930555","45.45796350541587","46.30820631558875","46.78913304285243","43.574113300165884","48.64821122165093","46.18743724681985","45.98814712961812","46.32313858760444","46.31883504118313","46.07545477286853","46.80322038864095"
"78000","46.13270742992817","46.02074326451153","46.206026706897525","47.14684755874305","45.37386702644713","48.0943858542769","45.99281795757479","45.725182774260155","46.36287450016609","45.99710446104774","45.74216310405077","46.20074994954351"
"79000","46.77685717770643","46.17723620659078","47.55813411604811","48.34254453853481","47.504025579781036","48.89075523227872","46.21747292911942","45.89666524685682","46.680648173124325","46.62464272026066","46.273025971644","47.2607589217238"
"80000","46.527971523117266","45.93623468396715","47.031128968074746","45.3224670251445","43.452699511995995","48.04001589549073","46.33420487706974","45.95047925530979","46.58661962934795","46.44572425096985","46.18444283089983","46.92981061349325"
"81000","46.305402685498734","46.22358074762663","46.39732647478596","47.35840982732733","46.31425032204955","47.98193552774549","46.096786665254484","45.76053941957267","46.53021190346134","46.39358319762223","46.143306152804314","46.777157974903346"
"82000","46.40656526839323","45.97162719137369","46.95598642644499","46.82520738559743","43.62499447555424","48.7720402238545","46.315190761818165","46.086604939601585","46.46048933758295","46.561168795531046","46.46480660008082","46.71042417759379"
"83000","46.426446299066605","46.233690739527574","46.74136166249711","48.22338707593508","47.92160986523204","48.39225639086011","46.48941108146397","46.324406311773366","46.78268896845244","46.55411549057859","46.30339237126642","46.71725687354262"
"84000","46.547171670151194","45.69834974078893","47.59595896078419","46.1943353580488","41.448772779597334","49.243225867467686","45.643892845630624","42.80585510017279","47.406424857308615","46.91167252173665","46.16590467252287","47.74134787484266"
"85000","46.427139218521745","45.64726784816213","46.92336563241477","46.83409355579854","43.816493779588875","48.68929195451373","45.955378567616265","45.81584047906007","46.052798400195336","46.14268924748009","45.83563406217085","46.59927380563101"
"86000","46.58783389975063","45.88594743067837","47.19529110834372","48.217733282754125","48.12631179252354","48.30890341169726","46.340869399176846","45.60055104091311","46.95573699523931","46.222187601282435","45.72785038460881","46.64628360049076"
"87000","46.405139773111166","46.11284849775387","46.71964966744368","48.0865730026186","46.86365936127634","49.11417549955262","46.14286047633477","45.57078165989136","46.60315380191909","46.45938274658607","46.28575719498922","46.77569130220124"
"88000","46.14383297629475","45.351043894741856","46.75929416627697","46.03299739791378","44.147705617127606","48.796302782383364","46.195086202849645","45.884277267280346","46.412601413204534","46.417924174653","46.127788727487165","46.567659117807686"
"89000","46.07578577083928","45.88404828812988","46.32341221228035","47.56399013065672","46.69939268688785","48.26695128498755","46.24580886359079","45.94446544910834","46.70747296149912","46.101610152655745","45.891031068674785","46.41882914751022"
"90000","46.25650844778855","46.10053772499897","46.442051845945805","48.38668188772198","47.899397024405","48.705332968890666","45.80165598535903","45.5810317129629","46.19047848027483","46.003666656623075","45.640929690307445","46.21480124040864"
"91000","46.356828330015276","45.876614879819165","46.64136634477164","49.1823920495216","48.69454297965481","50.07641707737505","46.182570656985774","46.113971548493474","46.3158706047796","46.25800001608233","46.154730650943904","46.360182860929115"
"92000","46.175244589458856","45.8441386168538","46.42159473041435","48.7623785997062","48.24409888626617","49.09266945472702","46.14788678121926","45.916251282392864","46.28144988617646","46.20019773204635","45.94401153425529","46.53555399578506"
"93000","46.459771471481666","46.03482551230281","46.731508821239146","48.572759068186706","48.537701845961955","48.59129533355915","46.03569799410521","45.85186088188979","46.25124385103987","46.03765197808289","45.87916422410259","46.27480413471925"
"94000","46.009099644562696","45.88203670839461","46.19937473620513","48.32197649380054","47.593535925813036","48.925652695061814","45.96158604962468","45.782392333493284","46.12331781233439","45.87447597024187","45.51448170391214","46.25822078195379"
"95000","46.749658859921304","46.52813276455378","46.898266043043634","49.01985363042627","48.047906649268164","50.17696160750421","46.244567221586614","45.673574520494206","47.3201521468738","46.40601308061559","45.67351312880815","46.82265520080958"
"96000","46.5208462680321","46.22761866196364","46.682544168823426","48.1853903681577","47.395232904229765","48.84942145536493","46.09591234316997","45.89506720320587","46.21024089127414","46.1396544730525","45.743720869303054","46.48127272191832"
"97000","46.25290428092381","45.92471978837913","46.72381794978492","47.680098355247765","46.473012979763546","48.73432756869673","46.12603125555888","45.61704373474406","46.527125793370224","46.31699236971852","46.07389602283053","46.47942698399075"
"98000","46.856473006955675","46.3055267847963","47.27186269371445","47.51423076679878","46.9761659330762","48.494816290587615","46.464439980066004","45.89524068162979","47.10358223714679","46.42604267863117","46.11019027152319","46.98533135011203"
"99000","46.257781824693474","45.92730376850066","46.710811112720805","48.52350017632304","48.39053249940515","48.6507615459824","46.433689058361956","46.16696296218322","46.95910104176466","46.260285337290895","45.78792197642569","46.77403008508587"
"100000","46.33113805459908","46.255753241356224","46.41755897840442","48.8202295756268","48.44459975171934","49.44274099112925","46.19916404698706","45.76101078785403","46.45719572792256","46.46029367274696","46.17686164061605","46.930511750873066"
"101000","46.083794470941825","45.91630664160284","46.20181076468185","48.210769322185264","47.79970159683421","48.867162357160424","45.966349745287324","45.73812067603017","46.3570549507256","46.108313403403976","45.878203616891376","46.4350595909091"
"102000","46.569816138210875","46.242850238549984","46.940266777913706","47.85303504801451","46.826426475340035","49.12840482255993","46.3528285178323","46.18049177295038","46.483382807888354","46.42441889577316","46.239398984121536","46.7261889907544"
"103000","46.609068179576845","46.48270303820656","46.84890734928407","48.877886004194245","48.60888814039284","49.36396134265175","46.017100905069164","45.36626876974809","46.383953281987864","46.09851440230877","45.88246945061469","46.29358893091297"
"104000","46.09525843819282","45.897075077012836","46.26664411630897","48.77957114282467","48.41540838388881","49.26496183534725","46.03161196173311","45.77557532041308","46.16494813383057","46.13597456111378","45.81728634494383","46.54883571311711"
"105000","46.4786978284889","45.782003478579895","47.132194468392065","48.70451465915806","48.059084340107816","49.21215636987629","46.330666357486336","46.09173810869551","46.68936900987736","46.377191100030494","46.01405352241759","47.08100827296475"
"106000","46.63061532842","46.34993905187715","47.110546481590795","48.80622221984763","48.427082460263705","49.4478332691632","46.03560003324234","45.63037810885741","46.61042894757005","46.07810927186876","45.858053015449904","46.45167114689623"
"107000","46.4241429145351","46.31034581280141","46.554968794165795","48.75577290757536","48.27941922266231","49.19502464732033","46.19849495325439","46.13206255869837","46.30423031554695","46.159894293159006","46.14602513167819","46.17503843236299"
"108000","46.198637638052496","45.95926284839788","46.55656821608136","48.95941561401562","48.589269494970445","49.556052255278416","46.201005296305915","45.87485729494215","46.425595550296066","46.43195933227664","45.96402046403317","46.793277586449186"
"109000","46.325568562739825","46.089424131405835","46.58325937961252","48.59467473304206","46.27181820381086","49.959987087868","46.51141757058019","45.72576933532386","47.24448635216612","46.256610779953974","45.41317780688525","47.215145330814"
"110000","46.63426668188995","46.3820544311676","47.119140267754794","48.959613392342995","48.59177424045375","49.252868362813814","46.47560238966734","46.01862793035668","47.034741143901456","46.261574417822466","45.698885101434","46.81276100767029"
"111000","46.28048668295208","45.50559572289745","46.98734958731532","48.917289700400936","47.892730023010444","49.75927033024835","46.10129836920777","45.441391492151915","46.66955791367809","45.9556104630117","44.8996611775943","47.139669532643175"
"112000","46.65016056601854","46.53413392003456","46.79439694696379","48.993782747225964","48.49614569477452","49.247308536879366","46.415711907102896","45.60654269478879","46.84755071458116","46.495548025049004","46.316698702116945","46.61396289877811"
"113000","46.67546520534015","46.53239091399907","46.79917389556454","49.32187156816547","48.59504961753453","50.47974819504885","46.12666469269421","45.70770010810749","46.712078208016145","46.2472993917354","45.95089178944461","46.51458811257632"
"114000","46.055745642231905","45.83826918026679","46.188618362008974","49.13091714086429","48.69284454792437","49.428531813755875","46.15040499914492","45.605519130102415","46.4860309109236","46.14590671613799","45.86391226666289","46.55812006861448"
"115000","46.04235082506708","45.787526431481254","46.25704489188386","49.39320966114616","48.48548780906855","50.067917113246686","46.196017354200414","45.49388149245614","46.68118591217473","46.51288398319576","46.45914070343271","46.564190672037356"
"116000","46.73214873923791","46.21258335714325","47.752521643361696","49.02044744313928","48.89411050650715","49.08722070623261","46.81763362944025","46.41013198486291","47.52296877957344","46.43110422655073","45.84048562250646","46.79365004021755"
"117000","46.494390344946794","46.209495545704144","46.97566856729376","48.92259603015565","48.810052809693936","49.06465925578269","46.46374558055328","46.14923152396982","46.873921297750535","46.44049209468087","46.38809953549077","46.53686557502132"
"118000","46.43267122422443","46.145255713438154","46.62615053087118","48.68190787190883","48.32340694513519","49.23674536902683","46.28210831435002","45.874100889552196","46.71677448350409","46.32285987821401","45.67821930341875","46.67289611607842"
"119000","46.129204118684164","45.88856546902107","46.5260402818903","48.59672066472584","48.15766007867459","49.066174949816116","46.248250663918604","45.81041034493899","46.49036619741084","46.43062995480676","45.963472877812514","46.91933849800275"
"120000","46.3781422269172","45.83244926215448","46.65552146522725","49.05798308289252","48.56074415338208","49.51932555851698","46.38797069637375","45.71331830844074","46.72556226448028","46.17740410460356","45.90462734553522","46.4759772656369"
"121000","47.15766440246825","46.73049752038505","47.694109721576275","48.59532182742498","48.46590354233769","48.722240510477235","46.6919856780008","46.21772010940271","47.39818672017681","46.81879670025469","46.22767979600239","47.60411967464183"
"122000","46.77525856574894","46.280148300620155","47.263431557631044","49.41929922601443","49.227087909573996","49.792162382750085","46.99315673456186","46.46354101507194","47.33411424544015","46.94283987951972","46.78584651657871","47.2470009397612"
"123000","46.38520755406383","46.19625232314435","46.61711383825819","48.847458780587665","48.323055969081246","49.32066859139736","46.24160269563142","46.11739548176249","46.34948419882856","46.337463180696375","46.14088641579315","46.6570098530749"
"124000","46.66774739123091","46.10270237447101","47.0517438508367","49.53132707680489","48.91671030560504","50.515301942912124","46.71324792080704","46.57266685833605","46.98965693367717","46.61417447508251","46.42191157291113","46.75219381759061"
"125000","46.86797658040509","46.61123941305441","47.164979716167565","49.4176225049063","48.72238413605071","49.85067943308968","46.39759621493899","46.01089687559883","46.76040718730556","45.81488807488828","44.44361922740664","46.786175935245296"
"126000","46.97732623495625","46.84519762780822","47.23658157991043","48.61422136866182","48.29809012352014","49.240058665340825","46.33288195227383","45.94170164441287","46.57594541560467","46.533901161735066","46.23144775081599","46.69587315118854"
"127000","46.77178129658344","46.3670536144193","47.08206890731322","49.1161633898431","48.44037191415778","50.153592274538816","46.52736886360335","46.336355344338685","46.760238435105705","46.475338499954205","46.216104632395","46.6506195137897"
"128000","47.318187008012295","46.943746691335555","48.01268713373333","49.60839278466529","49.04959049303335","49.95024542529091","46.91524962254133","46.272419237996154","47.30529856222606","47.109084424475476","46.83458044191457","47.53304437218514"
"129000","46.34504887241773","45.92694297796315","46.97479670356814","49.53710665013887","49.35465004742539","49.84723249275267","46.21725935156829","45.98806488813476","46.33335050067601","46.29723912727417","45.97350579822263","46.46948369861989"
"130000","46.781384888540096","46.650517082115044","46.87083493776753","49.070226783434464","48.665808649899574","49.46155409480248","46.35307730927729","46.11419261214463","46.79961172088871","46.37976671706489","45.94710728142174","46.62274674712426"
"131000","46.73962792995034","46.52187612338057","46.87087765636393","49.80186890999388","49.70391438683102","49.894326524851294","46.84297453078088","46.73181177136304","46.937323787965","46.467833906825284","46.272582079096196","46.79508860997821"
"132000","46.69550048534546","46.504046989017915","46.88801028916778","49.525450685187565","49.224268834911946","49.729667101055185","46.849837581458","46.25822688164668","47.4744973732798","46.8317439508437","46.570895544974036","47.30399680899085"
"133000","46.68383807175476","46.50406801339758","46.86490090891965","49.27787076361212","48.82976521575344","49.65539546260259","46.546061899248635","46.217027176409275","46.881284162755044","46.648911527676695","46.558796506421665","46.757723451921684"
"134000","46.81519642886861","46.530696386132","47.35106796977781","49.38600600600416","48.47950976292599","49.8477225212491","46.616407840496834","46.1343700493046","47.37513946730304","46.71257186781841","46.200325792001316","47.46883173511546"
"135000","46.61638222367957","46.226277676083924","46.842561260658364","49.018813914630094","48.56829778440556","49.581162298560166","46.60098778733294","46.212102702013176","46.97751069114767","46.429543580032686","46.081021276056525","46.90785424468865"
"136000","46.031719310677225","45.71535688679993","46.50025492962844","49.466456384333185","49.035958159826365","50.10019469330251","46.380514916824644","46.30048606717798","46.462471620345","46.17785170635856","45.83524547524095","46.39688773898434"
"137000","46.928448522847596","46.10173149545763","47.44278481161109","49.19973885469562","48.60329557836584","49.51951339854933","46.81605142402972","46.56899027689755","47.15625785620306","46.85271232662448","46.49205400315074","47.40212664031492"
"138000","46.968121004921166","46.67368035518445","47.396703889173395","49.15018355031021","49.00444260534137","49.441440746166535","47.06784933013762","46.57415972784511","47.4693888426334","46.79533149760369","46.373489454973225","47.09133267137821"
"139000","46.493713253416274","46.25132971754141","46.83004374383251","49.25054851769439","48.80805078005312","49.997976428588295","46.59098336033551","46.408763671503635","46.70425826593182","46.45953779081146","46.235520369385455","46.787649964102314"
"140000","47.30890186564312","46.856556005828885","48.059623713981026","49.413134207728355","48.91233173597102","49.68164118613652","46.797175907719556","46.54974636337671","46.931785851528566","46.85788266536505","46.31804299904048","47.14003716755009"
"141000","46.71641373399867","46.44735969082503","47.24855786404292","49.21623312694166","48.55294886904857","50.04938194547761","46.63915126654967","46.49553345818171","46.90331968563176","46.6426955002219","46.3908054535045","46.99816981894418"
"142000","46.523803747529776","46.03102711915118","47.1256387812868","49.0840238486607","48.773712562418496","49.43455160567235","46.66247285545745","46.34803316627841","47.026137464565835","46.52127821335367","46.19337374304339","46.933118830956516"
"143000","47.083029304952866","46.83565065042894","47.24326123535257","49.46524541805087","48.673850828141205","49.969865728743834","46.82418837801498","46.69596027520206","47.019778458376294","46.575971794393155","46.20197881016882","46.88433572209847"
"144000","47.07801285380433","46.44021448248165","48.14384288903973","49.64225295400167","49.2140770268423","49.88140329415862","46.9427284358027","46.64055307992169","47.41899584803594","47.100139588202325","46.51977850329146","48.05920429211203"
"145000","47.33839021028093","46.99077594388109","47.63975166573","49.244558776934475","48.844289305052655","49.49480194776585","46.86782409172539","46.75102789100035","47.09940963682251","46.933741867071895","46.85221858283338","47.02046468393962"
"146000","46.83779551531817","46.80744802307251","46.866994846740944","49.66777253092592","48.633770176685424","50.29830790888409","46.71848378768269","46.459835005371666","46.86167516963104","46.751555451644215","46.39122050283414","46.95115984476147"
"147000","46.992220786938695","46.64333586203269","47.21085162179508","49.49857550334724","49.199101934903595","49.6759821238078","46.793428786941945","46.50897598211574","47.103637099679894","46.695618744778216","46.40290183287178","47.09092459687775"
"148000","46.97605825267778","46.25188914947045","47.73652002680573","49.27247518079423","48.950710116787974","49.64515597862013","46.58904296282956","46.18697126621304","47.019688283446385","46.36756150318869","46.073242972056","46.7618087005706"
"149000","46.75772268150762","46.41492302649319","46.984811858523386","50.0699463116111","49.568666044569454","50.40787948740263","46.632930627383","46.18373795596861","47.1377171904383","46.634736142187855","46.53046422492966","46.73234683594752"
"150000","46.85141052549354","46.75374629689879","46.90251449251126","49.82468773448324","48.184812416876774","50.797513102557645","46.22292311287947","46.15672783394547","46.309207169547996","46.42617579203175","46.382539110795165","46.484131278879886"
"151000","46.60591369154485","46.33214656856664","46.79246953754909","49.851787928807006","49.05946228681583","50.57929278710533","46.914521064892845","46.568182577615794","47.18301788351098","46.378877184808225","45.832776944355444","46.728428849921464"
"152000","46.76903237251941","46.35335936249618","47.281539304188385","49.78637453624703","49.250123828298406","50.17747905129579","46.71383612338292","46.52319524226586","46.99512525939074","46.550338066290074","46.49423570946531","46.593218164495"
"153000","46.62205678383455","46.25345884725999","47.05787423736459","49.51295986065579","49.16391357592351","50.19255739246174","46.80264244080278","46.58898877661389","47.179971337619655","46.76006687744954","46.61131026102691","46.99639226634336"
"154000","47.235499950821044","46.787931441374795","47.46226527287044","49.36971801550396","49.15670022578489","49.71587426597086","47.059543138340835","46.53297807849881","47.662946099382005","46.91810444482123","46.43819139082228","47.32808868015772"
"155000","46.67548717093126","46.4508565262338","47.09778034370023","50.18736523633411","49.82952851173869","50.738652839787456","46.836539321414136","46.30495480529339","47.45949132162488","46.6255419794174","46.081944763260175","47.0050297490677"
"156000","46.832445145613576","46.570640962210774","47.27998609489704","50.04852713747456","49.8139215846602","50.27883255370777","46.58878026498282","46.30114217860955","46.77230273127654","46.51162293798313","46.39459489300817","46.736522400236574"
"157000","46.97442188391461","46.682098521700304","47.167293513683475","49.86282444334973","49.14367500553439","50.55925647454907","47.23000083450276","46.69523292780857","48.06677631330846","46.96647746965787","46.452650540933796","47.52146101782393"
"158000","46.725127899560924","46.38400234893471","46.90005596967977","49.162259468872186","48.43054844995335","49.59242104151094","46.770608316632035","46.15609299791921","47.325842791878735","46.611968580836994","46.44355484962991","46.87151800114858"
"159000","46.92773583428695","46.78586799484518","47.04917195219731","49.940309616671065","48.905555642361705","50.63802984686389","46.94933453209466","46.28672379186864","47.51342969472491","46.77941280510249","46.464341870002826","47.17502288583707"
"160000","47.01125719448472","46.91172187955417","47.171344648619794","49.86006087559068","48.986076843830325","50.41791872542627","46.8393259079379","46.608461843836736","47.26173594496966","46.693032935677024","46.40040117850568","46.90427542007119"
"161000","47.07840801667448","46.51548444758367","47.483074476315664","49.1240010704722","48.13206198777536","49.65262420745128","47.12407136808415","46.8512218099209","47.61226260560077","46.56734157970741","46.23515737154014","47.10077255933419"
"162000","46.872934796767936","46.498776871587","47.0778139755395","49.63813121530679","48.9056403169368","50.079182337137865","46.929038886723106","46.563955322130035","47.319831916234115","46.85630580439389","46.576859247832566","47.01223150900608"
"163000","47.346457961235195","46.48474447327633","47.86467404611594","49.742678925398536","49.05215450085422","50.29528087625093","47.16227858579938","46.68112155940695","47.861165453308246","47.035125179815616","46.82381563372272","47.25174745830781"
"164000","47.51205668561988","46.84460031604606","48.150738682241126","49.784537684507036","49.07506776911555","50.18883134429502","47.69000736236294","47.1016937878187","48.061410558708424","47.410635455565775","46.666244427580516","48.114142779928684"
"165000","47.12900740008249","46.889226968559065","47.412640958463825","49.78125099728183","49.39965013795615","50.37530053215396","46.97420951291153","46.89196341757739","47.115034737887385","46.791848560480524","46.603136595022434","47.1086529200956"
"166000","47.099628802523114","45.93138783081061","48.00431201051983","50.12228790577228","49.27789578321959","50.555791574015764","46.58228098414204","46.05852118244417","47.03359998015289","46.69056979997779","45.713130349107445","47.42490008778324"
"167000","46.271813688682776","46.138799961499835","46.417919179700014","50.275746353009055","48.961892305113906","51.01091829278334","46.87102122391348","46.427565360397054","47.51314324874658","46.24381072944886","46.07039814053877","46.34091104562234"
"168000","46.89743113202454","46.72444535080065","47.017167373710336","49.45950305876656","48.637224918076505","50.74136064025916","46.99567877974485","46.63071524505277","47.61330472556396","46.719577811660976","46.173634993943494","47.075145230998785"
"169000","47.01631393585061","46.70673020501815","47.52629023626213","49.84281239911825","49.665958742722474","50.08898819880826","46.90052641367583","46.61296909043842","47.10863575410082","46.73216895482714","46.67864947244155","46.76772136437503"
"170000","46.59290485049366","46.19148695682339","47.171188307574546","50.069738325706396","49.614157077107315","50.81908148073332","46.627011428476784","46.547070560945656","46.675005008719","46.66123634142929","46.55874926272453","46.80473274528932"
"171000","46.83577393281007","46.458723617140926","47.493049731162415","49.632594186268754","48.66404639409895","50.54235729445023","46.68695062593799","45.8849873347983","47.339743078183524","46.90502795008087","46.39808968811832","47.21470928016422"
"172000","47.093906308352366","47.03987989443004","47.13597161374055","49.92141319716962","49.39143368858871","50.2508307380619","47.01049713863029","46.8756964796894","47.22442764337233","46.99460955820558","46.925336301252734","47.12317855421097"
"173000","46.94643624984342","46.64441788513222","47.258854307479154","50.46536230925812","49.97001873082412","51.0529789635255","46.92187942393483","46.52121505990226","47.24858294631337","46.852279180181284","46.70211763069265","47.07064647292477"
"174000","46.96964038726975","46.9298711490106","47.00211951497717","49.93296325092083","49.17771384909253","50.80022875078195","46.839059892273475","46.60473052206597","47.22697272873442","46.806886798257274","46.455187985256515","47.3449189133043"
"175000","47.27109240494067","47.18267482217509","47.371186648271916","49.946261900619156","49.1859709122904","51.30000899679589","47.216779968981456","46.70180810389388","47.61878825087937","47.17309326876415","46.78281167963472","47.52242481627329"
"176000","47.32455608532575","46.78687050416061","48.07083802253321","50.22049637249566","48.88179535430774","51.36040868728252","47.024851884252975","46.634995631376505","47.24687098410017","47.072055197592704","46.718828277406","47.629980484108415"
"177000","47.714935754360624","47.02007750711489","48.80179541282046","50.273575950427905","50.18299290102579","50.44180745287991","46.87552542773316","46.69157802673854","47.229222254113914","46.772158585352656","46.58741959289328","47.030202390571546"
"178000","46.66075691221312","46.254502259577016","47.441515097769276","50.35961942454582","49.18689342985895","51.711813757306025","47.25091831396841","46.25585121889437","48.59843264983965","47.14984003426867","46.17342134855955","48.803415373044345"
"179000","47.50447175494185","47.00636328328078","47.98263795099491","50.36346680111699","49.44614231403293","50.97615120571072","46.98580138329069","46.5982672953182","47.37175645124905","46.96562930026251","46.619321573383154","47.1552204126018"
"180000","47.13534567445359","47.03242924650767","47.250686633857306","50.020091726195375","49.49190331702573","50.845238592640804","46.97315426253906","46.65370768905433","47.322607409201076","46.92112804523589","46.795494468841135","47.16859898340087"
"181000","46.81030169141186","46.57583956646363","47.15813622907682","49.5575092242477","49.46112654548774","49.706956041673244","46.99504177952755","46.783901992551186","47.39186009803356","46.78328666577334","46.40181824675238","47.41456377645569"
"182000","47.13063279413445","46.48489114210578","47.52788118815071","50.39801195328332","49.391896326872676","51.216066029051134","47.06166810051971","46.41930626641762","47.44344342113689","46.90285500621754","46.445435920333225","47.224706767934336"
"183000","47.132419974923636","46.938870376227875","47.28385424242919","50.82729327995684","49.316297108491945","51.86809161491765","47.02516663773056","46.51372678149819","47.28392412593813","46.806998426225846","46.379051827899836","47.09566028649319"
"184000","47.02191598559773","46.64019766229494","47.66734505385092","50.120474276063014","48.78110317559662","50.92706934311264","46.91872852203688","46.55585689469064","47.55671333034879","46.81552896399321","46.434517268672636","47.324942169725794"
"185000","46.35724564422046","46.19385450200743","46.605654789864396","50.03716112035139","48.863508172644316","50.848347864429286","46.805739738842526","46.43791176396799","47.12567274937468","46.47959267195827","46.18773895268619","46.750133615230965"
"186000","46.911775716330474","46.423948109893544","47.43905499289768","49.65404400385126","49.25598252189314","50.1229565343891","46.665774907858854","46.24714497771476","47.404913457383095","46.70974853466021","46.57514601390056","46.82140142471195"
"187000","46.6473392898972","46.404873643367026","47.02270828205772","49.85168520758848","48.435627118691635","50.80263998604775","46.74569006748021","46.4689468311669","46.95634826827434","46.58564458850947","45.948187434310825","47.07433169309488"
"188000","47.15769110179665","46.97733520462798","47.277473275780295","50.208045805716345","49.47455872500603","50.69355440939268","46.99106886135107","46.66982951379267","47.473708755709545","46.663209479951796","46.43777915116836","46.77971163653721"
"189000","47.46233143229114","47.020185540156966","48.23266470509145","50.4107001024339","50.103575386332956","50.597124889734836","46.77610915941054","46.60104449359227","46.98332377589446","46.90242792112468","46.75123198708831","47.06292795660264"
"190000","47.12706719736959","46.87361065007392","47.32585660705449","49.989276407529054","49.889836906474564","50.08310290514943","47.106726867435746","47.01980802759683","47.18431762268121","47.04296089812025","46.81578681518416","47.45017233644932"
"191000","46.803726605948725","46.535219453839424","47.15259319503789","49.99274044269335","49.21309612251641","50.4116677123812","46.8850335394722","46.79551011825123","46.98951635458228","46.690724619088","46.40352780176178","47.11772285790802"
"192000","47.03638350788584","46.52954762207813","47.68288949430356","50.18865928196902","49.98298623778151","50.29835050837299","47.09183873395304","46.586454606854005","48.038475129158144","47.183472264244905","46.53175280370178","47.93081952557031"
"193000","46.955536518102654","46.76610093553023","47.208336694411884","49.53588612983049","49.1006369445966","50.378986274208884","46.969913043827894","46.451194882225316","47.45029519563896","46.74899320474285","46.51377704439342","47.03926966528431"
"194000","47.21906082790989","46.75638646951085","47.64788189011631","50.27458923490315","50.041750273652866","50.60849996079211","46.99555634924772","46.66719104284861","47.382806081013776","47.10765409549552","47.062609394402614","47.155067613180016"
"195000","47.61586041154009","46.87780355473789","48.86265662435609","50.8575036837534","50.202348148432364","51.999511364741444","47.1925212763305","46.739974264068266","48.03654235229439","47.24956753893249","46.71492997292512","48.17707448420326"
"196000","47.689763252184726","47.0325687488377","48.91904187925331","50.138783187261005","49.32538754404092","51.29949282685645","46.69800930206804","46.143707799638975","47.19856537861676","46.69968883711427","46.48509838477624","46.93890374960858"
"197000","46.99826200574342","46.589180745984415","47.25503192220712","49.99870140266847","49.5842828190952","50.36174949321537","47.206473809099684","47.00172386082753","47.48343262280763","47.21164478949472","46.84872281981166","47.75708116071452"
"198000","47.56365015717413","47.06129776271375","48.06139393182278","49.86873075118805","48.59338654245559","51.37245373128076","47.01782610145877","46.68399266909734","47.328595492714115","47.024304205021956","46.84930832577602","47.370349194211684"
"199000","47.76041907313433","46.96377493908896","48.70983740186716","50.28049642690403","49.07536927872116","51.88465786908723","47.036212311279535","46.68748759735601","47.22744881957156","47.09307424890701","46.732880857837195","47.35010284233644"
"200000","47.12919184680002","46.9643065873478","47.44795082140026","50.75848267174218","50.280722052677916","51.461884441692895","46.92889610795473","46.62387778313472","47.240662250912024","46.97108854663131","46.81150762073364","47.26902325557677"
"201000","47.83367099078805","47.20519333035709","48.33694912050382","50.63256652243043","50.15505517806744","51.370395072315056","47.36617476391877","47.31341187544129","47.462209335811664","47.23298371201211","46.94862034300694","47.6818241861205"
"202000","47.13246734927768","46.667162555868686","47.51477467299431","50.11797298494157","49.19878721879826","51.116555486750606","46.71314120299619","46.254996257502405","47.064354754625846","46.83975027883188","46.13034646652385","47.31573169432119"
"203000","47.79085410772537","47.32433836940591","48.501234484596196","50.83252474090884","50.581957876444775","50.977727526482916","47.10172920230914","46.74030602542172","47.590737133856656","46.83744378927423","46.496634013811146","47.153084646439716"
"204000","47.19387382625979","46.97167717049922","47.3329416407707","50.34842409948322","48.89144742519232","51.141428478866914","47.12878532437397","46.80326391314882","47.57446573862343","46.75465252676605","46.446743460336116","47.13661689488485"
"205000","47.468944739349574","47.27524009859888","47.82086946452046","50.150605122744444","49.798550738488004","50.62692624373142","47.471817084758634","47.30181775613633","47.57419372477762","47.159608044144655","46.86321997941239","47.424288760558746"
"206000","47.5131442342417","46.95768151646039","48.336537769991864","49.797731162700245","49.05391062093696","50.89297425480521","47.24317189426201","47.055496259211765","47.60005945144352","47.29333120989629","46.90176303602688","47.8848695718426"
"207000","47.31033500678618","47.0876390779082","47.46857477875356","50.28572355795143","49.991074123511005","50.81948152402337","47.45786016055816","47.042895894417406","47.96544725975622","46.951145776711314","46.731875316916074","47.359996209212305"
"208000","47.22661667194785","47.03368325638689","47.44792127673618","49.99993321181744","49.755617756862314","50.25389080734435","47.484800038330995","47.14064235085817","47.70448369039112","47.11133323744968","46.68968585287459","47.64529498103349"
"209000","46.85632552874199","46.38883594675679","47.38080890421875","50.67571864112424","50.17435535582666","51.34604298653933","46.99524091480367","46.84046027266028","47.255428728216295","46.8150129977569","46.273705183082235","47.61955901135501"
"210000","47.38308815847743","46.5122230985557","48.09791936923804","50.86508900258517","50.64631337482576","51.03403041860617","47.34150570735151","47.0876689403595","47.796260619371175","47.354879590911985","46.953284417244724","47.7853605220798"
"211000","47.60150332674065","47.190538117498775","48.38358437774843","50.59968343988685","50.196606400634394","50.873332666728984","47.23293950002532","47.06491122659955","47.35538628706747","47.0683827139888","46.877895038401974","47.3406099150089"
"212000","47.55502834486066","46.80873780150928","48.059227728261625","50.71588256392408","49.8811083187496","51.29786192933312","47.38944506905474","47.17180592933905","47.634809954211065","47.019509411641586","46.855681491274645","47.23160890792021"
"213000","47.03907289802921","46.774042713799716","47.256210588472996","51.513155255799234","51.23600036473223","51.92555622617198","47.720982262158806","46.57330164506641","48.78461746509073","47.27561864483929","46.45853289405496","48.26994591882525"
"214000","47.37408717003041","47.06521895298097","47.87691305905124","50.843677694090765","50.11932973311346","51.78070842447359","46.76361645384916","46.20214936342505","47.51134948156934","46.98078811439944","46.17596095337724","47.74227068294428"
"215000","46.828029822952054","46.48286599074605","47.021530317097856","50.3375910393702","49.98510721217625","50.71855817699199","47.38388109723866","47.07125439569827","47.66917478409623","46.95679415179799","46.51972026995943","47.43286421384734"
"216000","47.683355285226014","47.49917926744361","48.006522014086386","51.23591725741471","50.58372025029202","51.95905889946372","47.45697388831345","47.059649925052966","47.69527139198529","47.29604061189395","47.00111273545442","47.78024191593925"
"217000","47.012395892275265","46.859569093175395","47.14616744130999","50.26876723998785","50.05060609290074","50.458261833803384","46.91280204010433","46.45379197064581","47.640580151016316","46.73478474847554","46.22220031618096","47.04100933276052"
"218000","47.3774622683246","46.934774681437624","47.78513572351912","50.33189963639651","50.04070916779365","50.610038931143805","47.00695976712146","46.42911753790173","47.726321195473226","46.71478804867953","46.39867884686699","46.92816980155067"
"219000","47.67299343585932","47.47125244190157","48.02990949713781","50.333968627050545","50.08848221766099","50.60616232483004","47.133974128480986","46.555440329759925","47.52588747871062","47.15815409098274","46.63350658602394","47.44298047081057"
"220000","46.92065372886544","46.732390623274256","47.09501844216776","50.389591585001064","49.51434529709768","51.37370509199069","47.126752902241925","47.01155232756778","47.22013352796663","47.156741244361164","46.87100932536755","47.66225536301763"
"221000","47.65973032740337","47.079240966624205","48.5814498634665","50.70648719952101","49.22770783674245","51.808511966644446","47.474928889753706","47.381460208791395","47.61583752031073","47.605650568792065","47.1305469970057","48.15396815256883"
"222000","47.35324270463426","46.735760903147536","47.85908378496468","50.74098136456669","50.117596938626754","51.24484230525621","47.05438581742349","46.74750631134174","47.27692559495354","47.02991655907582","46.78982658391912","47.2862201819045"
"223000","47.351214386896096","46.69177458363938","47.902160520009815","50.73752053564684","50.14373704522483","51.75975514869041","47.29073274439497","46.949287104135514","47.58528784002915","47.17719709157253","46.82646886011304","47.51689172938716"
"224000","47.182172546271374","46.66029738427509","47.945141420982786","50.836521109381785","49.98704251680305","51.38463772242403","47.19723435202508","46.8546279059316","47.59629391132647","47.0350644099272","46.56519752589666","47.29789284638193"
"225000","47.13835221259024","46.923816143787064","47.366147060789324","50.61389340252907","49.58800793770123","51.61386748024063","47.38728005612435","47.14393831176958","47.59403863627904","47.08193490927703","46.97147950045664","47.295053382474"
"226000","48.051893929422185","47.458552790256626","49.053592541218116","50.95037524357735","49.65725156896969","52.07106756877481","47.54091803949612","46.98728243928609","48.59976790500107","47.15253716637009","46.195056935951264","48.53467111218176"
"227000","47.30660251619701","46.93359326016351","47.818434503005925","50.159748813261096","48.570662792963915","51.17598033378602","47.58631816096405","47.00844700705332","48.66319163836156","47.10848834038444","46.873181914483006","47.31409388134641"
"228000","47.002007126797984","46.7880554760731","47.359040545219564","50.81057068223282","50.2257013555364","51.69860065859764","47.10149416930896","46.86179025487449","47.547085787379274","47.05945160258117","46.87745191039481","47.177713653275795"
"229000","48.0013856635014","47.15076668570405","49.204457098219684","50.448229394356986","49.631719269504046","50.95663032581717","47.432139256157974","46.84160476677774","48.10920669386688","46.97118172894506","46.70058542442311","47.14491873903723"
"230000","47.61231068605199","47.171812579962584","48.11305042650734","50.82976015951626","50.259945553406524","51.72329596967595","47.187228683861235","47.0698080743878","47.38076673426587","47.09838518026688","46.91070148548109","47.43309400737767"
"231000","47.46952325272554","47.13355907652535","47.804080679733666","50.44431088872624","50.11659730912316","50.98123937096427","47.212331507027216","46.698761375930935","47.48892292158756","47.01619440119697","46.609755451557874","47.67837198879123"
"232000","47.55399965940979","47.479905229019316","47.63383031704267","50.73023853558012","49.847333491331696","51.81662744043304","47.524800312906734","46.83068798438757","48.055329043905886","47.39600835534745","47.126025523635455","47.93015377495316"
"233000","47.425855991033565","47.11949155946225","47.61760554189866","50.748750370722725","49.83760252794826","51.869102919668606","47.08173217008717","46.916341246812166","47.40506892363531","46.98711667955743","46.56093014878171","47.46098832446709"
"234000","47.79719353132552","46.65457135341338","48.925421554140215","50.67202250281476","50.27726057132947","50.96982004865416","47.746627778437436","47.00808851113009","48.67929045265525","47.565972904674595","46.98229723765971","48.35367619059399"
"235000","47.5597902664889","47.396363354045725","47.697340310336564","51.04929050911219","50.40663954073764","51.82587360100782","47.22091660571283","47.1533338360704","47.33423026629392","47.43384119036495","47.03261008678708","47.855469162264"
"236000","48.10043628000377","47.893224982746176","48.470461509720835","51.17869864957937","50.12755152490336","52.42946622827268","47.580128865742516","47.08909882853033","48.33687359956077","47.59230334365952","47.28133873092358","47.974229891152845"
"237000","47.38905366768304","47.11671976510184","47.65517579661722","50.952571426519626","50.658972697841264","51.385008234546014","47.496791035051906","47.1906187919985","48.03792862255444","46.81237941697834","46.511041458487476","47.12367997881142"
"238000","47.77409125157141","47.56303979704871","48.06936943417498","51.04090491945137","50.78645073681823","51.34193896875073","47.27108072227845","46.8655938794462","47.57500755422395","47.17144011663765","47.001862519630215","47.34693245471947"
"239000","48.410145819354966","47.7418402555877","48.944172545281845","50.71982045011847","50.371400431998204","51.04836411796276","47.727469915554515","47.648733996615256","47.78104151424207","47.8713614637632","47.28941376657178","48.62603766805153"
"240000","47.414185164775596","47.33844930974636","47.46161010550561","50.55255900408093","50.220045313958394","51.05361267103192","47.32165513098524","47.22276181118231","47.50265234259986","46.7756352541127","46.507354555950435","46.95407826037911"
"241000","47.44328822637527","47.178828653912454","47.93590510648652","51.370926893109605","50.952015994496605","51.88042901812422","47.65600688824799","47.188315448631755","47.96481155653806","47.216541697609564","46.93353582225115","47.52753619833154"
"242000","47.428555114516655","46.80061904969738","47.88466656113836","50.48371285518942","50.22475377278498","50.90547019492556","47.08795134145797","46.696596774052054","47.58823084309499","47.04101433566344","46.904744036106024","47.13035511390906"
"243000","47.62619764084089","47.405066795985874","47.83331971342587","50.2372616871779","49.44214003931632","51.498329959647734","47.406716061871464","46.99848414579711","47.69108614453612","47.2586375872447","47.0354072003898","47.62767496413594"
"244000","47.68585000439367","46.94378738668536","48.58452290908339","50.77131887644713","50.23040459343407","51.568204541342574","47.00845482330484","46.64625998019944","47.20987216928789","46.91542455009111","46.72264417519698","47.10934284462052"
"245000","47.21842269561309","47.05114753350168","47.3785929685771","50.36588074828066","49.73751042248674","51.42568455786112","47.12571687367099","46.76846047551307","47.437957924501326","47.09791260398081","46.89438911791983","47.30433303637747"
"246000","47.623907914627864","46.86566905526102","48.16984325960646","50.24154324540322","49.98387975597769","50.505264347350554","47.494267347422806","47.135514588648014","48.181177330045635","47.021974028652004","46.86924128435406","47.12698375177602"
"247000","47.29654132884168","46.91572858202033","47.6411001841374","50.09520852251649","49.78346000231174","50.41309794057618","46.87902240871855","46.63409937952714","47.253220934023155","46.95290182627188","46.57370010002341","47.47897763699309"
"248000","47.24784448115464","47.06348108288603","47.53932160435961","50.754555193903094","49.88608865299357","51.861067254379186","47.127030754459305","46.59526130223376","47.635057445028245","47.017608853884575","46.68291199054594","47.22983451663647"
"249000","47.91648865669356","46.98195833327353","48.69550613180934","50.33303292426757","49.78981469741454","50.90064089715279","47.44051502809038","46.716609747607095","48.383778602826325","47.210396272870334","46.326821505752406","47.868732893331185"
"250000","47.251407726489624","46.9944154295787","47.5811396674981","50.521616905538245","50.09407190534964","51.090702480325135","47.36859345037766","47.05338282329269","47.582877118216906","46.87290172744563","46.615680836019614","47.33325760522524"
"251000","47.55667568406438","47.0831395337736","48.07731474480563","50.750551466359646","50.71886951677421","50.80159202068318","47.28049663802539","46.94269721970854","47.59750542230813","47.09978203266987","46.76072445107262","47.38310588907325"
"252000","47.352265117614884","46.640485273059475","47.791692682289735","49.37914296503072","45.47837720968863","51.54307789601689","47.187964028939454","46.868727929198094","47.771968930241115","47.187663948955276","47.05429757899467","47.42279801542662"
"253000","48.17166824642669","47.75885990365501","48.68915276390257","51.17482274000755","50.57491535239153","51.54341933020651","47.64670888094483","47.30807487550452","48.15505737511131","47.76424676496577","47.12489860875433","48.742032538283695"
"254000","47.498527814925666","47.139481548862136","47.70585072202807","51.33804082679669","50.873719547974936","51.70484718729976","47.26375406469216","47.11471739159525","47.47115357566887","47.163503125740895","46.85310624663456","47.50837697703566"
"255000","47.862447758927736","47.625074505471474","48.28393074732929","51.058522916687785","50.372101163410164","52.164958042814845","47.42657539929122","46.97071450015243","48.282730016731875","47.20567632692022","46.986657115639055","47.315853097042215"
"256000","47.880401582688854","47.599727541534804","48.0407204497799","50.94686598169392","49.57475832882837","52.022911533511774","47.66158387671402","47.61142692079387","47.70430323475118","47.26391239721203","46.91275941123937","47.62912864484525"
"257000","47.75198920475405","47.09417900623145","48.16362413717173","50.43435217202718","49.59977236147965","51.04268263576011","47.10888466207876","46.82206200494414","47.42737382822097","47.110033957722784","46.705146386050735","47.37062192102758"
"258000","48.144710885044645","47.51102267980086","48.55602456528493","50.88002027334223","50.04982364316093","51.724156817828714","47.51696069348399","47.12873207920198","47.84757435936307","47.512820155193246","47.351068297932805","47.830657852609306"
"259000","47.8564859325322","46.97319897757867","48.39386906220137","50.4951939412376","50.08647570872724","50.74213031104093","47.13362545825475","46.74854635026732","47.3321191544219","46.888973508399225","46.619926483595144","47.32763251736715"
"260000","48.5265781302223","46.90305824920229","49.68830745531924","51.41057787648308","50.692244152469655","51.96550553576639","48.01340443746017","46.738962776263925","49.19134136503572","47.65088444559233","46.577010127003405","48.28231638013549"
"261000","47.824368157632335","47.769361340282735","47.90028340660298","50.90237989697234","50.13209903128122","51.423166143115104","47.52346911171926","47.28035064624023","47.748287487155025","47.079930336275936","46.78571173755625","47.49183480886545"
"262000","47.539135194928036","47.340943701323276","47.85069833743122","50.82645628754287","49.594810815088316","52.32975786142431","47.05768634589797","46.620796399249365","47.59612396203384","47.214644768421444","46.84531632640191","47.41446939260525"
"263000","48.02699742853175","47.6087266195365","48.68372850481957","51.3516705393381","50.6457711645644","51.92524521148708","47.829238678289954","47.54529744662147","48.27269734971322","47.51913974933549","46.94754476282179","48.09624298025957"
"264000","48.09874853644669","47.6692427248324","48.94285306589841","50.8968089857405","50.66484954765605","51.287719638184434","47.62442920827353","47.52283381328149","47.75900093355319","47.26117077273117","47.11706417349324","47.50190684277119"
"265000","48.27653444578908","47.74160021356136","48.645130886630824","51.09059256420688","50.604614802845326","52.04639259542269","47.66823989073473","47.46568234226105","47.82986075965708","47.65612683557481","47.02505165384765","48.23663240378002"
"266000","47.91347427491413","47.60059066390747","48.105010608376496","50.82603842748748","50.30319326359255","51.659446542404986","47.44791579490293","47.36626998806357","47.605754626214406","47.4744396539135","47.131780689722085","47.68606056170711"
"267000","48.56794151839242","47.677096274965024","49.690988257050904","51.309572980757025","50.78253352705329","51.99263949569433","47.91728241202315","47.59301236844101","48.36894719371652","47.592830051208715","46.97316103214627","48.31779485749587"
"268000","48.072097796415136","47.83545710529486","48.49631674739802","50.69453773578012","50.37480171989668","50.96235564168244","48.11922737961212","47.66779248680838","48.40794289465934","47.719759649773415","47.31874632439704","48.35169038067658"
"269000","48.11174978012841","47.82977105975957","48.30750809242769","51.27655056462163","50.77427800614598","51.63247000120167","47.869234002535485","47.44913145987263","48.27052718368999","47.36196757076559","46.97346183713727","47.88827419142302"
"270000","47.8069327145707","47.74610342203746","47.87891821458307","50.813353611210424","49.64140972433367","51.96358473207315","47.27800503159644","47.07526527172804","47.392500227120685","46.936365147945175","46.64972774983497","47.315386325419404"
"271000","47.33147134543325","47.03346783254291","47.762336252536954","50.86589668062956","50.04414315552486","51.56614513854547","47.55389001364787","46.94451149617313","48.01170291169718","47.30609809653649","46.588313387012754","48.02712747991495"
"272000","48.06910425331386","47.60320974023193","48.996213495234784","50.49568063768396","49.57980521632731","50.987419402898624","47.51734218276957","47.05080226888723","47.88684066056075","47.40190120672728","46.83349084069779","48.010011379173775"
"273000","47.99796819088797","47.66791273886153","48.18930377910771","51.279205062684376","51.23682970056006","51.35719733503391","47.86638375082265","47.53670310789531","48.088345916009565","47.39920591185978","47.25827870793767","47.57667176371541"
"274000","47.67571227412939","47.497744133830096","47.96138532555213","51.812240126671234","51.21731232475685","52.703917289973504","47.65423124142839","47.2406814733947","48.259148126881755","47.51613474319867","47.20763687826533","47.96373669153"
"275000","47.702509514222385","47.59119405700037","47.779051781527414","51.71879236361921","51.58834671258339","51.86199133007744","47.573497665851725","47.1230715338574","47.87417067932777","47.38501030321492","47.09459998012608","47.77596832050007"
"276000","47.934224944149115","47.334692062368156","48.454292574919556","51.11162198433289","50.80749895810067","51.690203386796796","47.88760974488557","47.39567012366556","48.36700023916664","47.837488223970574","47.41027508988109","48.21840481563321"
"277000","48.231242293989084","47.7295260903759","48.52114745349703","51.605618252862875","51.204186653911506","52.29943098871518","47.525519479821575","47.25778284955545","47.75338206961241","47.768211345907936","47.50371201741622","48.26808864262134"
"278000","47.6099118383606","47.177420642098696","48.35218117409369","51.402507128797","50.50178898513651","52.48317714662998","47.72351206231074","47.1430975935651","48.45781231373178","47.22196777310517","46.81722327102162","47.54743298052042"
"279000","48.08466952478117","47.241846776284056","49.054398819126035","51.125050033258084","50.45989640857111","51.740946619238095","47.40928209000564","47.237157311264674","47.73660482525232","47.07489790752516","46.957842199862256","47.13351964118215"
"280000","47.847936316788086","46.94414391694103","48.883257420494644","50.797379524448644","50.242862491477105","51.60492105020084","47.37265825824716","46.994412943147665","47.61838241604121","47.22098014264544","46.99471817283462","47.48653686927602"
"281000","47.775379847770125","47.53332326989801","48.03335430256854","51.516947792339636","51.353206955053786","51.73318354699921","47.51303489305212","47.04683901653476","47.767819285052425","47.247250506020066","47.16498416899861","47.33893140130832"
"282000","47.945916553504304","47.472895111259874","48.370789335374106","51.76825831899555","51.17346025221279","52.455796527733476","48.02709525772275","47.85887091868791","48.126855561992734","47.7376334867601","47.568380255425105","47.8874754439797"
"283000","47.568682236056226","47.17018608283386","47.97186874797801","51.37811036713591","50.87520033695457","52.03245057775837","47.25486904270425","47.0767848297916","47.407644322509384","47.115715213085856","46.83282572908931","47.313785609526995"
"284000","47.53097148362256","47.406041079899026","47.6668719798578","51.726654811317694","51.47219456386998","52.2034451253021","47.41277123649761","47.0668064818973","47.66327476049707","47.35985507586432","46.80504075564877","47.929218109859846"
"285000","47.90115790450244","47.34213167478757","48.48382650375126","50.874437638437534","49.789419609937816","51.925289780528594","47.64922195966668","47.091998539031735","47.96699612830854","47.3690425842139","46.93404350522011","47.60272762509247"
"286000","47.901294384582535","47.553144571039994","48.16854262720101","50.94316502779634","50.04316648625583","51.63775448299908","47.499624580570774","46.80035780127647","47.93901336559511","47.18629054988788","46.97464603466079","47.3524250531346"
"287000","47.35447788426212","46.971401820194544","47.72079204239118","50.81822127456121","49.59902129263781","52.02916880785455","46.89800265518952","46.56529796945916","47.247454017579614","46.857520063509696","46.721439059237355","47.007256385937225"
"288000","48.194026838636255","47.66854902805366","49.174389406671","51.29595418179003","51.06104164567478","51.5721271807137","47.59805468949596","47.1885067499816","48.38181360310364","47.26963088338957","46.873080055886554","47.918005740157845"
"289000","47.74088044575151","47.03251671619911","48.56088917178146","51.053128939391094","50.59847103590176","51.302354846426745","47.38468901734472","46.83889069404833","48.17469659343633","47.167570607390395","46.87217304930553","47.49501328770862"
"290000","47.67787273849441","47.39886760415732","47.96983008630095","51.402203094641095","50.26472982362442","52.19248477486536","47.507141853768225","47.28403580981562","47.78180117805937","47.41378804473913","47.26994975561272","47.53671012812215"
"291000","47.350166089891665","47.291486154507645","47.405006898725595","51.40272256217102","50.90274794255609","51.71089904687383","47.528358049781524","47.461279902912466","47.635819076518764","47.31324462284888","47.171115444691786","47.466128667567396"
"292000","47.73839987501728","47.1013272207113","48.8182529268194","51.63683073938626","51.14060657839652","52.05863728213876","47.118241697316044","46.68912623106202","47.69676611712082","47.29477065955303","46.78772168954296","47.75570614013767"
"293000","48.1609015207589","47.79391155687323","48.38928543823549","51.615382414362216","51.59381970766566","51.65468573384832","47.989026080241025","47.74774281822582","48.177117821943945","47.5048091805495","47.43165236441583","47.61190445467737"
"294000","48.31885166752445","47.77212015912204","48.83525664746864","51.657891394373074","51.2265993436517","52.26346666641025","47.548208594481025","47.31427743212529","47.70142964754234","47.51266464045347","47.073556193342874","47.83432664099445"
"295000","47.643901583348786","47.12138795873748","47.98994367172155","51.73424498581978","50.361927859260724","52.77345599125247","47.728441705525235","47.415737204347536","48.00756101115484","47.77100714526359","47.54668254460003","47.917307998919306"
"296000","48.32196366713901","47.54750836749027","48.95262368809653","51.21973219770458","50.58378353302271","52.142115070576935","47.43109805502556","47.10268877439838","47.82515931396403","47.29133443538148","47.0956087861854","47.45627038464889"
"297000","47.31490397350638","46.68522069394015","47.88678027788465","51.33215291386941","50.8083725517325","52.0879432632613","47.50273312714137","47.218279783281595","48.05107258794691","47.39826993788778","46.52675333314307","47.877562596940535"
"298000","47.95263443031529","47.228781752868144","48.750024606289486","51.72010070502562","51.052885673277125","52.46916847914756","47.94100633621837","47.30130386365389","48.448526114548045","47.644845434552686","47.269139613707374","47.96294258128404"
"299000","47.852721185767614","47.70060617625169","48.0300241667905","51.36805669513411","50.96823951299031","51.79656658196545","47.62195787752777","47.4051939123172","47.78079815901157","47.46565662719286","47.32549211868603","47.63409194510099"
"300000","48.338680204246764","47.785714829574175","48.81997353435714","51.25935973935042","50.81781027391455","51.90169888855786","48.059684041540834","47.65559710073219","48.58949397949598","47.79708355823453","47.34659144617609","48.61024580316582"